date,value1
2009-01-03,0.0
2009-01-04,0.0
2009-01-05,0.0
2009-01-06,0.0
2009-01-07,0.0
2009-01-08,0.0
2009-01-09,0.0
2009-01-10,0.0
2009-01-11,0.0
2009-01-12,0.0
2009-01-13,0.0
2009-01-14,0.0
2009-01-15,0.0
2009-01-16,0.0
2009-01-17,0.0
2009-01-18,0.0
2009-01-19,0.0
2009-01-20,0.0
2009-01-21,0.0
2009-01-22,0.0
2009-01-23,0.0
2009-01-24,0.0
2009-01-25,0.0
2009-01-26,0.0
2009-01-27,0.0
2009-01-28,0.0
2009-01-29,0.0
2009-01-30,0.0
2009-01-31,0.0
2009-02-01,0.0
2009-02-02,0.0
2009-02-03,0.0
2009-02-04,0.0
2009-02-05,0.0
2009-02-06,0.0
2009-02-07,0.0
2009-02-08,0.0
2009-02-09,0.0
2009-02-10,0.0
2009-02-11,0.0
2009-02-12,0.0
2009-02-13,0.0
2009-02-14,0.0
2009-02-15,0.0
2009-02-16,0.0
2009-02-17,0.0
2009-02-18,0.0
2009-02-19,0.0
2009-02-20,0.0
2009-02-21,0.0
2009-02-22,0.0
2009-02-23,0.0
2009-02-24,0.0
2009-02-25,0.0
2009-02-26,0.0
2009-02-27,0.0
2009-02-28,0.0
2009-03-01,0.0
2009-03-02,0.0
2009-03-03,0.0
2009-03-04,0.0
2009-03-05,0.0
2009-03-06,0.0
2009-03-07,0.0
2009-03-08,0.0
2009-03-09,0.0
2009-03-10,0.0
2009-03-11,0.0
2009-03-12,0.0
2009-03-13,0.0
2009-03-14,0.0
2009-03-15,0.0
2009-03-16,0.0
2009-03-17,0.0
2009-03-18,0.0
2009-03-19,0.0
2009-03-20,0.0
2009-03-21,0.0
2009-03-22,0.0
2009-03-23,0.0
2009-03-24,0.0
2009-03-25,0.0
2009-03-26,0.0
2009-03-27,0.0
2009-03-28,0.0
2009-03-29,0.0
2009-03-30,0.0
2009-03-31,0.0
2009-04-01,0.0
2009-04-02,0.0
2009-04-03,0.0
2009-04-04,0.0
2009-04-05,0.0
2009-04-06,0.0
2009-04-07,0.0
2009-04-08,0.0
2009-04-09,0.0
2009-04-10,0.0
2009-04-11,0.0
2009-04-12,0.0
2009-04-13,0.0
2009-04-14,0.0
2009-04-15,0.0
2009-04-16,0.0
2009-04-17,0.0
2009-04-18,0.0
2009-04-19,0.0
2009-04-20,0.0
2009-04-21,0.0
2009-04-22,0.0
2009-04-23,0.0
2009-04-24,0.0
2009-04-25,0.0
2009-04-26,0.0
2009-04-27,0.0
2009-04-28,0.0
2009-04-29,0.0
2009-04-30,0.0
2009-05-01,0.0
2009-05-02,0.0
2009-05-03,0.0
2009-05-04,0.0
2009-05-05,0.0
2009-05-06,0.0
2009-05-07,0.0
2009-05-08,0.0
2009-05-09,0.0
2009-05-10,0.0
2009-05-11,0.0
2009-05-12,0.0
2009-05-13,0.0
2009-05-14,0.0
2009-05-15,0.0
2009-05-16,0.0
2009-05-17,0.0
2009-05-18,0.0
2009-05-19,0.0
2009-05-20,0.0
2009-05-21,0.0
2009-05-22,0.0
2009-05-23,0.0
2009-05-24,0.0
2009-05-25,0.0
2009-05-26,0.0
2009-05-27,0.0
2009-05-28,0.0
2009-05-29,0.0
2009-05-30,0.0
2009-05-31,0.0
2009-06-01,0.0
2009-06-02,0.0
2009-06-03,0.0
2009-06-04,0.0
2009-06-05,0.0
2009-06-06,0.0
2009-06-07,0.0
2009-06-08,0.0
2009-06-09,0.0
2009-06-10,0.0
2009-06-11,0.0
2009-06-12,0.0
2009-06-13,0.0
2009-06-14,0.0
2009-06-15,0.0
2009-06-16,0.0
2009-06-17,0.0
2009-06-18,0.0
2009-06-19,0.0
2009-06-20,0.0
2009-06-21,0.0
2009-06-22,0.0
2009-06-23,0.0
2009-06-24,0.0
2009-06-25,0.0
2009-06-26,0.0
2009-06-27,0.0
2009-06-28,0.0
2009-06-29,0.0
2009-06-30,0.0
2009-07-01,0.0
2009-07-02,0.0
2009-07-03,0.0
2009-07-04,0.0
2009-07-05,0.0
2009-07-06,0.0
2009-07-07,0.0
2009-07-08,0.0
2009-07-09,0.0
2009-07-10,0.0
2009-07-11,0.0
2009-07-12,0.0
2009-07-13,0.0
2009-07-14,0.0
2009-07-15,0.0
2009-07-16,0.0
2009-07-17,0.0
2009-07-18,0.0
2009-07-19,0.0
2009-07-20,0.0
2009-07-21,0.0
2009-07-22,0.0
2009-07-23,0.0
2009-07-24,0.0
2009-07-25,0.0
2009-07-26,0.0
2009-07-27,0.0
2009-07-28,0.0
2009-07-29,0.0
2009-07-30,0.0
2009-07-31,0.0
2009-08-01,0.0
2009-08-02,0.0
2009-08-03,0.0
2009-08-04,0.0
2009-08-05,0.0
2009-08-06,0.0
2009-08-07,0.0
2009-08-08,0.0
2009-08-09,0.0
2009-08-10,0.0
2009-08-11,0.0
2009-08-12,0.0
2009-08-13,0.0
2009-08-14,0.0
2009-08-15,0.0
2009-08-16,0.0
2009-08-17,0.0
2009-08-18,0.0
2009-08-19,0.0
2009-08-20,0.0
2009-08-21,0.0
2009-08-22,0.0
2009-08-23,0.0
2009-08-24,0.0
2009-08-25,0.0
2009-08-26,0.0
2009-08-27,0.0
2009-08-28,0.0
2009-08-29,0.0
2009-08-30,0.0
2009-08-31,0.0
2009-09-01,0.0
2009-09-02,0.0
2009-09-03,0.0
2009-09-04,0.0
2009-09-05,0.0
2009-09-06,0.0
2009-09-07,0.0
2009-09-08,0.0
2009-09-09,0.0
2009-09-10,0.0
2009-09-11,0.0
2009-09-12,0.0
2009-09-13,0.0
2009-09-14,0.0
2009-09-15,0.0
2009-09-16,0.0
2009-09-17,0.0
2009-09-18,0.0
2009-09-19,0.0
2009-09-20,0.0
2009-09-21,0.0
2009-09-22,0.0
2009-09-23,0.0
2009-09-24,0.0
2009-09-25,0.0
2009-09-26,0.0
2009-09-27,0.0
2009-09-28,0.0
2009-09-29,0.0
2009-09-30,0.0
2009-10-01,0.0
2009-10-02,0.0
2009-10-03,0.0
2009-10-04,0.0
2009-10-05,0.0
2009-10-06,0.0
2009-10-07,0.0
2009-10-08,0.0
2009-10-09,0.0
2009-10-10,0.0
2009-10-11,0.0
2009-10-12,0.0
2009-10-13,0.0
2009-10-14,0.0
2009-10-15,0.0
2009-10-16,0.0
2009-10-17,0.0
2009-10-18,0.0
2009-10-19,0.0
2009-10-20,0.0
2009-10-21,0.0
2009-10-22,0.0
2009-10-23,0.0
2009-10-24,0.0
2009-10-25,0.0
2009-10-26,0.0
2009-10-27,0.0
2009-10-28,0.0
2009-10-29,0.0
2009-10-30,0.0
2009-10-31,0.0
2009-11-01,0.0
2009-11-02,0.0
2009-11-03,0.0
2009-11-04,0.0
2009-11-05,0.0
2009-11-06,0.0
2009-11-07,0.0
2009-11-08,0.0
2009-11-09,0.0
2009-11-10,0.0
2009-11-11,0.0
2009-11-12,0.0
2009-11-13,0.0
2009-11-14,0.0
2009-11-15,0.0
2009-11-16,0.0
2009-11-17,0.0
2009-11-18,0.0
2009-11-19,0.0
2009-11-20,0.0
2009-11-21,0.0
2009-11-22,0.0
2009-11-23,0.0
2009-11-24,0.0
2009-11-25,0.0
2009-11-26,0.0
2009-11-27,0.0
2009-11-28,0.0
2009-11-29,0.0
2009-11-30,0.0
2009-12-01,0.0
2009-12-02,0.0
2009-12-03,0.0
2009-12-04,0.0
2009-12-05,0.0
2009-12-06,0.0
2009-12-07,0.0
2009-12-08,0.0
2009-12-09,0.0
2009-12-10,0.0
2009-12-11,0.0
2009-12-12,0.0
2009-12-13,0.0
2009-12-14,0.0
2009-12-15,0.0
2009-12-16,0.0
2009-12-17,0.0
2009-12-18,0.0
2009-12-19,0.0
2009-12-20,0.0
2009-12-21,0.0
2009-12-22,0.0
2009-12-23,0.0
2009-12-24,0.0
2009-12-25,0.0
2009-12-26,0.0
2009-12-27,0.0
2009-12-28,0.0
2009-12-29,0.0
2009-12-30,0.0
2009-12-31,0.0
2010-01-01,0.0
2010-01-02,0.0
2010-01-03,0.0
2010-01-04,0.0
2010-01-05,0.0
2010-01-06,0.0
2010-01-07,0.0
2010-01-08,0.0
2010-01-09,0.0
2010-01-10,0.0
2010-01-11,0.0
2010-01-12,0.0
2010-01-13,0.0
2010-01-14,0.0
2010-01-15,0.0
2010-01-16,0.0
2010-01-17,0.0
2010-01-18,0.0
2010-01-19,0.0
2010-01-20,0.0
2010-01-21,0.0
2010-01-22,0.0
2010-01-23,0.0
2010-01-24,0.0
2010-01-25,0.0
2010-01-26,0.0
2010-01-27,0.0
2010-01-28,0.0
2010-01-29,0.0
2010-01-30,0.0
2010-01-31,0.0
2010-02-01,0.0
2010-02-02,0.0
2010-02-03,0.0
2010-02-04,0.0
2010-02-05,0.0
2010-02-06,0.0
2010-02-07,0.0
2010-02-08,0.0
2010-02-09,0.0
2010-02-10,0.0
2010-02-11,0.0
2010-02-12,0.0
2010-02-13,0.0
2010-02-14,0.0
2010-02-15,0.0
2010-02-16,0.0
2010-02-17,0.0
2010-02-18,0.0
2010-02-19,0.0
2010-02-20,0.0
2010-02-21,0.0
2010-02-22,0.0
2010-02-23,0.0
2010-02-24,0.0
2010-02-25,0.0
2010-02-26,0.0
2010-02-27,0.0
2010-02-28,0.0
2010-03-01,0.0
2010-03-02,0.0
2010-03-03,0.0
2010-03-04,0.0
2010-03-05,0.0
2010-03-06,0.0
2010-03-07,0.0
2010-03-08,0.0
2010-03-09,0.0
2010-03-10,0.0
2010-03-11,0.0
2010-03-12,0.0
2010-03-13,0.0
2010-03-14,0.0
2010-03-15,0.0
2010-03-16,0.0
2010-03-17,0.0
2010-03-18,0.0
2010-03-19,0.0
2010-03-20,0.0
2010-03-21,0.0
2010-03-22,0.0
2010-03-23,0.0
2010-03-24,0.0
2010-03-25,0.0
2010-03-26,0.0
2010-03-27,0.0
2010-03-28,0.0
2010-03-29,0.0
2010-03-30,0.0
2010-03-31,0.0
2010-04-01,0.0
2010-04-02,0.0
2010-04-03,0.0
2010-04-04,0.0
2010-04-05,0.0
2010-04-06,0.0
2010-04-07,0.0
2010-04-08,0.0
2010-04-09,0.0
2010-04-10,0.0
2010-04-11,0.0
2010-04-12,0.0
2010-04-13,0.0
2010-04-14,0.0
2010-04-15,0.0
2010-04-16,0.0
2010-04-17,0.0
2010-04-18,0.0
2010-04-19,0.0
2010-04-20,0.0
2010-04-21,0.0
2010-04-22,0.0
2010-04-23,0.0
2010-04-24,0.0
2010-04-25,0.0
2010-04-26,0.0
2010-04-27,0.0
2010-04-28,0.0
2010-04-29,0.0
2010-04-30,0.0
2010-05-01,0.0
2010-05-02,0.0
2010-05-03,0.0
2010-05-04,0.0
2010-05-05,0.0
2010-05-06,0.0
2010-05-07,0.0
2010-05-08,0.0
2010-05-09,0.0
2010-05-10,0.0
2010-05-11,0.0
2010-05-12,0.0
2010-05-13,0.0
2010-05-14,0.0
2010-05-15,0.0
2010-05-16,0.0
2010-05-17,0.0
2010-05-18,0.0
2010-05-19,0.0
2010-05-20,0.0
2010-05-21,0.0
2010-05-22,0.0
2010-05-23,0.0
2010-05-24,0.0
2010-05-25,0.0
2010-05-26,0.0
2010-05-27,0.0
2010-05-28,0.0
2010-05-29,0.0
2010-05-30,0.0
2010-05-31,0.0
2010-06-01,0.0
2010-06-02,0.0
2010-06-03,0.0
2010-06-04,0.0
2010-06-05,0.0
2010-06-06,0.0
2010-06-07,0.0
2010-06-08,0.0
2010-06-09,0.0
2010-06-10,0.0
2010-06-11,0.0
2010-06-12,0.0
2010-06-13,0.0
2010-06-14,0.0
2010-06-15,0.0
2010-06-16,0.0
2010-06-17,0.0
2010-06-18,0.0
2010-06-19,0.0
2010-06-20,0.0
2010-06-21,0.0
2010-06-22,0.0
2010-06-23,0.0
2010-06-24,0.0
2010-06-25,0.0
2010-06-26,0.0
2010-06-27,0.0
2010-06-28,0.0
2010-06-29,0.0
2010-06-30,0.0
2010-07-01,0.0
2010-07-02,0.0
2010-07-03,0.0
2010-07-04,0.0
2010-07-05,0.0
2010-07-06,0.0
2010-07-07,0.0
2010-07-08,0.0
2010-07-09,0.0
2010-07-10,0.0
2010-07-11,0.0
2010-07-12,0.0
2010-07-13,0.0
2010-07-14,0.0
2010-07-15,0.0
2010-07-16,0.0
2010-07-17,0.0
2010-07-18,0.0
2010-07-19,0.0
2010-07-20,0.0
2010-07-21,0.0
2010-07-22,0.0
2010-07-23,0.0
2010-07-24,0.0
2010-07-25,0.0
2010-07-26,0.0
2010-07-27,0.0
2010-07-28,0.0
2010-07-29,0.0
2010-07-30,0.0
2010-07-31,0.0
2010-08-01,0.0
2010-08-02,0.0
2010-08-03,0.0
2010-08-04,0.0
2010-08-05,0.0
2010-08-06,0.0
2010-08-07,0.0
2010-08-08,0.0
2010-08-09,0.0
2010-08-10,0.0
2010-08-11,0.0
2010-08-12,0.0
2010-08-13,0.0
2010-08-14,0.0
2010-08-15,0.0
2010-08-16,0.0
2010-08-17,0.0
2010-08-18,134.4
2010-08-19,0.0
2010-08-20,0.0
2010-08-21,0.0
2010-08-22,0.0
2010-08-23,0.0
2010-08-24,0.0
2010-08-25,0.0
2010-08-26,0.0
2010-08-27,0.0
2010-08-28,0.0
2010-08-29,0.0
2010-08-30,0.0
2010-08-31,0.0
2010-09-01,0.0
2010-09-02,0.0
2010-09-03,0.0
2010-09-04,0.0
2010-09-05,0.0
2010-09-06,0.0
2010-09-07,0.0
2010-09-08,0.0
2010-09-09,0.0
2010-09-10,0.0
2010-09-11,0.0
2010-09-12,0.0
2010-09-13,0.0
2010-09-14,0.0
2010-09-15,0.0
2010-09-16,0.0
2010-09-17,0.0
2010-09-18,0.0
2010-09-19,0.0
2010-09-20,0.0
2010-09-21,0.0
2010-09-22,0.0
2010-09-23,0.0
2010-09-24,0.0
2010-09-25,0.0
2010-09-26,0.0
2010-09-27,0.0
2010-09-28,0.0
2010-09-29,0.0
2010-09-30,0.0
2010-10-01,0.0
2010-10-02,0.0
2010-10-03,0.0
2010-10-04,0.0
2010-10-05,0.0
2010-10-06,0.0
2010-10-07,0.0
2010-10-08,0.0
2010-10-09,0.0
2010-10-10,0.0
2010-10-11,0.0
2010-10-12,0.0
2010-10-13,0.0
2010-10-14,0.0
2010-10-15,0.0
2010-10-16,0.0
2010-10-17,0.0
2010-10-18,0.0
2010-10-19,0.0
2010-10-20,0.0
2010-10-21,0.0
2010-10-22,0.0
2010-10-23,0.0
2010-10-24,0.0
2010-10-25,0.0
2010-10-26,0.0
2010-10-27,0.0
2010-10-28,0.0
2010-10-29,0.0
2010-10-30,0.0
2010-10-31,0.0
2010-11-01,0.0
2010-11-02,0.0
2010-11-03,0.0
2010-11-04,0.0
2010-11-05,0.0
2010-11-06,0.0
2010-11-07,0.0
2010-11-08,0.0
2010-11-09,0.0
2010-11-10,0.0
2010-11-11,0.0
2010-11-12,0.0
2010-11-13,0.0
2010-11-14,0.0
2010-11-15,0.0
2010-11-16,0.0
2010-11-17,0.0
2010-11-18,0.0
2010-11-19,0.0
2010-11-20,0.0
2010-11-21,0.0
2010-11-22,0.0
2010-11-23,0.0
2010-11-24,0.0
2010-11-25,0.0
2010-11-26,0.0
2010-11-27,0.0
2010-11-28,0.0
2010-11-29,0.0
2010-11-30,0.0
2010-12-01,0.0
2010-12-02,0.0
2010-12-03,0.0
2010-12-04,0.0
2010-12-05,0.0
2010-12-06,0.0
2010-12-07,0.0
2010-12-08,0.0
2010-12-09,0.0
2010-12-10,0.0
2010-12-11,0.0
2010-12-12,0.0
2010-12-13,0.0
2010-12-14,0.0
2010-12-15,0.0
2010-12-16,0.0
2010-12-17,0.0
2010-12-18,0.0
2010-12-19,0.0
2010-12-20,0.0
2010-12-21,0.0
2010-12-22,0.0
2010-12-23,0.0
2010-12-24,0.0
2010-12-25,0.0
2010-12-26,0.0
2010-12-27,0.0
2010-12-28,0.0
2010-12-29,0.0
2010-12-30,0.0
2010-12-31,0.0
2011-01-01,0.0
2011-01-02,0.0
2011-01-03,0.0
2011-01-04,0.0
2011-01-05,0.0
2011-01-06,0.0
2011-01-07,0.0
2011-01-08,0.0
2011-01-09,0.0
2011-01-10,0.0
2011-01-11,0.0
2011-01-12,0.0
2011-01-13,0.0
2011-01-14,0.0
2011-01-15,0.0
2011-01-16,0.0
2011-01-17,0.0
2011-01-18,0.0
2011-01-19,0.0
2011-01-20,0.0
2011-01-21,0.0
2011-01-22,0.0
2011-01-23,0.0
2011-01-24,0.0
2011-01-25,0.0
2011-01-26,0.0
2011-01-27,0.0
2011-01-28,0.0
2011-01-29,0.0
2011-01-30,0.0
2011-01-31,0.0
2011-02-01,0.0
2011-02-02,0.0
2011-02-03,0.0
2011-02-04,0.0
2011-02-05,0.0
2011-02-06,0.0
2011-02-07,0.0
2011-02-08,0.0
2011-02-09,0.0
2011-02-10,0.0
2011-02-11,0.0
2011-02-12,0.0
2011-02-13,0.0
2011-02-14,0.0
2011-02-15,0.0
2011-02-16,0.0
2011-02-17,0.0
2011-02-18,0.0
2011-02-19,0.0
2011-02-20,0.0
2011-02-21,0.0
2011-02-22,0.0
2011-02-23,0.0
2011-02-24,0.0
2011-02-25,0.0
2011-02-26,0.0
2011-02-27,0.0
2011-02-28,0.0
2011-03-01,0.0
2011-03-02,0.0
2011-03-03,0.0
2011-03-04,0.0
2011-03-05,0.0
2011-03-06,0.0
2011-03-07,0.0
2011-03-08,0.0
2011-03-09,0.0
2011-03-10,0.0
2011-03-11,0.0
2011-03-12,0.0
2011-03-13,0.0
2011-03-14,0.0
2011-03-15,0.0
2011-03-16,0.0
2011-03-17,0.0
2011-03-18,0.0
2011-03-19,0.0
2011-03-20,0.0
2011-03-21,0.0
2011-03-22,0.0
2011-03-23,0.0
2011-03-24,0.0
2011-03-25,0.0
2011-03-26,0.0
2011-03-27,0.0
2011-03-28,0.0
2011-03-29,0.0
2011-03-30,0.0
2011-03-31,0.0
2011-04-01,0.0
2011-04-02,0.0
2011-04-03,0.0
2011-04-04,0.0
2011-04-05,0.0
2011-04-06,0.0
2011-04-07,0.0
2011-04-08,0.0
2011-04-09,0.0
2011-04-10,0.0
2011-04-11,0.0
2011-04-12,0.0
2011-04-13,0.0
2011-04-14,0.0
2011-04-15,0.0
2011-04-16,0.0
2011-04-17,0.0
2011-04-18,0.0
2011-04-19,0.0
2011-04-20,0.0
2011-04-21,0.0
2011-04-22,0.0
2011-04-23,0.0
2011-04-24,0.0
2011-04-25,0.0
2011-04-26,0.0
2011-04-27,0.0
2011-04-28,0.0
2011-04-29,0.0
2011-04-30,0.0
2011-05-01,0.0
2011-05-02,0.0
2011-05-03,0.0
2011-05-04,0.0
2011-05-05,0.0
2011-05-06,0.0
2011-05-07,0.0
2011-05-08,0.0
2011-05-09,0.0
2011-05-10,0.0
2011-05-11,0.0
2011-05-12,0.0
2011-05-13,0.0
2011-05-14,0.0
2011-05-15,0.0
2011-05-16,0.0
2011-05-17,0.0
2011-05-18,0.0
2011-05-19,0.0
2011-05-20,0.0
2011-05-21,0.0
2011-05-22,0.0
2011-05-23,0.0
2011-05-24,0.0
2011-05-25,0.0
2011-05-26,0.0
2011-05-27,0.0
2011-05-28,0.0
2011-05-29,0.0
2011-05-30,0.0
2011-05-31,0.0
2011-06-01,0.0
2011-06-02,0.0
2011-06-03,0.0
2011-06-04,0.0
2011-06-05,0.0
2011-06-06,0.0
2011-06-07,0.0
2011-06-08,0.0
2011-06-09,0.0
2011-06-10,0.0
2011-06-11,0.0
2011-06-12,0.0
2011-06-13,0.0
2011-06-14,0.0
2011-06-15,0.0
2011-06-16,0.0
2011-06-17,0.0
2011-06-18,0.0
2011-06-19,0.0
2011-06-20,0.0
2011-06-21,0.0
2011-06-22,0.0
2011-06-23,0.0
2011-06-24,0.0
2011-06-25,0.0
2011-06-26,0.0
2011-06-27,0.0
2011-06-28,0.0
2011-06-29,0.0
2011-06-30,0.0
2011-07-01,0.0
2011-07-02,0.0
2011-07-03,0.0
2011-07-04,0.0
2011-07-05,0.0
2011-07-06,0.0
2011-07-07,0.0
2011-07-08,0.0
2011-07-09,0.0
2011-07-10,0.0
2011-07-11,0.0
2011-07-12,0.0
2011-07-13,0.0
2011-07-14,0.0
2011-07-15,0.0
2011-07-16,0.0
2011-07-17,0.0
2011-07-18,0.0
2011-07-19,0.0
2011-07-20,0.0
2011-07-21,0.0
2011-07-22,0.0
2011-07-23,0.0
2011-07-24,0.0
2011-07-25,0.0
2011-07-26,0.0
2011-07-27,0.0
2011-07-28,0.0
2011-07-29,0.0
2011-07-30,0.0
2011-07-31,0.0
2011-08-01,0.0
2011-08-02,0.0
2011-08-03,0.0
2011-08-04,0.0
2011-08-05,0.0
2011-08-06,0.0
2011-08-07,0.0
2011-08-08,0.0
2011-08-09,0.0
2011-08-10,0.0
2011-08-11,0.0
2011-08-12,0.0
2011-08-13,0.0
2011-08-14,0.0
2011-08-15,0.0
2011-08-16,0.0
2011-08-17,0.0
2011-08-18,0.0
2011-08-19,0.0
2011-08-20,0.0
2011-08-21,0.0
2011-08-22,0.0
2011-08-23,0.0
2011-08-24,0.0
2011-08-25,0.0
2011-08-26,0.0
2011-08-27,0.0
2011-08-28,0.0
2011-08-29,0.0
2011-08-30,0.0
2011-08-31,0.0
2011-09-01,0.0
2011-09-02,0.0
2011-09-03,0.0
2011-09-04,0.0
2011-09-05,0.0
2011-09-06,0.0
2011-09-07,0.0
2011-09-08,0.0
2011-09-09,0.0
2011-09-10,0.0
2011-09-11,0.0
2011-09-12,0.0
2011-09-13,0.0
2011-09-14,0.0
2011-09-15,0.0
2011-09-16,0.0
2011-09-17,0.0
2011-09-18,0.0
2011-09-19,0.0
2011-09-20,0.0
2011-09-21,0.0
2011-09-22,0.0
2011-09-23,0.0
2011-09-24,0.0
2011-09-25,0.0
2011-09-26,0.0
2011-09-27,0.0
2011-09-28,0.0
2011-09-29,0.0
2011-09-30,0.0
2011-10-01,0.0
2011-10-02,0.0
2011-10-03,0.0
2011-10-04,0.0
2011-10-05,0.0
2011-10-06,0.0
2011-10-07,0.0
2011-10-08,0.0
2011-10-09,0.0
2011-10-10,0.0
2011-10-11,0.0
2011-10-12,0.0
2011-10-13,0.0
2011-10-14,0.0
2011-10-15,0.0
2011-10-16,0.0
2011-10-17,0.0
2011-10-18,0.0
2011-10-19,0.0
2011-10-20,0.0
2011-10-21,0.0
2011-10-22,0.0
2011-10-23,0.0
2011-10-24,0.0
2011-10-25,0.0
2011-10-26,0.0
2011-10-27,0.0
2011-10-28,0.0
2011-10-29,0.0
2011-10-30,0.0
2011-10-31,0.0
2011-11-01,0.0
2011-11-02,0.0
2011-11-03,0.0
2011-11-04,0.0
2011-11-05,0.0
2011-11-06,0.0
2011-11-07,0.0
2011-11-08,0.0
2011-11-09,0.0
2011-11-10,0.0
2011-11-11,0.0
2011-11-12,0.0
2011-11-13,0.0
2011-11-14,0.0
2011-11-15,0.0
2011-11-16,0.0
2011-11-17,0.0
2011-11-18,0.0
2011-11-19,0.0
2011-11-20,0.0
2011-11-21,0.0
2011-11-22,0.0
2011-11-23,0.0
2011-11-24,0.0
2011-11-25,0.0
2011-11-26,0.0
2011-11-27,0.0
2011-11-28,0.0
2011-11-29,0.0
2011-11-30,0.0
2011-12-01,0.0
2011-12-02,0.0
2011-12-03,0.0
2011-12-04,0.0
2011-12-05,0.0
2011-12-06,0.0
2011-12-07,0.0
2011-12-08,0.0
2011-12-09,0.0
2011-12-10,0.0
2011-12-11,0.0
2011-12-12,0.0
2011-12-13,0.0
2011-12-14,0.0
2011-12-15,0.0
2011-12-16,0.0
2011-12-17,0.0
2011-12-18,0.0
2011-12-19,0.0
2011-12-20,0.0
2011-12-21,0.0
2011-12-22,0.0
2011-12-23,0.0
2011-12-24,0.0
2011-12-25,0.0
2011-12-26,0.0
2011-12-27,0.0
2011-12-28,0.0
2011-12-29,0.0
2011-12-30,0.0
2011-12-31,0.0
2012-01-01,0.0
2012-01-02,0.0
2012-01-03,0.0
2012-01-04,0.0
2012-01-05,0.0
2012-01-06,0.0
2012-01-07,0.0
2012-01-08,0.0
2012-01-09,0.0
2012-01-10,0.0
2012-01-11,0.0
2012-01-12,0.0
2012-01-13,0.0
2012-01-14,0.0
2012-01-15,0.0
2012-01-16,0.0
2012-01-17,0.0
2012-01-18,0.0
2012-01-19,0.0
2012-01-20,0.0
2012-01-21,0.0
2012-01-22,0.0
2012-01-23,0.0
2012-01-24,0.0
2012-01-25,0.0
2012-01-26,0.0
2012-01-27,0.0
2012-01-28,0.0
2012-01-29,0.0
2012-01-30,0.0
2012-01-31,0.0
2012-02-01,0.0
2012-02-02,0.0
2012-02-03,0.0
2012-02-04,0.0
2012-02-05,0.0
2012-02-06,0.0
2012-02-07,0.0
2012-02-08,0.0
2012-02-09,0.0
2012-02-10,0.0
2012-02-11,0.0
2012-02-12,0.0
2012-02-13,0.0
2012-02-14,0.0
2012-02-15,0.0
2012-02-16,0.0
2012-02-17,0.0
2012-02-18,0.0
2012-02-19,0.0
2012-02-20,0.0
2012-02-21,0.0
2012-02-22,0.0
2012-02-23,0.0
2012-02-24,0.0
2012-02-25,0.0
2012-02-26,0.0
2012-02-27,0.0
2012-02-28,0.0
2012-02-29,0.0
2012-03-01,0.0
2012-03-02,0.0
2012-03-03,0.0
2012-03-04,0.0
2012-03-05,0.0
2012-03-06,0.0
2012-03-07,0.0
2012-03-08,0.0
2012-03-09,0.0
2012-03-10,0.0
2012-03-11,0.0
2012-03-12,0.0
2012-03-13,0.0
2012-03-14,0.0
2012-03-15,0.0
2012-03-16,0.0
2012-03-17,0.0
2012-03-18,0.0
2012-03-19,0.0
2012-03-20,0.0
2012-03-21,0.0
2012-03-22,0.0
2012-03-23,0.0
2012-03-24,0.0
2012-03-25,0.0
2012-03-26,0.0
2012-03-27,0.0
2012-03-28,0.0
2012-03-29,0.0
2012-03-30,0.0
2012-03-31,0.0
2012-04-01,0.0
2012-04-02,0.0
2012-04-03,0.0
2012-04-04,0.0
2012-04-05,0.0
2012-04-06,0.0
2012-04-07,0.0
2012-04-08,0.0
2012-04-09,0.0
2012-04-10,0.0
2012-04-11,0.0
2012-04-12,0.0
2012-04-13,0.0
2012-04-14,0.0
2012-04-15,0.0
2012-04-16,0.0
2012-04-17,0.0
2012-04-18,0.0
2012-04-19,0.0
2012-04-20,0.0
2012-04-21,0.0
2012-04-22,0.0
2012-04-23,0.0
2012-04-24,0.0
2012-04-25,0.0
2012-04-26,0.0
2012-04-27,0.0
2012-04-28,0.0
2012-04-29,0.0
2012-04-30,0.0
2012-05-01,0.0
2012-05-02,0.0
2012-05-03,0.0
2012-05-04,0.0
2012-05-05,0.0
2012-05-06,0.0
2012-05-07,0.0
2012-05-08,0.0
2012-05-09,0.0
2012-05-10,0.0
2012-05-11,0.0
2012-05-12,0.0
2012-05-13,0.0
2012-05-14,0.0
2012-05-15,0.0
2012-05-16,0.0
2012-05-17,0.0
2012-05-18,0.0
2012-05-19,0.0
2012-05-20,0.0
2012-05-21,0.0
2012-05-22,0.0
2012-05-23,0.0
2012-05-24,0.0
2012-05-25,0.0
2012-05-26,0.0
2012-05-27,0.0
2012-05-28,0.0
2012-05-29,0.0
2012-05-30,0.0
2012-05-31,0.0
2012-06-01,0.0
2012-06-02,0.0
2012-06-03,0.0
2012-06-04,0.0
2012-06-05,0.0
2012-06-06,0.0
2012-06-07,0.0
2012-06-08,0.0
2012-06-09,0.0
2012-06-10,0.0
2012-06-11,0.0
2012-06-12,0.0
2012-06-13,0.0
2012-06-14,0.0
2012-06-15,0.0
2012-06-16,0.0
2012-06-17,0.0
2012-06-18,0.0
2012-06-19,0.0
2012-06-20,0.0
2012-06-21,0.0
2012-06-22,0.0
2012-06-23,0.0
2012-06-24,0.0
2012-06-25,0.0
2012-06-26,0.0
2012-06-27,0.0
2012-06-28,0.0
2012-06-29,0.0
2012-06-30,0.0
2012-07-01,0.0
2012-07-02,0.0
2012-07-03,0.0
2012-07-04,0.0
2012-07-05,0.0
2012-07-06,0.0
2012-07-07,0.0
2012-07-08,0.0
2012-07-09,0.0
2012-07-10,0.0
2012-07-11,0.0
2012-07-12,0.0
2012-07-13,0.0
2012-07-14,0.0
2012-07-15,0.0
2012-07-16,0.0
2012-07-17,0.0
2012-07-18,0.0
2012-07-19,0.0
2012-07-20,0.0
2012-07-21,0.0
2012-07-22,0.0
2012-07-23,0.0
2012-07-24,0.0
2012-07-25,0.0
2012-07-26,0.0
2012-07-27,0.0
2012-07-28,0.0
2012-07-29,0.0
2012-07-30,0.0
2012-07-31,0.0
2012-08-01,0.0
2012-08-02,0.0
2012-08-03,0.0
2012-08-04,0.0
2012-08-05,0.0
2012-08-06,0.0
2012-08-07,0.0
2012-08-08,0.0
2012-08-09,0.0
2012-08-10,0.0
2012-08-11,0.0
2012-08-12,0.0
2012-08-13,0.0
2012-08-14,0.0
2012-08-15,0.0
2012-08-16,0.0
2012-08-17,0.0
2012-08-18,0.0
2012-08-19,0.0
2012-08-20,0.0
2012-08-21,0.0
2012-08-22,0.0
2012-08-23,0.0
2012-08-24,0.0
2012-08-25,471155.0875
2012-08-26,339726.4722
2012-08-27,0.0
2012-08-28,0.0
2012-08-29,0.0
2012-08-30,0.0
2012-08-31,0.0
2012-09-01,0.0
2012-09-02,0.0
2012-09-03,0.0
2012-09-04,0.0
2012-09-05,0.0
2012-09-06,0.0
2012-09-07,0.0
2012-09-08,0.0
2012-09-09,0.0
2012-09-10,0.0
2012-09-11,0.0
2012-09-12,0.0
2012-09-13,0.0
2012-09-14,0.0
2012-09-15,0.0
2012-09-16,0.0
2012-09-17,0.0
2012-09-18,0.0
2012-09-19,0.0
2012-09-20,0.0
2012-09-21,0.0
2012-09-22,0.0
2012-09-23,0.0
2012-09-24,0.0
2012-09-25,0.0
2012-09-26,0.0
2012-09-27,0.0
2012-09-28,0.0
2012-09-29,0.0
2012-09-30,0.0
2012-10-01,0.0
2012-10-02,0.0
2012-10-03,0.0
2012-10-04,0.0
2012-10-05,0.0
2012-10-06,0.0
2012-10-07,0.0
2012-10-08,0.0
2012-10-09,0.0
2012-10-10,0.0
2012-10-11,0.0
2012-10-12,0.0
2012-10-13,0.0
2012-10-14,0.0
2012-10-15,0.0
2012-10-16,0.0
2012-10-17,0.0
2012-10-18,0.0
2012-10-19,0.0
2012-10-20,0.0
2012-10-21,0.0
2012-10-22,0.0
2012-10-23,0.0
2012-10-24,0.0
2012-10-25,0.0
2012-10-26,0.0
2012-10-27,0.0
2012-10-28,0.0
2012-10-29,0.0
2012-10-30,0.0
2012-10-31,0.0
2012-11-01,0.0
2012-11-02,0.0
2012-11-03,0.0
2012-11-04,0.0
2012-11-05,0.0
2012-11-06,0.0
2012-11-07,0.0
2012-11-08,0.0
2012-11-09,0.0
2012-11-10,0.0
2012-11-11,0.0
2012-11-12,0.0
2012-11-13,0.0
2012-11-14,0.0
2012-11-15,0.0
2012-11-16,0.0
2012-11-17,0.0
2012-11-18,0.0
2012-11-19,0.0
2012-11-20,0.0
2012-11-21,0.0
2012-11-22,0.0
2012-11-23,0.0
2012-11-24,0.0
2012-11-25,0.0
2012-11-26,0.0
2012-11-27,0.0
2012-11-28,0.0
2012-11-29,0.0
2012-11-30,0.0
2012-12-01,0.0
2012-12-02,0.0
2012-12-03,0.0
2012-12-04,0.0
2012-12-05,0.0
2012-12-06,0.0
2012-12-07,0.0
2012-12-08,0.0
2012-12-09,0.0
2012-12-10,0.0
2012-12-11,0.0
2012-12-12,371503.2684
2012-12-13,481296.666
2012-12-14,0.0
2012-12-15,0.0
2012-12-16,0.0
2012-12-17,0.0
2012-12-18,0.0
2012-12-19,0.0
2012-12-20,0.0
2012-12-21,0.0
2012-12-22,0.0
2012-12-23,0.0
2012-12-24,0.0
2012-12-25,0.0
2012-12-26,0.0
2012-12-27,0.0
2012-12-28,0.0
2012-12-29,0.0
2012-12-30,0.0
2012-12-31,0.0
2013-01-01,0.0
2013-01-02,0.0
2013-01-03,0.0
2013-01-04,0.0
2013-01-05,0.0
2013-01-06,0.0
2013-01-07,0.0
2013-01-08,0.0
2013-01-09,0.0
2013-01-10,0.0
2013-01-11,0.0
2013-01-12,0.0
2013-01-13,0.0
2013-01-14,0.0
2013-01-15,0.0
2013-01-16,0.0
2013-01-17,0.0
2013-01-18,0.0
2013-01-19,0.0
2013-01-20,0.0
2013-01-21,0.0
2013-01-22,0.0
2013-01-23,0.0
2013-01-24,0.0
2013-01-25,0.0
2013-01-26,0.0
2013-01-27,0.0
2013-01-28,0.0
2013-01-29,0.0
2013-01-30,0.0
2013-01-31,0.0
2013-02-01,0.0
2013-02-02,0.0
2013-02-03,0.0
2013-02-04,0.0
2013-02-05,0.0
2013-02-06,0.0
2013-02-07,0.0
2013-02-08,1206092.751
2013-02-09,909971.946
2013-02-10,909820.5829
2013-02-11,1348915.8249
2013-02-12,729666.8685
2013-02-13,1868574.8315
2013-02-14,2173200.759
2013-02-15,3986596.016
2013-02-16,1409124.0735
2013-02-17,517118.5437
2013-02-18,2073688.0983
2013-02-19,802580.2654
2013-02-20,2938056.6908
2013-02-21,1108427.8095
2013-02-22,1034310.8125
2013-02-23,2043434.2488
2013-02-24,2153145.956
2013-02-25,722771.8575
2013-02-26,813827.456
2013-02-27,1333684.248
2013-02-28,945409.3625
2013-03-01,4230277.5168
2013-03-02,1371975.3
2013-03-03,1260510.97
2013-03-04,429441.2275
2013-03-05,1700646.22
2013-03-06,3472289.667
2013-03-07,5310771.9
2013-03-08,0.0
2013-03-09,2062888.96
2013-03-10,2105337.5239
2013-03-11,1657668.072
2013-03-12,1962049.926
2013-03-13,8158211.5344
2013-03-14,2327304.6036
2013-03-15,1735913.2362
2013-03-16,954491.447
2013-03-17,770380.5375
2013-03-18,656841.2588
2013-03-19,3375507.498
2013-03-20,6644393.326
2013-03-21,0.0
2013-03-22,6772093.6775
2013-03-23,5138791.0125
2013-03-24,9613098.612
2013-03-25,3051700.0221
2013-03-26,5834147.904
2013-03-27,4435460.9888
2013-03-28,6407562.912
2013-03-29,12109512.625
2013-03-30,7559747.0275
2013-03-31,3449440.625
2013-04-01,1968048.71
2013-04-02,9411651.6
2013-04-03,9529646.0664
2013-04-04,19722304.14
2013-04-05,11728749.97
2013-04-06,9742177.06
2013-04-07,2623467.48
2013-04-08,9919692.793
2013-04-09,21337456.8816
2013-04-10,24395134.6795
2013-04-11,30107695.0804
2013-04-12,15108183.776
2013-04-13,0.0
2013-04-14,28526787
2013-04-15,28526787
2013-04-16,39557268.792
2013-04-17,38956134.44
2013-04-18,30731043.624
2013-04-19,19026611.01
2013-04-20,30821196.8388
2013-04-21,9465886.875
2013-04-22,11809307.72
2013-04-23,7472027.22
2013-04-24,16598713.5
2013-04-25,35009964.7146
2013-04-26,26631461.2329
2013-04-27,17667770.71
2013-04-28,7698378.46
2013-04-29,3701182.9428
2013-04-30,10137883.833
2013-05-01,9067318.89
2013-05-02,21038061.33
2013-05-03,24112587.636
2013-05-04,23726299.52
2013-05-05,15122225.508
2013-05-06,9750629.967
2013-05-07,16840245.218
2013-05-08,15496082.916
2013-05-09,7109505.8285
2013-05-10,3038034.5018
2013-05-11,9076960.684
2013-05-12,3248609.0496
2013-05-13,2368179.047
2013-05-14,3080309.4747
2013-05-15,9642025.12
2013-05-16,13625174.7314
2013-05-17,4849307.7394
2013-05-18,10297629.4224
2013-05-19,2790550.26
2013-05-20,2497811.1246
2013-05-21,2103682.1494
2013-05-22,1634982.408
2013-05-23,2241317.07
2013-05-24,2797850.216
2013-05-25,6484573.0978
2013-05-26,2219378.8525
2013-05-27,3113915.535
2013-05-28,6073220.8624
2013-05-29,2944146.36
2013-05-30,2538895.212
2013-05-31,3166356.06
2013-06-01,2119774.0862
2013-06-02,818734.065
2013-06-03,12369924.0032
2013-06-04,3438009.7644
2013-06-05,2722441.5998
2013-06-06,2022419.739
2013-06-07,2607752.2077
2013-06-08,7339966.95
2013-06-09,1848744.5241
2013-06-10,14879154.912
2013-06-11,6803929.872
2013-06-12,1733915.32
2013-06-13,1903804.231
2013-06-14,3144556.358
2013-06-15,3593507.1548
2013-06-16,2240987.3364
2013-06-17,860747.391
2013-06-18,1532117.8535
2013-06-19,6493974.2466
2013-06-20,1876004.1904
2013-06-21,4767441.3648
2013-06-22,4166371.4804
2013-06-23,779442.8125
2013-06-24,1185563.1706
2013-06-25,2959724.4946
2013-06-26,9714068.226
2013-06-27,1360888.88
2013-06-28,1475742.3452
2013-06-29,4492672.9905
2013-06-30,2414868.0766
2013-07-01,825747.805
2013-07-02,4571517.66
2013-07-03,2493969.6705
2013-07-04,5674172.0685
2013-07-05,5115546.0948
2013-07-06,6249744.6176
2013-07-07,2866985.7839
2013-07-08,3120555.75
2013-07-09,4569996.7817
2013-07-10,2470556.855
2013-07-11,5225816.736
2013-07-12,3144456.119
2013-07-13,9513515.5362
2013-07-14,3355722.86
2013-07-15,1161358.6465
2013-07-16,3357190.536
2013-07-17,1531533.4335
2013-07-18,1658608.952
2013-07-19,5309536.237
2013-07-20,2468011.32
2013-07-21,810580.4749
2013-07-22,777705.1956
2013-07-23,758948.7766
2013-07-24,2273428.7804
2013-07-25,1306782.2092
2013-07-26,2101653.41
2013-07-27,1002056.0782
2013-07-28,1379554.488
2013-07-29,4147378.935
2013-07-30,2428236.7804
2013-07-31,2897173.51
2013-08-01,4759776.738
2013-08-02,1463856.6406
2013-08-03,2779311.26
2013-08-04,875589.454
2013-08-05,642864.1926
2013-08-06,1549355.624
2013-08-07,1302961.3344
2013-08-08,720574.0749
2013-08-09,2392450.5142
2013-08-10,1128720.356
2013-08-11,351366.99
2013-08-12,826442.4
2013-08-13,2036034.864
2013-08-14,1911240.0765
2013-08-15,1785788.9868
2013-08-16,935028.0256
2013-08-17,914325.3075
2013-08-18,550794.0516
2013-08-19,274252.698
2013-08-20,2080086.7395
2013-08-21,1207277.8752
2013-08-22,2642284.0089
2013-08-23,1341616.1625
2013-08-24,1019789.98
2013-08-25,471837.888
2013-08-26,1056962.4384
2013-08-27,1213841.5317
2013-08-28,2186360.586
2013-08-29,1243932.184
2013-08-30,1160334.225
2013-08-31,2168732.964
2013-09-01,2564351.8488
2013-09-02,1052395.2728
2013-09-03,1165618.1081
2013-09-04,1548146.0265
2013-09-05,2300374.3303
2013-09-06,2359078.6831
2013-09-07,2262467.0983
2013-09-08,1179615.8648
2013-09-09,644605.7192
2013-09-10,2567241.1124
2013-09-11,1387485.7594
2013-09-12,2334960.369
2013-09-13,1772859.0381
2013-09-14,1180192.3068
2013-09-15,1084304.9235
2013-09-16,669466.773
2013-09-17,960302.494
2013-09-18,1146911.8705
2013-09-19,1716234.408
2013-09-20,1271204.5822
2013-09-21,1291997.5152
2013-09-22,512778.0108
2013-09-23,352317.38
2013-09-24,942716.1095
2013-09-25,1268995.6125
2013-09-26,990317.084
2013-09-27,976549.2345
2013-09-28,1507204.195
2013-09-29,799892.2404
2013-09-30,856731.9839
2013-10-01,1455541.3
2013-10-02,957715.7156
2013-10-03,6292503.0855
2013-10-04,3061539.2598
2013-10-05,1617802.368
2013-10-06,356647.968
2013-10-07,480937.3866
2013-10-08,1447189.812
2013-10-09,1648226.716
2013-10-10,2387323.354
2013-10-11,1453048.116
2013-10-12,999339.0609
2013-10-13,969229.7796
2013-10-14,1666687.2618
2013-10-15,2871306.8223
2013-10-16,2806041.3436
2013-10-17,3914282.8803
2013-10-18,2455437.9144
2013-10-19,4179716.176
2013-10-20,9980994.6048
2013-10-21,2079827.7192
2013-10-22,5919618.33
2013-10-23,7949181.57
2013-10-24,4910689.602
2013-10-25,10911606.4986
2013-10-26,6122147.724
2013-10-27,1734472.3892
2013-10-28,1959107.5022
2013-10-29,2077516.004
2013-10-30,1933511.04
2013-10-31,2592701.7732
2013-11-01,2792462.9592
2013-11-02,1007872.67
2013-11-03,1326902.8032
2013-11-04,2326086.168
2013-11-05,6524796.7575
2013-11-06,11137723.6672
2013-11-07,10024923.513
2013-11-08,14459640.0914
2013-11-09,13422120.66
2013-11-10,14438001.6
2013-11-11,22181780.64
2013-11-12,9336402.5511
2013-11-13,6968337.285
2013-11-14,15231842.91
2013-11-15,13077376.25
2013-11-16,13318140.4569
2013-11-17,7864793.2864
2013-11-18,12318018.25
2013-11-19,37667486.532
2013-11-20,39187621.53
2013-11-21,34141996.989
2013-11-22,22456619.131
2013-11-23,19979749.2
2013-11-24,16889956.2041
2013-11-25,16235433.5
2013-11-26,18763528.0752
2013-11-27,27250359.8712
2013-11-28,29251070.35
2013-11-29,37478428.353
2013-11-30,24828141.4165
2013-12-01,14458653.808
2013-12-02,58711378.9724
2013-12-03,32956819.9912
2013-12-04,13189282.8291
2013-12-05,16426078.997
2013-12-06,57138458.4
2013-12-07,41630800
2013-12-08,56810719.117
2013-12-09,21622973.256
2013-12-10,25168191.96
2013-12-11,22555749.3148
2013-12-12,27792027.6336
2013-12-13,12247225.8832
2013-12-14,13072901.4
2013-12-15,6334297.4662
2013-12-16,10064417.952
2013-12-17,40515364.8
2013-12-18,29020977.6744
2013-12-19,71600918.22
2013-12-20,38897908.973
2013-12-21,25078609.1323
2013-12-22,11593320.741
2013-12-23,10855499.648
2013-12-24,8612473.506
2013-12-25,8388973.46
2013-12-26,4517004.0048
2013-12-27,20937991.68
2013-12-28,11771842.402
2013-12-29,9571647.8
2013-12-30,5917082.6106
2013-12-31,4861931.1
2014-01-01,5801531.88
2014-01-02,5925092.2914
2014-01-03,11813689.7493
2014-01-04,11996329.8024
2014-01-05,9109037.6982
2014-01-06,21795284.9256
2014-01-07,23700401.3664
2014-01-08,26849295.5
2014-01-09,21724079.547
2014-01-10,20915435.5956
2014-01-11,10974053.3167
2014-01-12,14404273.2
2014-01-13,10317975.4204
2014-01-14,15939888.69
2014-01-15,7936416.0
2014-01-16,10334044.1127
2014-01-17,6683690.4805
2014-01-18,13550573.52
2014-01-19,4483770.096
2014-01-20,7059461.643
2014-01-21,5767890.3465
2014-01-22,6349164.6878
2014-01-23,6813369.9208
2014-01-24,5995499.8784
2014-01-25,12279425.849
2014-01-26,7037462.95
2014-01-27,7899701.5409
2014-01-28,18826062.7857
2014-01-29,15746786.368
2014-01-30,5693488.16
2014-01-31,10507896
2014-02-01,6203897.7
2014-02-02,6780244.2312
2014-02-03,3317735.1676
2014-02-04,3988427.52
2014-02-05,6096300.08
2014-02-06,6591101.11
2014-02-07,15790419.533
2014-02-08,46804036.7025
2014-02-09,9466292.528
2014-02-10,10387707.2825
2014-02-11,49469695.6284
2014-02-12,27029485.025
2014-02-13,10120555.5079
2014-02-14,16931715.1
2014-02-15,46055404.7043
2014-02-16,13621299.8856
2014-02-17,16454504.3436
2014-02-18,12629318.3876
2014-02-19,9332972.9051
2014-02-20,6958454.57
2014-02-21,19683088.04
2014-02-22,17146611.085
2014-02-23,11071874.4576
2014-02-24,12599747.1215
2014-02-25,28249060.8764
2014-02-26,0.0
2014-02-27,28862469.4185
2014-02-28,9949946.487
2014-03-01,12530144.97
2014-03-02,8103483.8796
2014-03-03,3609221.55
2014-03-04,44237592.6876
2014-03-05,18874058.24
2014-03-06,8532289.929
2014-03-07,6950374.8
2014-03-08,13570695.9904
2014-03-09,6031839.3366
2014-03-10,5815852.731
2014-03-11,8456225.3971
2014-03-12,5794220.502
2014-03-13,8089732.863
2014-03-14,4313170.3971
2014-03-15,5469467.1822
2014-03-16,1403979.9128
2014-03-17,2090545.8275
2014-03-18,0.0
2014-03-19,9180273.3911
2014-03-20,4331268.8
2014-03-21,6382524.672
2014-03-22,12836786.3323
2014-03-23,7669603.725
2014-03-24,3383113.1296
2014-03-25,8031253.1232
2014-03-26,4709236.1048
2014-03-27,6001943.285
2014-03-28,22649551.282
2014-03-29,17766055.776
2014-03-30,3669546.3
2014-03-31,14381632.8816
2014-04-01,9510860.2578
2014-04-02,11069067.3
2014-04-03,15131201.3512
2014-04-04,12067476.3192
2014-04-05,7135073.12
2014-04-06,2941239.91
2014-04-07,2459524.12
2014-04-08,3331199.4717
2014-04-09,2665800.81
2014-04-10,3539452.7244
2014-04-11,18230234.67
2014-04-12,17919545.498
2014-04-13,4624978.554
2014-04-14,4588060.0308
2014-04-15,15471146.8628
2014-04-16,17021803.81
2014-04-17,16183543.8096
2014-04-18,10007497.842
2014-04-19,5372537.418
2014-04-20,5182862.652
2014-04-21,2914052.7234
2014-04-22,4176593.8492
2014-04-23,4121418.5208
2014-04-24,2843648.0811
2014-04-25,3993448.305
2014-04-26,14983214.1791
2014-04-27,4099197.6256
2014-04-28,3607646.856
2014-04-29,8566934.7492
2014-04-30,6205893.12
2014-05-01,4861252.6681
2014-05-02,4406324.6457
2014-05-03,3762723.546
2014-05-04,3269631.2
2014-05-05,1977398.7275
2014-05-06,3815808.17
2014-05-07,3441714.012
2014-05-08,5829236.0016
2014-05-09,2766110.9295
2014-05-10,4082047.58
2014-05-11,1873914.79
2014-05-12,3889416.478
2014-05-13,2031951.625
2014-05-14,2620878.9376
2014-05-15,2844759.5375
2014-05-16,2454588.8059
2014-05-17,1604427.3056
2014-05-18,1072813.359
2014-05-19,1116943.4593
2014-05-20,2114654.4
2014-05-21,13758716.5392
2014-05-22,3521976.4618
2014-05-23,9098536.8448
2014-05-24,10289145.555
2014-05-25,2968812.7461
2014-05-26,11276874.3506
2014-05-27,6778384.8768
2014-05-28,11364807.702
2014-05-29,5200879.6
2014-05-30,4631951.9337
2014-05-31,13980467.748
2014-06-01,6075496.28
2014-06-02,15165768.8405
2014-06-03,13311959.4
2014-06-04,9101432.6946
2014-06-05,11160396.7444
2014-06-06,7112332.182
2014-06-07,4146207.89
2014-06-08,3813891.624
2014-06-09,1707138.9245
2014-06-10,4410980.2017
2014-06-11,3834902.092
2014-06-12,6450427.8646
2014-06-13,14241713.301
2014-06-14,11105617.728
2014-06-15,9358300.2648
2014-06-16,5313533.5401
2014-06-17,6366995.48
2014-06-18,3965892.8
2014-06-19,4148688.0
2014-06-20,2479579.3965
2014-06-21,4253524.5732
2014-06-22,1722683.8576
2014-06-23,2339421.1836
2014-06-24,3115477.885
2014-06-25,3698806.0914
2014-06-26,5032837.8228
2014-06-27,2689215.0796
2014-06-28,5457662.71
2014-06-29,1822858.1
2014-06-30,1005979.2334
2014-07-01,9862075.8115
2014-07-02,6103232.9825
2014-07-03,3432108.8331
2014-07-04,3230499.4835
2014-07-05,5471361.0336
2014-07-06,1153436.45
2014-07-07,2115588.8924
2014-07-08,4438254.41
2014-07-09,1672213.4799
2014-07-10,1432301.094
2014-07-11,3908285.352
2014-07-12,3827432.64
2014-07-13,2446570.1496
2014-07-14,2618163.1814
2014-07-15,2372823.4128
2014-07-16,2216958.7494
2014-07-17,3281589.7169
2014-07-18,3076388.994
2014-07-19,3183538.314
2014-07-20,1222351.2
2014-07-21,918987.63
2014-07-22,2449290.1713
2014-07-23,2084694.2
2014-07-24,2498800.4379
2014-07-25,6197070.4908
2014-07-26,2929599.622
2014-07-27,2146515.226
2014-07-28,2248402.7064
2014-07-29,6212563.7496
2014-07-30,2393816.75
2014-07-31,5918341.027
2014-08-01,5449448.4468
2014-08-02,7133219.1656
2014-08-03,2080592.3592
2014-08-04,1627714.8229
2014-08-05,3102683.815
2014-08-06,4006014.7736
2014-08-07,4431556.7586
2014-08-08,2590252.1026
2014-08-09,2570750.455
2014-08-10,961985.464
2014-08-11,1891342.721
2014-08-12,3483919.2544
2014-08-13,3685238.7858
2014-08-14,14029610.3138
2014-08-15,12994532.8974
2014-08-16,8343302.704
2014-08-17,6616986.8324
2014-08-18,5155516.4947
2014-08-19,13687232.587
2014-08-20,8730383.9
2014-08-21,9975870.96
2014-08-22,7407298.6928
2014-08-23,7882218.512
2014-08-24,4230571.5765
2014-08-25,2926877.6769
2014-08-26,2881655.525
2014-08-27,3459555.264
2014-08-28,3993556.2534
2014-08-29,3601875.5136
2014-08-30,3691258.703
2014-08-31,2206138.47
2014-09-01,5403358.3772
2014-09-02,4327120.8592
2014-09-03,3480814.8534
2014-09-04,2251445.56
2014-09-05,5268356.442
2014-09-06,5118483.6171
2014-09-07,1332257.8569
2014-09-08,1359783.1203
2014-09-09,6812513.562
2014-09-10,4312800.7205
2014-09-11,5505843.6198
2014-09-12,3791991.4296
2014-09-13,2895656.62
2014-09-14,2782026.9744
2014-09-15,1842086.0465
2014-09-16,2918242.0064
2014-09-17,2766525.804
2014-09-18,5664894.411
2014-09-19,9378125.2984
2014-09-20,11767720.3875
2014-09-21,8173876.2508
2014-09-22,5718501.5605
2014-09-23,4316304.3945
2014-09-24,11891586.3347
2014-09-25,6001795.8016
2014-09-26,6151824.525
2014-09-27,4012699.65
2014-09-28,2177480.976
2014-09-29,6042883.722
2014-09-30,7495719.63
2014-10-01,5593043.0136
2014-10-02,5005596.562
2014-10-03,3897691.6206
2014-10-04,7318369.379
2014-10-05,9536882.3587
2014-10-06,19983592.9692
2014-10-07,22795539.5213
2014-10-08,7660089.3368
2014-10-09,10220503.02
2014-10-10,17386292.1297
2014-10-11,7432879.86
2014-10-12,3608703.0315
2014-10-13,5406042.432
2014-10-14,10240093.3596
2014-10-15,9993680.55
2014-10-16,7556518.9912
2014-10-17,8743976.3295
2014-10-18,4028042.7736
2014-10-19,2762915.48
2014-10-20,1266088.912
2014-10-21,4610337.0038
2014-10-22,3068666.7402
2014-10-23,3193703.3594
2014-10-24,7504086.176
2014-10-25,5618226.6008
2014-10-26,3821514.47
2014-10-27,2852579.345
2014-10-28,3328191.757
2014-10-29,2492771.477
2014-10-30,4457769.7144
2014-10-31,4881499.194
2014-11-01,2537964.8976
2014-11-02,4848838.1553
2014-11-03,2717870.8248
2014-11-04,3678657.5121
2014-11-05,4527694.3679
2014-11-06,5183009.8266
2014-11-07,5014394.8608
2014-11-08,2483642.3952
2014-11-09,1291511.9052
2014-11-10,3869014.0914
2014-11-11,7047967.366
2014-11-12,2780715.3045
2014-11-13,18441416.3732
2014-11-14,21017467.1722
2014-11-15,8710699.4741
2014-11-16,5449925.7758
2014-11-17,3776195.0486
2014-11-18,9453830.2361
2014-11-19,5649976.9144
2014-11-20,3455563.839
2014-11-21,5841267.1374
2014-11-22,5336373.975
2014-11-23,2353456.4304
2014-11-24,2920028.4256
2014-11-25,7147941.579
2014-11-26,6083210.6192
2014-11-27,4775090.1146
2014-11-28,2300477.1597
2014-11-29,5202188.2872
2014-11-30,2726903.5888
2014-12-01,1158266.4075
2014-12-02,2606330.423
2014-12-03,2491715.5902
2014-12-04,3180303.8074
2014-12-05,4498314.2604
2014-12-06,3282769.52
2014-12-07,890983.782
2014-12-08,936900.3569
2014-12-09,3770700.1911
2014-12-10,7383787.068
2014-12-11,2296778.6621
2014-12-12,5776249.1516
2014-12-13,2853880.1438
2014-12-14,1352147.5968
2014-12-15,2328483.684
2014-12-16,2823218.6948
2014-12-17,5893534.9424
2014-12-18,7564472.136
2014-12-19,6747076.7624
2014-12-20,5090096.5005
2014-12-21,3771988.1472
2014-12-22,2028288.0
2014-12-23,3932890.7046
2014-12-24,2588032.082
2014-12-25,1904562.2512
2014-12-26,1241457.6466
2014-12-27,2110273.1442
2014-12-28,2750871.2129
2014-12-29,1309528.9147
2014-12-30,2170830.914
2014-12-31,2764121.35
2015-01-01,2015097.8055
2015-01-02,991953.7176
2015-01-03,1094418.7827
2015-01-04,5966762.646
2015-01-05,11109155.7345
2015-01-06,13989426.4904
2015-01-07,10348878.518
2015-01-08,9296662.221
2015-01-09,9261600.399
2015-01-10,8400488.8812
2015-01-11,8115245.5722
2015-01-12,2994281.3112
2015-01-13,3244851.0718
2015-01-14,13066868.94
2015-01-15,21350194.88
2015-01-16,17610691.6986
2015-01-17,7250849.5904
2015-01-18,3806239.7847
2015-01-19,3876162.4098
2015-01-20,2815608.2662
2015-01-21,2960184.7202
2015-01-22,0.0
2015-01-23,5933243.9145
2015-01-24,3572572.8585
2015-01-25,3419049.82
2015-01-26,7333970.8024
2015-01-27,15316981.134
2015-01-28,5577777.6336
2015-01-29,6634468.27
2015-01-30,6134493.9728
2015-01-31,4672347.6775
2015-02-01,4165894.705
2015-02-02,4260557.5974
2015-02-03,3715137.6663
2015-02-04,3988923.9926
2015-02-05,3400203.3813
2015-02-06,2812659.6648
2015-02-07,2428824.9384
2015-02-08,2229924.156
2015-02-09,3084622.3142
2015-02-10,4280748.3102
2015-02-11,1517643.5596
2015-02-12,2338397.424
2015-02-13,1545266.8689
2015-02-14,5083208.311
2015-02-15,5100737.675
2015-02-16,6828681.7746
2015-02-17,2910492.06
2015-02-18,3219458.2319
2015-02-19,3049793.3312
2015-02-20,2095337.617
2015-02-21,2304698.7224
2015-02-22,731873.9725
2015-02-23,1828321.1244
2015-02-24,1509812.165
2015-02-25,1237085.0514
2015-02-26,906089.8126
2015-02-27,1297764.7611
2015-02-28,5551101.6827
2015-03-01,1419374.385
2015-03-02,2491829.8475
2015-03-03,4966115.1855
2015-03-04,5868456.3844
2015-03-05,3872538.873
2015-03-06,3126380.2963
2015-03-07,1868628.2292
2015-03-08,1578384.0324
2015-03-09,1221588.5
2015-03-10,3438431.4618
2015-03-11,3811441.0
2015-03-12,1989294.824
2015-03-13,2332853.634
2015-03-14,2697971.4171
2015-03-15,1555762.956
2015-03-16,697043.095
2015-03-17,1882917.7344
2015-03-18,1833379.7216
2015-03-19,5561780.1499
2015-03-20,3927810.8157
2015-03-21,1489959.87
2015-03-22,1202219.759
2015-03-23,1583288.7525
2015-03-24,2315865.8741
2015-03-25,4619359.85
2015-03-26,0.0
2015-03-27,2090932.5311
2015-03-28,1507092.2778
2015-03-29,1439491.6464
2015-03-30,1621283.6808
2015-03-31,1961464.24
2015-04-01,1986656.472
2015-04-02,1535267.8948
2015-04-03,2469675.0256
2015-04-04,1299066.12
2015-04-05,690291.8774
2015-04-06,1506006.2004
2015-04-07,1527372.2346
2015-04-08,1525083.357
2015-04-09,2856839.65
2015-04-10,2146559.94
2015-04-11,2724945.68
2015-04-12,970652.5212
2015-04-13,750487.815
2015-04-14,3104225.6067
2015-04-15,4011501.1223
2015-04-16,2212431.864
2015-04-17,2467237.5
2015-04-18,1777936.248
2015-04-19,1032440.1648
2015-04-20,1313111.8331
2015-04-21,1338576.1774
2015-04-22,2328884.3155
2015-04-23,2567616.6082
2015-04-24,1973073.6162
2015-04-25,1961172.998
2015-04-26,1204729.4907
2015-04-27,2472326.4384
2015-04-28,3132613.1445
2015-04-29,2108340.416
2015-04-30,1948964.2212
2015-05-01,2948242.2158
2015-05-02,1547771.5446
2015-05-03,1007850.2633
2015-05-04,1059000.9969
2015-05-05,1783949.29
2015-05-06,2041110.4798
2015-05-07,1979105.6124
2015-05-08,2614622.5952
2015-05-09,2317325.5884
2015-05-10,1335239.4861
2015-05-11,841557.2094
2015-05-12,2332391.181
2015-05-13,2015649.042
2015-05-14,2179359.9275
2015-05-15,1826350.477
2015-05-16,1078326.8097
2015-05-17,795921.5691
2015-05-18,620907.3738
2015-05-19,1733701.1485
2015-05-20,1288756.846
2015-05-21,1832280.6438
2015-05-22,1084170.15
2015-05-23,2491546.068
2015-05-24,769155.9776
2015-05-25,699665.6625
2015-05-26,1324211.3397
2015-05-27,2025264.2304
2015-05-28,2017013.7863
2015-05-29,1183233.2428
2015-05-30,1449876.0048
2015-05-31,990720.009
2015-06-01,996462.0596
2015-06-02,2722815.5856
2015-06-03,1745900.3219
2015-06-04,1299861.514
2015-06-05,1085853.5296
2015-06-06,1876411.1076
2015-06-07,623127.8042
2015-06-08,739776.7364
2015-06-09,2046968.4644
2015-06-10,2077600.98
2015-06-11,1444215.552
2015-06-12,1082688.9384
2015-06-13,1351595.504
2015-06-14,928766.425
2015-06-15,832003.4398
2015-06-16,2474934.36
2015-06-17,4488143.4198
2015-06-18,4191968.7915
2015-06-19,2774658.0292
2015-06-20,1634650.9135
2015-06-21,1105440.2975
2015-06-22,473743.718
2015-06-23,1247020.1149
2015-06-24,1225045.3416
2015-06-25,1610305.604
2015-06-26,1211070.5616
2015-06-27,1281124.199
2015-06-28,1783480.4676
2015-06-29,1517629.2208
2015-06-30,3936878.8515
2015-07-01,5228101.5927
2015-07-02,3449410.8916
2015-07-03,2506550.3728
2015-07-04,2343369.94
2015-07-05,2059798.6458
2015-07-06,5783243.0776
2015-07-07,5377393.809
2015-07-08,3676715.9964
2015-07-09,4335683.1977
2015-07-10,3742801.44
2015-07-11,8305400.9048
2015-07-12,3410493.5716
2015-07-13,6985899.8875
2015-07-14,8692723.6968
2015-07-15,2967723.8832
2015-07-16,2815364.979
2015-07-17,5856474.6292
2015-07-18,3209370.9106
2015-07-19,2590637.8598
2015-07-20,1457194.9795
2015-07-21,2459855.3937
2015-07-22,2488902.68
2015-07-23,2335420.549
2015-07-24,1780957.4782
2015-07-25,4577494.12
2015-07-26,2183621.5212
2015-07-27,1544332.68
2015-07-28,4311794.3778
2015-07-29,2586590.0544
2015-07-30,2961136.956
2015-07-31,2343295.6875
2015-08-01,2250276.6897
2015-08-02,1994725.3335
2015-08-03,1281691.8532
2015-08-04,1758543.3488
2015-08-05,1772771.25
2015-08-06,1841426.72
2015-08-07,1967639.2872
2015-08-08,2425290.8688
2015-08-09,2691512.6126
2015-08-10,2353797.729
2015-08-11,2564634.3522
2015-08-12,2274318.8812
2015-08-13,2547131.7276
2015-08-14,2863585.7904
2015-08-15,2128338.8434
2015-08-16,1436351.3203
2015-08-17,2467192.1463
2015-08-18,2217899.1574
2015-08-19,3511192.6185
2015-08-20,5575042.0875
2015-08-21,3720105.2078
2015-08-22,2404662.1422
2015-08-23,3653763.96
2015-08-24,2915321.211
2015-08-25,7932773.1816
2015-08-26,9396236.7206
2015-08-27,5409804.072
2015-08-28,3228241.7303
2015-08-29,5305797.0896
2015-08-30,3557779.2939
2015-08-31,3533942.4192
2015-09-01,3642568.815
2015-09-02,5452898.7789
2015-09-03,4921790.3616
2015-09-04,4484506.4108
2015-09-05,4818819.123
2015-09-06,4739102.4366
2015-09-07,6187326.212
2015-09-08,5566863.6671
2015-09-09,5866339.357
2015-09-10,5541270.922
2015-09-11,4940577.6992
2015-09-12,3314029.6854
2015-09-13,4090970.6793
2015-09-14,4512413.7
2015-09-15,3831923.4447
2015-09-16,3970525.535
2015-09-17,4148975.2968
2015-09-18,3400336.2813
2015-09-19,4524564.8264
2015-09-20,2585884.7925
2015-09-21,3084422.4936
2015-09-22,3185725.4737
2015-09-23,4455143.0496
2015-09-24,3116907.0026
2015-09-25,5663214.18
2015-09-26,5305732.8734
2015-09-27,3534985.2058
2015-09-28,4069138.8645
2015-09-29,4200623.2356
2015-09-30,4710068.6556
2015-10-01,4930863.5365
2015-10-02,4844212.7981
2015-10-03,4028869.988
2015-10-04,4262097.2397
2015-10-05,3564285.024
2015-10-06,4881543.024
2015-10-07,6608546.324
2015-10-08,5776768.1073
2015-10-09,3374830.5362
2015-10-10,3467579.6659
2015-10-11,4258224.3976
2015-10-12,4747418.6292
2015-10-13,2606205.905
2015-10-14,6466622.6288
2015-10-15,6810484.2874
2015-10-16,5608681.18
2015-10-17,9118255.68
2015-10-18,6852977.9056
2015-10-19,2611070.8728
2015-10-20,4389432.475
2015-10-21,7834005.045
2015-10-22,5473681.1659
2015-10-23,8290061.385
2015-10-24,6010672.0462
2015-10-25,5812868.1604
2015-10-26,8441415.976
2015-10-27,6146627.8662
2015-10-28,10009963.8045
2015-10-29,9523730.4594
2015-10-30,10178830.4325
2015-10-31,12928076.6565
2015-11-01,8919365.481
2015-11-02,4659865.5912
2015-11-03,16287293.8458
2015-11-04,31163707.43
2015-11-05,43374357.6
2015-11-06,23331396.7308
2015-11-07,17548684.1926
2015-11-08,10200179.1438
2015-11-09,10157591.394
2015-11-10,9695175.4772
2015-11-11,16598537.9249
2015-11-12,15916251.9152
2015-11-13,12835814.5627
2015-11-14,8366036.2323
2015-11-15,8450794.176
2015-11-16,8867123.5828
2015-11-17,7367350.224
2015-11-18,9318901.34
2015-11-19,9056533.38
2015-11-20,8807603.932
2015-11-21,6852320.2484
2015-11-22,1657233.8601
2015-11-23,1342618.526
2015-11-24,1650375.5512
2015-11-25,2763927.08
2015-11-26,4031317.433
2015-11-27,12760865.0169
2015-11-28,4787408.7
2015-11-29,2240472.96
2015-11-30,2904080.41
2015-12-01,6823690.0354
2015-12-02,5590225.8078
2015-12-03,4432702.5588
2015-12-04,4409145.9954
2015-12-05,3625598.8188
2015-12-06,6460977.6705
2015-12-07,5678050.38
2015-12-08,5948669.1656
2015-12-09,4528932.408
2015-12-10,8971415.3397
2015-12-11,3519878.3355
2015-12-12,12990132.7962
2015-12-13,13096215.804
2015-12-14,5046072.4514
2015-12-15,5975830.535
2015-12-16,8341525.236
2015-12-17,10703517.6718
2015-12-18,3015277.149
2015-12-19,5971185.99
2015-12-20,3151203.64
2015-12-21,7363108.8566
2015-12-22,8309217.9445
2015-12-23,3541699.248
2015-12-24,3153717.056
2015-12-25,4626576.0
2015-12-26,1312304.61
2015-12-27,11119297.5245
2015-12-28,2936051.331
2015-12-29,3191369.3603
2015-12-30,4501186.0509
2015-12-31,3319566.1609
2016-01-01,2860153.0242
2016-01-02,1646041.755
2016-01-03,1287045.5504
2016-01-04,1967359.3366
2016-01-05,2484225.2226
2016-01-06,1677504.0775
2016-01-07,2364801.9252
2016-01-08,7685811.486
2016-01-09,4677703.9728
2016-01-10,1970361.9144
2016-01-11,1823926.2448
2016-01-12,3582603.5752
2016-01-13,2840679.17
2016-01-14,4538868.4242
2016-01-15,1903928.829
2016-01-16,13476522.825
2016-01-17,9805923.7689
2016-01-18,3204406.656
2016-01-19,2705125.9613
2016-01-20,2698115.4123
2016-01-21,10593189.908
2016-01-22,3899725.767
2016-01-23,5608294.16
2016-01-24,2976583.9622
2016-01-25,2196280.7594
2016-01-26,3126402.246
2016-01-27,2599020.5106
2016-01-28,1677851.9432
2016-01-29,4337164.58
2016-01-30,5113886.1048
2016-01-31,984052.034
2016-02-01,1529686.9524
2016-02-02,2701707.5715
2016-02-03,2130335.5995
2016-02-04,2609699.0112
2016-02-05,5209435.44
2016-02-06,2843677.3242
2016-02-07,2152719.7335
2016-02-08,1082358.75
2016-02-09,2582424.8355
2016-02-10,2160510.9152
2016-02-11,3787559.3118
2016-02-12,2830500.354
2016-02-13,2293910.2074
2016-02-14,2713128.1344
2016-02-15,4068327.8116
2016-02-16,3165711.3474
2016-02-17,3399915.2
2016-02-18,4906136.4564
2016-02-19,3620456.3131
2016-02-20,2110655.6878
2016-02-21,4799144.763
2016-02-22,4768834.5
2016-02-23,2559334.9832
2016-02-24,4397932.5
2016-02-25,3079156.4304
2016-02-26,2363228.6296
2016-02-27,1957278.3
2016-02-28,1837373.5798
2016-02-29,1493821.132
2016-03-01,3715143.995
2016-03-02,2997796.1748
2016-03-03,2421748.875
2016-03-04,3165320.124
2016-03-05,3108197.628
2016-03-06,6594012.9727
2016-03-07,2359103.5776
2016-03-08,2446224.2007
2016-03-09,2301767.077
2016-03-10,2011814.7324
2016-03-11,2171732.16
2016-03-12,2516555.5253
2016-03-13,1883392.124
2016-03-14,1375653.3565
2016-03-15,1852141.869
2016-03-16,1902534.19
2016-03-17,1700553.6576
2016-03-18,1558879.4349
2016-03-19,2595898.4352
2016-03-20,1185064.8459
2016-03-21,1060913.1582
2016-03-22,1463452.375
2016-03-23,1644474.0104
2016-03-24,2067894.7164
2016-03-25,1153728.3681
2016-03-26,1076681.034
2016-03-27,522917.8752
2016-03-28,2141150.0
2016-03-29,1388498.8674
2016-03-30,2467410.471
2016-03-31,2002365.0658
2016-04-01,1565178.4798
2016-04-02,1558131.7632
2016-04-03,868902.5943
2016-04-04,552085.8367
2016-04-05,1459218.3483
2016-04-06,1668377.9054
2016-04-07,1009133.328
2016-04-08,1347766.5325
2016-04-09,1915407.561
2016-04-10,1510801.723
2016-04-11,741403.575
2016-04-12,1479940.3762
2016-04-13,2585913.5016
2016-04-14,1661294.8845
2016-04-15,1637835.1968
2016-04-16,1893694.131
2016-04-17,795354.4586
2016-04-18,642118.737
2016-04-19,1361332.7
2016-04-20,1653545.2715
2016-04-21,3357182.5246
2016-04-22,2447770.93
2016-04-23,2462251.506
2016-04-24,1016783.8464
2016-04-25,3267685.096
2016-04-26,2590337.625
2016-04-27,2165967.4545
2016-04-28,3145711.1289
2016-04-29,3942954.2498
2016-04-30,1355694.5637
2016-05-01,1088710.7924
2016-05-02,538938.63
2016-05-03,2821255.6448
2016-05-04,2513056.4761
2016-05-05,1482396.1684
2016-05-06,1111826.7603
2016-05-07,2588082.6546
2016-05-08,922396.0998
2016-05-09,618906.4071
2016-05-10,1630197.4278
2016-05-11,2588829.54
2016-05-12,1520211.0504
2016-05-13,1559619.9432
2016-05-14,1292090.163
2016-05-15,628658.287
2016-05-16,737305.2544
2016-05-17,1427548.52
2016-05-18,1601134.8812
2016-05-19,1181964.1575
2016-05-20,2591780.9085
2016-05-21,1533628.2884
2016-05-22,849358.7798
2016-05-23,1028462.0779
2016-05-24,1172368.6051
2016-05-25,1367343.931
2016-05-26,1645517.51
2016-05-27,1703491.6585
2016-05-28,5748024.5928
2016-05-29,6618263.8144
2016-05-30,4201822.496
2016-05-31,3197985.7074
2016-06-01,6420111.8632
2016-06-02,2935866.2025
2016-06-03,2122162.52
2016-06-04,4962277.41
2016-06-05,3603347.6125
2016-06-06,3108612.2105
2016-06-07,2590286.686
2016-06-08,3887983.206
2016-06-09,1904346.29
2016-06-10,2166874.9008
2016-06-11,1999140.609
2016-06-12,2390804.7618
2016-06-13,9494228.6385
2016-06-14,12204617.1
2016-06-15,7278985.7789
2016-06-16,4007337.4088
2016-06-17,13723510.95
2016-06-18,10983151.289
2016-06-19,4438797.3212
2016-06-20,1987272.1045
2016-06-21,5761034.2316
2016-06-22,21974290.214
2016-06-23,9646073.9018
2016-06-24,15216711.3216
2016-06-25,10751720
2016-06-26,4342287.3296
2016-06-27,3680549.0722
2016-06-28,5574406.0895
2016-06-29,3607885.248
2016-06-30,5789334.2913
2016-07-01,5019136.608
2016-07-02,4346584.5294
2016-07-03,3852213.861
2016-07-04,4817101.131
2016-07-05,2917189.9094
2016-07-06,2088815.96
2016-07-07,2399003.3312
2016-07-08,8116497.07
2016-07-09,4364747.79
2016-07-10,4006561.526
2016-07-11,1502110.247
2016-07-12,1933834.606
2016-07-13,2846618.325
2016-07-14,4287469.1057
2016-07-15,1578440.8024
2016-07-16,2142395.5036
2016-07-17,1114496.1432
2016-07-18,2338217.3144
2016-07-19,2028219.0744
2016-07-20,1286049.73
2016-07-21,2276154.975
2016-07-22,1667556.32
2016-07-23,3360487.5075
2016-07-24,855099.5532
2016-07-25,944103.9448
2016-07-26,1596350.005
2016-07-27,2313936.1296
2016-07-28,1748153.5991
2016-07-29,1248010.4966
2016-07-30,854022.4592
2016-07-31,467480.8008
2016-08-01,3080886.2973
2016-08-02,3306508.99
2016-08-03,11515126.1064
2016-08-04,9003652.5964
2016-08-05,4914049.0464
2016-08-06,2754594.2024
2016-08-07,3550523.13
2016-08-08,1723324.4712
2016-08-09,1885946.7891
2016-08-10,1852561.4624
2016-08-11,3086683.6
2016-08-12,1488764.2651
2016-08-13,1277676.3597
2016-08-14,560916.4104
2016-08-15,2730947.824
2016-08-16,2621226.4392
2016-08-17,2780795.0498
2016-08-18,2345756.1316
2016-08-19,2262847.746
2016-08-20,2662119.2332
2016-08-21,1404742.3224
2016-08-22,656939.5268
2016-08-23,2960329.162
2016-08-24,2443582.7052
2016-08-25,1730618.7625
2016-08-26,2435422.5
2016-08-27,1900372.1955
2016-08-28,1536686.6
2016-08-29,596133.732
2016-08-30,1333109.475
2016-08-31,2555734.4019
2016-09-01,2229211.6244
2016-09-02,1629719.65
2016-09-03,1711635.64
2016-09-04,2764702.0648
2016-09-05,2386266.845
2016-09-06,2321292.1809
2016-09-07,2457075.8688
2016-09-08,2769704.9361
2016-09-09,2721767.5146
2016-09-10,2037460.52
2016-09-11,948942.5085
2016-09-12,3214842.0882
2016-09-13,2145424.086
2016-09-14,2112952.4274
2016-09-15,1763555.8713
2016-09-16,1872337.92
2016-09-17,1586068.0416
2016-09-18,675263.8838
2016-09-19,793626.6349
2016-09-20,1507194.325
2016-09-21,1522856.72
2016-09-22,2259056.148
2016-09-23,1382424.16
2016-09-24,2458562.981
2016-09-25,689073.6742
2016-09-26,650995.4232
2016-09-27,2449022.6437
2016-09-28,1846751.4972
2016-09-29,1341833.2005
2016-09-30,1642683.8417
2016-10-01,1601602.9366
2016-10-02,894828.204
2016-10-03,856154.136
2016-10-04,1375980.7252
2016-10-05,1793810.0894
2016-10-06,1464149.12
2016-10-07,1245603.5695
2016-10-08,2480451.3104
2016-10-09,545603.6124
2016-10-10,719045.8128
2016-10-11,1411407.4091
2016-10-12,5161402.311
2016-10-13,1690471.9884
2016-10-14,1509943.9908
2016-10-15,2013406.124
2016-10-16,905054.4832
2016-10-17,824156.2854
2016-10-18,2515746.9576
2016-10-19,1736925.7185
2016-10-20,2796925.7268
2016-10-21,1293765.0858
2016-10-22,1918619.83
2016-10-23,2842323.4125
2016-10-24,1645093.0428
2016-10-25,3014835.1849
2016-10-26,3991981.368
2016-10-27,4540502.7668
2016-10-28,3102604.75
2016-10-29,2462999.9235
2016-10-30,2871496.0
2016-10-31,2617694.2566
2016-11-01,3245201.8889
2016-11-02,4785307.674
2016-11-03,3195909.5424
2016-11-04,8276087.9607
2016-11-05,3754087.633
2016-11-06,1345722.066
2016-11-07,1637884.8196
2016-11-08,0.0
2016-11-09,3924007.8615
2016-11-10,7017410.01
2016-11-11,3570292.284
2016-11-12,2384802.76
2016-11-13,1974698.9952
2016-11-14,4218773.949
2016-11-15,5261786.9463
2016-11-16,4100191.1224
2016-11-17,8545351.2386
2016-11-18,4948315.3356
2016-11-19,3199118.274
2016-11-20,1473215.8253
2016-11-21,4019280.811
2016-11-22,2958595.5438
2016-11-23,3738043.1548
2016-11-24,3339447.1941
2016-11-25,2972537.33
2016-11-26,2473673.2563
2016-11-27,1688675.9814
2016-11-28,2508383.0935
2016-11-29,3459650.049
2016-11-30,3945436.8912
2016-12-01,4637396.952
2016-12-02,4597539.9864
2016-12-03,6226092.9406
2016-12-04,2127831.7736
2016-12-05,2436639.78
2016-12-06,4192563.0571
2016-12-07,5132222.0709
2016-12-08,3686960.42
2016-12-09,3752858.5536
2016-12-10,2203083.4956
2016-12-11,1699324.912
2016-12-12,1076026.7787
2016-12-13,2197479.4344
2016-12-14,3791822.3826
2016-12-15,1854432.0342
2016-12-16,2363198.5804
2016-12-17,2700616.9536
2016-12-18,1897573.1112
2016-12-19,1986896.331
2016-12-20,3095980.6758
2016-12-21,3297909.0762
2016-12-22,7825180.1957
2016-12-23,10445423.794
2016-12-24,15095308.6956
2016-12-25,5393160.608
2016-12-26,4132349.2507
2016-12-27,3129749.3406
2016-12-28,6692540.341
2016-12-29,11971457.3258
2016-12-30,7662165.0015
2016-12-31,10303871.5912
2017-01-01,3989748.4776
2017-01-02,6822471.0008
2017-01-03,8324525.7718
2017-01-04,9340584.1613
2017-01-05,23870110.3524
2017-01-06,36041021.226
2017-01-07,24821291.634
2017-01-08,18500660.948
2017-01-09,8183329.3367
2017-01-10,7805347.6388
2017-01-11,7672082.4366
2017-01-12,28015965.7428
2017-01-13,14078161.6472
2017-01-14,9404142.0
2017-01-15,5423872.0505
2017-01-16,3474817.1122
2017-01-17,5119513.7008
2017-01-18,11126738.064
2017-01-19,9856912.8768
2017-01-20,10059712.179
2017-01-21,5933570.218
2017-01-22,5415815.3595
2017-01-23,6593137.6555
2017-01-24,3210327.312
2017-01-25,8342618.2107
2017-01-26,4730355.2448
2017-01-27,4725016.2335
2017-01-28,4435282.6941
2017-01-29,1080471.6578
2017-01-30,1219424.7139
2017-01-31,2851760.8
2017-02-01,9219042.353
2017-02-02,6847946.828
2017-02-03,8336697.8968
2017-02-04,11076567.1785
2017-02-05,5977596.7455
2017-02-06,4399431.5176
2017-02-07,5203836.3972
2017-02-08,5657035.6608
2017-02-09,10110844.072
2017-02-10,24729127.247
2017-02-11,10764385.1601
2017-02-12,4532429.059
2017-02-13,2685405.7308
2017-02-14,4552916.952
2017-02-15,6808142.7824
2017-02-16,3130779.4375
2017-02-17,6172255.776
2017-02-18,6441223.0365
2017-02-19,4736170.56
2017-02-20,2386315.596
2017-02-21,3906984.7618
2017-02-22,9464085.0
2017-02-23,13221162.2004
2017-02-24,13376541.7471
2017-02-25,23698060.9008
2017-02-26,7174328.5198
2017-02-27,4204184.6808
2017-02-28,5543695.391
2017-03-01,8993970.4559
2017-03-02,7330647.814
2017-03-03,9805104.768
2017-03-04,9709655.67
2017-03-05,6237249.654
2017-03-06,3827368.3584
2017-03-07,5472869.325
2017-03-08,17818214.304
2017-03-09,15451790.959
2017-03-10,9159399.6732
2017-03-11,0.0
2017-03-12,8904291.9292
2017-03-13,7110415.64
2017-03-14,6993851.7896
2017-03-15,7166645.248
2017-03-16,4909138.08
2017-03-17,60265229.788
2017-03-18,63263946.141
2017-03-19,20683899.5819
2017-03-20,12339031.851
2017-03-21,7726450.75
2017-03-22,12365630.34
2017-03-23,14976790.05
2017-03-24,6018705.3654
2017-03-25,14801847.5571
2017-03-26,13114894.9084
2017-03-27,8661711.372
2017-03-28,9014906.7008
2017-03-29,9517288.7961
2017-03-30,9746180.118
2017-03-31,8954743.434
2017-04-01,12976190.5924
2017-04-02,5637552.8121
2017-04-03,8283501.7002
2017-04-04,12663966.7572
2017-04-05,8465575.6662
2017-04-06,6324972.7117
2017-04-07,10899686.0094
2017-04-08,6501790.9896
2017-04-09,3218963.1595
2017-04-10,5802630.435
2017-04-11,4424401.0344
2017-04-12,4252905.1831
2017-04-13,4211442.231
2017-04-14,8385171.8254
2017-04-15,10502646.7896
2017-04-16,10847276.465
2017-04-17,3130012.103
2017-04-18,4149184.1107
2017-04-19,6628654.032
2017-04-20,7291105.55
2017-04-21,7401082.1544
2017-04-22,6258143.9864
2017-04-23,5146359.8496
2017-04-24,3232723.2268
2017-04-25,3821771.3947
2017-04-26,6691037.0716
2017-04-27,11210449.5126
2017-04-28,8870267.9476
2017-04-29,10958367.728
2017-04-30,5235290.85
2017-05-01,4794962.352
2017-05-02,11963301.4782
2017-05-03,12982815.391
2017-05-04,16612962.93
2017-05-05,30064114.3959
2017-05-06,23708416.5
2017-05-07,12246037.2252
2017-05-08,11974645.9524
2017-05-09,31765892.653
2017-05-10,28897787.61
2017-05-11,20004146.2148
2017-05-12,26974512.67
2017-05-13,28851381.4064
2017-05-14,18680009.828
2017-05-15,8581202.0
2017-05-16,22757892.4713
2017-05-17,28331140.6129
2017-05-18,31802940.1008
2017-05-19,22352517.103
2017-05-20,27536147.8068
2017-05-21,24757265.5744
2017-05-22,13597641.384
2017-05-23,34310649.2288
2017-05-24,31598452.9344
2017-05-25,53625542.6632
2017-05-26,75061498.0294
2017-05-27,64580050.7724
2017-05-28,53685857.7112
2017-05-29,33478175.5472
2017-05-30,27788568.2928
2017-05-31,30624224.3347
2017-06-01,37405260.2924
2017-06-02,44285186.9709
2017-06-03,30995417.2788
2017-06-04,27540696.7041
2017-06-05,22289105.3668
2017-06-06,32998550.4104
2017-06-07,76860450.16
2017-06-08,45523077.3312
2017-06-09,37189747.4445
2017-06-10,22712571.773
2017-06-11,27858066.2451
2017-06-12,20268957.128
2017-06-13,83787469.2409
2017-06-14,44052895.26
2017-06-15,72110605.05
2017-06-16,89135793.488
2017-06-17,34208779.4202
2017-06-18,29373577.6768
2017-06-19,23726295.06
2017-06-20,27543022
2017-06-21,43565506.8
2017-06-22,41677438.3317
2017-06-23,29296358.168
2017-06-24,22104620.424
2017-06-25,34145615.46
2017-06-26,25870164.5301
2017-06-27,53564903.1
2017-06-28,48960869.6017
2017-06-29,31932419.187
2017-06-30,20656772.1342
2017-07-01,21612955.6188
2017-07-02,21447811.6312
2017-07-03,21973171.5351
2017-07-04,29402809.3419
2017-07-05,25122144.1961
2017-07-06,28210572
2017-07-07,21613344.4196
2017-07-08,23595437.3354
2017-07-09,13807107.8124
2017-07-10,11273510.1802
2017-07-11,40483407.3522
2017-07-12,40417980.8256
2017-07-13,30735685.32
2017-07-14,19740363.335
2017-07-15,28047227.532
2017-07-16,39151179.3198
2017-07-17,48851609.4536
2017-07-18,58726534.8792
2017-07-19,57891090.6993
2017-07-20,38549139.9111
2017-07-21,87491851.6
2017-07-22,55874277.62
2017-07-23,36210182.1295
2017-07-24,30248285.2584
2017-07-25,27593647.5276
2017-07-26,54707494.204
2017-07-27,44524617.5465
2017-07-28,31460780.0493
2017-07-29,39186953.704
2017-07-30,27827233.7136
2017-07-31,27818333.9856
2017-08-01,31819215.357
2017-08-02,34191678.8952
2017-08-03,25571645.3968
2017-08-04,22268580.3
2017-08-05,21818556.8032
2017-08-06,55242707.6721
2017-08-07,19262002.55
2017-08-08,40721097.34
2017-08-09,53967977.6625
2017-08-10,47694722.4248
2017-08-11,30846781.3654
2017-08-12,43503255
2017-08-13,47778543.112
2017-08-14,64764962.3808
2017-08-15,61408389.272
2017-08-16,106742514.4999
2017-08-17,56442481.524
2017-08-18,404092336.4667
2017-08-19,444138488.1736
2017-08-20,340016694.81
2017-08-21,216458875.6
2017-08-22,289961249.8068
2017-08-23,550242214.0092
2017-08-24,289994146.5672
2017-08-25,243781229.4927
2017-08-26,230986169.9343
2017-08-27,131114598.4418
2017-08-28,122880681.066
2017-08-29,236051174.3394
2017-08-30,345008786.9216
2017-08-31,225853164.216
2017-09-01,249063592.1114
2017-09-02,359238625.3599
2017-09-03,516978170.6254
2017-09-04,328722725.0454
2017-09-05,452591245.9611
2017-09-06,513071150.6586
2017-09-07,401234377.278
2017-09-08,233026233.9328
2017-09-09,559278215.7192
2017-09-10,263095068.8386
2017-09-11,329155769.1682
2017-09-12,274429793.0583
2017-09-13,328866112.7454
2017-09-14,585291866.1528
2017-09-15,790068008.2001
2017-09-16,1185424186
2017-09-17,447552385.0187
2017-09-18,239259978.2484
2017-09-19,455054715.9628
2017-09-20,364993236.6535
2017-09-21,257063837.0904
2017-09-22,384083273.5368
2017-09-23,294797635.4218
2017-09-24,188450162.439
2017-09-25,127482841.5233
2017-09-26,300016758.366
2017-09-27,179435745.21
2017-09-28,384651741.6501
2017-09-29,289413388.4694
2017-09-30,274136475.9474
2017-10-01,225245660.5424
2017-10-02,209348056.1999
2017-10-03,241311075.5808
2017-10-04,265080213.9921
2017-10-05,212708754.8775
2017-10-06,205725059.176
2017-10-07,191542242.0393
2017-10-08,128192914.6734
2017-10-09,251605409.5926
2017-10-10,423835454.8128
2017-10-11,353892652.305
2017-10-12,295127991.4344
2017-10-13,764767626.15
2017-10-14,1003692319.404
2017-10-15,337135010.2458
2017-10-16,501526110.195
2017-10-17,330022914.84
2017-10-18,330582864.74
2017-10-19,645907998.8016
2017-10-20,402515406.4904
2017-10-21,697705154.6796
2017-10-22,599885096.825
2017-10-23,519512073.1373
2017-10-24,704517582.7138
2017-10-25,669856298.73
2017-10-26,516446672.196
2017-10-27,475131131.5198
2017-10-28,439545835.0836
2017-10-29,299535755.718
2017-10-30,938648249.2575
2017-10-31,406276587.2792
2017-11-01,564490394.0097
2017-11-02,753929800.389
2017-11-03,1404503521.836
2017-11-04,947883474.7392
2017-11-05,655029352.6182
2017-11-06,676635331.4235
2017-11-07,950261165.832
2017-11-08,598849173.4176
2017-11-09,1459963138.914
2017-11-10,744943398.2508
2017-11-11,1287567382.7688
2017-11-12,945167102.9634
2017-11-13,1947533099.8032
2017-11-14,1418267494.4152
2017-11-15,698344946.1996
2017-11-16,1082315249.2826
2017-11-17,1311892193.3026
2017-11-18,1105961948.686
2017-11-19,634448753.433
2017-11-20,628384809.3768
2017-11-21,671161077.7342
2017-11-22,1159089811.2404
2017-11-23,550836992.2744
2017-11-24,547035406.3713
2017-11-25,735743128.217
2017-11-26,808031942.176
2017-11-27,1236559027.359
2017-11-28,1251503748.8128
2017-11-29,996705854.69
2017-11-30,3004921755.318
2017-12-01,2422706700.2947
2017-12-02,1740537525.8832
2017-12-03,1071047445.6545
2017-12-04,1794609217.28
2017-12-05,1369623771.249
2017-12-06,1149978202.2045
2017-12-07,1455207332.2967
2017-12-08,4956849516.1936
2017-12-09,3080965561.0329
2017-12-10,1641695052.3389
2017-12-11,2382377788.817
2017-12-12,2064135120.3512
2017-12-13,674678693.456
2017-12-14,1705817591.5657
2017-12-15,1294259776.502
2017-12-16,1765320850.2934
2017-12-17,1363500363.066
2017-12-18,1430800931.9494
2017-12-19,1638480796.7274
2017-12-20,1981230494.7758
2017-12-21,2186032915.3336
2017-12-22,1695830711.3037
2017-12-23,1758482732.8843
2017-12-24,1442222397.4749
2017-12-25,1536056548.3186
2017-12-26,988326041.111
2017-12-27,1500718838.4262
2017-12-28,1402040700.4359
2017-12-29,1607020050.9088
2017-12-30,1162043233.0056
2017-12-31,1506584173.1766
2018-01-01,1000379552.84
2018-01-02,660696459.5412
2018-01-03,1365238569.4398
2018-01-04,1059922923.7584
2018-01-05,1311574416.3742
2018-01-06,1629825236.7474
2018-01-07,906109684.557
2018-01-08,864432591.694
2018-01-09,1623235878.18
2018-01-10,1116810955.326
2018-01-11,1471688932.1852
2018-01-12,1474449470.192
2018-01-13,946314221.587
2018-01-14,709709926.9208
2018-01-15,723548274.3203
2018-01-16,787732866.9914
2018-01-17,3181013549.0601
2018-01-18,3269145779.4472
2018-01-19,1934446829.373
2018-01-20,1204269035.298
2018-01-21,1225700423.065
2018-01-22,1175503832.9436
2018-01-23,1465499538.7331
2018-01-24,1423493479.2224
2018-01-25,1076890874.306
2018-01-26,903886494.1449
2018-01-27,1330161211.8144
2018-01-28,873498645.6154
2018-01-29,849439447.6602
2018-01-30,747230355.0536
2018-01-31,1445440048.8948
2018-02-01,1071289592.88
2018-02-02,1734879504.5345
2018-02-03,2491149103.6881
2018-02-04,1089038712.0208
2018-02-05,1199569483.5732
2018-02-06,2089572991.491
2018-02-07,3408073088.7663
2018-02-08,1814762086.6278
2018-02-09,1400664131.4024
2018-02-10,1249304448.9552
2018-02-11,1178588589.5
2018-02-12,858240548.9922
2018-02-13,987896393.16
2018-02-14,732425325.0496
2018-02-15,1138250927.2096
2018-02-16,1520173447.8267
2018-02-17,972263786.9056
2018-02-18,1215318036.3898
2018-02-19,1446183867.9938
2018-02-20,1088412789.1382
2018-02-21,1482868607.2068
2018-02-22,1751252242.7958
2018-02-23,1552533068.4702
2018-02-24,1286052865.794
2018-02-25,1111682121.7824
2018-02-26,702156577.3621
2018-02-27,1102352166.9636
2018-02-28,947534416.9062
2018-03-01,1008948245.9602
2018-03-02,877677223.9032
2018-03-03,759894065.8704
2018-03-04,745890864.6954
2018-03-05,642906304.456
2018-03-06,714536991.6552
2018-03-07,1109670859.0003
2018-03-08,1677040469.5836
2018-03-09,1333961757.815
2018-03-10,1994073353.28
2018-03-11,897354070.8552
2018-03-12,1308310990.257
2018-03-13,1268254508.4
2018-03-14,1112391454.4028
2018-03-15,1350460234.5024
2018-03-16,1403735130.4002
2018-03-17,973873396.0022
2018-03-18,784350039.6144
2018-03-19,1474300640.8642
2018-03-20,1353859594.1104
2018-03-21,1059662670.087
2018-03-22,880254488.372
2018-03-23,946210970.4005
2018-03-24,884262667.288
2018-03-25,720411912.128
2018-03-26,579084803.85
2018-03-27,994371402.87
2018-03-28,821305395.075
2018-03-29,589107762.5112
2018-03-30,1228494330.492
2018-03-31,1459007284.3164
2018-04-01,828105595.6824
2018-04-02,813154210.591
2018-04-03,689971563.5379
2018-04-04,841607108.5016
2018-04-05,780572816.9231
2018-04-06,691743079.4208
2018-04-07,513594758.6484
2018-04-08,518768966.856
2018-04-09,378054921.6189
2018-04-10,836397533.2548
2018-04-11,380694984.387
2018-04-12,408957431.832
2018-04-13,1477855674.802
2018-04-14,1040511128.8275
2018-04-15,464835469.7978
2018-04-16,529840058.865
2018-04-17,667447487.6257
2018-04-18,513033431.7891
2018-04-19,547100495.37
2018-04-20,537680761.8004
2018-04-21,894778482.4696
2018-04-22,750430994.908
2018-04-23,545385760.3392
2018-04-24,491744749.628
2018-04-25,1227082384.8822
2018-04-26,1558858006.6094
2018-04-27,937521482.1819
2018-04-28,622772523.1995
2018-04-29,786961062.8607
2018-04-30,571160692.608
2018-05-01,512078867.4795
2018-05-02,590794538.2206
2018-05-03,478747022.8256
2018-05-04,826646057.0515
2018-05-05,611265269.7247
2018-05-06,619793485.4432
2018-05-07,531232089.8976
2018-05-08,614648751.144
2018-05-09,593072495.682
2018-05-10,565867529.934
2018-05-11,539595278.9484
2018-05-12,1023115026.1137
2018-05-13,695724449.4096
2018-05-14,465297919.5022
2018-05-15,791362349.4604
2018-05-16,643573959.145
2018-05-17,712405126.836
2018-05-18,527951961.6882
2018-05-19,447479924.2704
2018-05-20,301258455.6117
2018-05-21,334999435.9114
2018-05-22,371715199.5491
2018-05-23,442854533.1864
2018-05-24,816413008.3368
2018-05-25,731051376.6528
2018-05-26,546954337.5088
2018-05-27,284111972.2217
2018-05-28,279306859.8048
2018-05-29,440891442.2458
2018-05-30,544639935.7142
2018-05-31,378650506.1856
2018-06-01,384628044.0564
2018-06-02,386160770.8675
2018-06-03,307593603.3828
2018-06-04,279022605.214
2018-06-05,357530396.1291
2018-06-06,379726332.7494
2018-06-07,354084589.0152
2018-06-08,291024763.5224
2018-06-09,245102804.0624
2018-06-10,176175027.639
2018-06-11,820516054.082
2018-06-12,459832204.8818
2018-06-13,484793299.08
2018-06-14,724599740.0376
2018-06-15,603633809.7738
2018-06-16,334034999.9856
2018-06-17,233202056.1244
2018-06-18,184473224.2522
2018-06-19,380519811
2018-06-20,304414453.3591
2018-06-21,302034265.9362
2018-06-22,220366441.3335
2018-06-23,718879048.173
2018-06-24,289224701.2362
2018-06-25,602644733.4488
2018-06-26,425364636.2576
2018-06-27,326673797.5094
2018-06-28,320015558.6964
2018-06-29,308347826.538
2018-06-30,514392178.4736
2018-07-01,356651611.6194
2018-07-02,209438934.9542
2018-07-03,406984481.0588
2018-07-04,304110602.397
2018-07-05,358858407.8416
2018-07-06,368324017.1091
2018-07-07,246024956.7207
2018-07-08,261353252.0382
2018-07-09,220696037.4376
2018-07-10,286804720.8216
2018-07-11,411395714.3884
2018-07-12,275030732.0278
2018-07-13,377493363.3389
2018-07-14,279061863.053
2018-07-15,164361051.426
2018-07-16,193070237.9319
2018-07-17,472784651.01
2018-07-18,761941225.026
2018-07-19,691643413.6315
2018-07-20,449834010.948
2018-07-21,523947504.4375
2018-07-22,233495357.1086
2018-07-23,296669988.9034
2018-07-24,705993833.706
2018-07-25,1073811754.5292
2018-07-26,666649090.588
2018-07-27,569963389.5512
2018-07-28,601286932.9101
2018-07-29,255751713.908
2018-07-30,244581855.3829
2018-07-31,647596057.3983
2018-08-01,692958947.9288
2018-08-02,561036987.738
2018-08-03,356793020.892
2018-08-04,522522549.285
2018-08-05,485518589.8088
2018-08-06,321030824.07
2018-08-07,351922348.0296
2018-08-08,508615426.2348
2018-08-09,786597658.1991
2018-08-10,522562605.2364
2018-08-11,589620096.576
2018-08-12,503767485.7395
2018-08-13,379052307.2588
2018-08-14,466729007.056
2018-08-15,738996191.7179
2018-08-16,803255018.2972
2018-08-17,395312232.81
2018-08-18,425775926.2068
2018-08-19,303504677.2186
2018-08-20,242872344.6024
2018-08-21,413021108
2018-08-22,380220042.6234
2018-08-23,758373447.51
2018-08-24,318029869.7184
2018-08-25,354001698.0434
2018-08-26,282579594.6204
2018-08-27,263159844.6008
2018-08-28,379623198.8406
2018-08-29,511091113.8893
2018-08-30,351264808.8033
2018-08-31,429118456.8396
2018-09-01,371447313.6576
2018-09-02,348795302.9987
2018-09-03,518267600.9184
2018-09-04,347423826.5848
2018-09-05,386030947.7397
2018-09-06,753090196.1788
2018-09-07,771294810.4338
2018-09-08,353565281.1195
2018-09-09,327633539.5398
2018-09-10,277073175.0644
2018-09-11,289718059.6146
2018-09-12,343623616.3374
2018-09-13,310389619.7556
2018-09-14,380730086.292
2018-09-15,278515934.2016
2018-09-16,162919518.615
2018-09-17,165027415.3407
2018-09-18,366988698.6127
2018-09-19,286102549.0962
2018-09-20,487450111.559
2018-09-21,320457306.3066
2018-09-22,562369970.232
2018-09-23,323392799.588
2018-09-24,214168587.7968
2018-09-25,331869673.6305
2018-09-26,409764591.9065
2018-09-27,276943856.128
2018-09-28,346892752.0064
2018-09-29,462368258.114
2018-09-30,268013890.24
2018-10-01,218012664.3032
2018-10-02,270638422.6546
2018-10-03,280887690.2868
2018-10-04,303440379.4444
2018-10-05,244732311.8328
2018-10-06,240826210.7256
2018-10-07,161983068.3956
2018-10-08,141209994.402
2018-10-09,269263759.0545
2018-10-10,193623568.374
2018-10-11,279347797.0719
2018-10-12,658363071.3086
2018-10-13,215730649.56
2018-10-14,154622486.438
2018-10-15,226762328.7688
2018-10-16,1178100920.2503
2018-10-17,372554832.072
2018-10-18,218870548.3378
2018-10-19,296802022.5684
2018-10-20,202030698.0724
2018-10-21,166168766.8428
2018-10-22,134160567.1176
2018-10-23,193837811.0214
2018-10-24,218757551.805
2018-10-25,230782191.7884
2018-10-26,196736097.2952
2018-10-27,207220114.107
2018-10-28,141089199.0627
2018-10-29,126801321.5448
2018-10-30,347702119.501
2018-10-31,237445610.0415
2018-11-01,232850455.9906
2018-11-02,198797396.364
2018-11-03,191863094.391
2018-11-04,174563105.046
2018-11-05,185104915.1
2018-11-06,161192819.424
2018-11-07,225775396.44
2018-11-08,264201215.2639
2018-11-09,268942797.627
2018-11-10,217084527.684
2018-11-11,115043643.2184
2018-11-12,149652633.413
2018-11-13,192257208.915
2018-11-14,238882631.625
2018-11-15,1068777739.766
2018-11-16,824845117.9738
2018-11-17,377515424.4078
2018-11-18,187745032.4724
2018-11-19,215735177.996
2018-11-20,1050101739.234
2018-11-21,1455657697.6194
2018-11-22,714495051.5428
2018-11-23,377515098.5929
2018-11-24,489895164.5904
2018-11-25,606098172.2453
2018-11-26,929763666.5408
2018-11-27,784661844.5325
2018-11-28,629563908.9975
2018-11-29,785160275.9805
2018-11-30,564041239.0394
2018-12-01,587915219.4888
2018-12-02,338385023.9682
2018-12-03,314509624.5
2018-12-04,439270976.9205
2018-12-05,387631022.5008
2018-12-06,412960592.3912
2018-12-07,549968243.7802
2018-12-08,803255174.5758
2018-12-09,501085554.5682
2018-12-10,324458240.1972
2018-12-11,365665861.8942
2018-12-12,306997665.7128
2018-12-13,300332650.4533
2018-12-14,356414348.9127
2018-12-15,406362868.6126
2018-12-16,215891781.9146
2018-12-17,240419048.956
2018-12-18,501899316.0194
2018-12-19,534591295.3809
2018-12-20,634009810.6215
2018-12-21,938950259.6941
2018-12-22,517173186.5707
2018-12-23,308837573.1195
2018-12-24,363146370.6295
2018-12-25,527571934.611
2018-12-26,434097462.7776
2018-12-27,332210350.9134
2018-12-28,337691484.727
2018-12-29,411735063.4695
2018-12-30,273159528.0084
2018-12-31,269191858.2192
2019-01-01,269488845.2883
2019-01-02,241928399.1936
2019-01-03,316777254.4324
2019-01-04,176624966.0853
2019-01-05,293647134.8172
2019-01-06,153177701.3242
2019-01-07,262637389.9754
2019-01-08,314915700.8125
2019-01-09,298841666.9663
2019-01-10,371858817.1904
2019-01-11,465176834.075
2019-01-12,307270949.362
2019-01-13,193636744.4875
2019-01-14,170721560.2716
2019-01-15,274892455.2504
2019-01-16,273280909.2784
2019-01-17,237255849.8063
2019-01-18,242822024.8965
2019-01-19,193239371.5764
2019-01-20,205575557.0148
2019-01-21,214411839.6388
2019-01-22,200754427.9994
2019-01-23,209940367.5135
2019-01-24,204197869.728
2019-01-25,151516265.225
2019-01-26,184223340.8878
2019-01-27,157218439.56
2019-01-28,162815294.3
2019-01-29,219370864.0452
2019-01-30,125314902.44
2019-01-31,160951786
2019-02-01,112849977.6102
2019-02-02,119780828.0399
2019-02-03,73800005.4882
2019-02-04,80969399.1302
2019-02-05,63553033.7805
2019-02-06,75066281.3502
2019-02-07,143900701.53
2019-02-08,58905094.7252
2019-02-09,301771987.6032
2019-02-10,106699453.4838
2019-02-11,153422578.8162
2019-02-12,145036524.776
2019-02-13,163866857.0902
2019-02-14,238668724.195
2019-02-15,162192885.407
2019-02-16,120798170.078
2019-02-17,93191938.5265
2019-02-18,224982994.9734
2019-02-19,429150386.544
2019-02-20,374321248.6543
2019-02-21,235445371.308
2019-02-22,196426384.1712
2019-02-23,157385980.2516
2019-02-24,242874099.036
2019-02-25,400105758.6783
2019-02-26,1734750235.8833
2019-02-27,127504717.2525
2019-02-28,226984139.4655
2019-03-01,245942956.3968
2019-03-02,156175559.7436
2019-03-03,120293269.5584
2019-03-04,79501797.9448
2019-03-05,216413666.7198
2019-03-06,278485172.505
2019-03-07,148582990.045
2019-03-08,136348518.4222
2019-03-09,317288682.4932
2019-03-10,111238999.3568
2019-03-11,83936704.4613
2019-03-12,116557011.3127
2019-03-13,209075742.7232
2019-03-14,159688391.1519
2019-03-15,168146954.5833
2019-03-16,296835128.525
2019-03-17,184298451.339
2019-03-18,105693358.7448
2019-03-19,115735520.3806
2019-03-20,103002102.0128
2019-03-21,147543802.276
2019-03-22,166103501.487
2019-03-23,67712123.9106
2019-03-24,57296676.7912
2019-03-25,48747233.8458
2019-03-26,133869301.1894
2019-03-27,77182620.0366
2019-03-28,135317924.5463
2019-03-29,72542414.4438
2019-03-30,168998311.248
2019-03-31,104313150.4536
2019-04-01,53646013.3376
2019-04-02,178833230.7077
2019-04-03,879572364.1184
2019-04-04,963281105.1054
2019-04-05,476408009.5764
2019-04-06,335980018.8689
2019-04-07,329404453.2584
2019-04-08,382675686.0166
2019-04-09,526197764.2362
2019-04-10,411383523.3876
2019-04-11,368160408.1908
2019-04-12,363638962.689
2019-04-13,242714312.8875
2019-04-14,106569784.6862
2019-04-15,131452793.0738
2019-04-16,203887934.2752
2019-04-17,205894131.1575
2019-04-18,242366222.3974
2019-04-19,217894138.4139
2019-04-20,186470171.4552
2019-04-21,147414017.448
2019-04-22,179818212.1644
2019-04-23,268620376.3607
2019-04-24,371060447.1416
2019-04-25,360348203.347
2019-04-26,346365600.4305
2019-04-27,344577947.0674
2019-04-28,153300178.6852
2019-04-29,104885492.521
2019-04-30,254115382.611
2019-05-01,65541116.0006
2019-05-02,51098585.5099
2019-05-03,68390511.7848
2019-05-04,171606287.0444
2019-05-05,120664799.3124
2019-05-06,55755075.3708
2019-05-07,84401987.3554
2019-05-08,147447099.5428
2019-05-09,92603630.084
2019-05-10,127082999.9439
2019-05-11,169471566.4152
2019-05-12,358764816.1854
2019-05-13,437929061.1681
2019-05-14,459019962.2457
2019-05-15,372592512.2154
2019-05-16,284130100.072
2019-05-17,295196717.872
2019-05-18,455963414.1714
2019-05-19,117316463.303
2019-05-20,293462035.909
2019-05-21,251989801.6221
2019-05-22,141589252.425
2019-05-23,162680990.5773
2019-05-24,151053338.865
2019-05-25,157606998.691
2019-05-26,62381654.186
2019-05-27,190510656.1068
2019-05-28,179353690.6408
2019-05-29,134279873.6864
2019-05-30,139788877.323
2019-05-31,291707289.8516
2019-06-01,174940725.8199
2019-06-02,79112822.796
2019-06-03,80345418.3558
2019-06-04,189061316.5932
2019-06-05,298320274.032
2019-06-06,156168263.7188
2019-06-07,155472100.7461
2019-06-08,152941461.7733
2019-06-09,76557021.4098
2019-06-10,75192236.2893
2019-06-11,137334731.2236
2019-06-12,119201858.8772
2019-06-13,170534084.3934
2019-06-14,118173871.4184
2019-06-15,165814336.84
2019-06-16,110733186.6095
2019-06-17,291304564.4609
2019-06-18,236199962.5896
2019-06-19,91483265.5482
2019-06-20,64175901.408
2019-06-21,88441301.3365
2019-06-22,134167792.3956
2019-06-23,210388797.5616
2019-06-24,92033603.9856
2019-06-25,90826286.85
2019-06-26,188227336.128
2019-06-27,521683547.94
2019-06-28,423175771.1325
2019-06-29,251088678.311
2019-06-30,184877335.6224
2019-07-01,172764921.5896
2019-07-02,171482109.072
2019-07-03,240430090.968
2019-07-04,273546634.0104
2019-07-05,130466909.3343
2019-07-06,124193828.6496
2019-07-07,85554897.9616
2019-07-08,67612787.4615
2019-07-09,277905476.8152
2019-07-10,364111378.7824
2019-07-11,507237487.92
2019-07-12,400745298.7161
2019-07-13,223317773.9139
2019-07-14,237143042.963
2019-07-15,163504273.436
2019-07-16,334140371.565
2019-07-17,413796084.0888
2019-07-18,350207291.3724
2019-07-19,400333480.9952
2019-07-20,266367992.225
2019-07-21,231375270.501
2019-07-22,149533508.4911
2019-07-23,207597158.399
2019-07-24,198778566.675
2019-07-25,207985687.0299
2019-07-26,132194259.4601
2019-07-27,122793165.173
2019-07-28,196200932.7257
2019-07-29,93425734.9
2019-07-30,110257993.9584
2019-07-31,115667921.712
2019-08-01,171671948.947
2019-08-02,173753010.8067
2019-08-03,194052551.7015
2019-08-04,142750701.8145
2019-08-05,165486450.2013
2019-08-06,360876818.5806
2019-08-07,385189642.2768
2019-08-08,364388175.423
2019-08-09,211151931.4766
2019-08-10,180122399.3216
2019-08-11,185394290.3946
2019-08-12,104661395.056
2019-08-13,84492311.643
2019-08-14,193935252.602
2019-08-15,280655886.4672
2019-08-16,339458149.8472
2019-08-17,242929696.7552
2019-08-18,91003712.31
2019-08-19,77572050.192
2019-08-20,171807868.2802
2019-08-21,122315070.3088
2019-08-22,236246172.908
2019-08-23,141841653.5382
2019-08-24,122936632.6763
2019-08-25,117754910.928
2019-08-26,102865892.8206
2019-08-27,189624308.4428
2019-08-28,102638637.402
2019-08-29,203978693.8294
2019-08-30,157535719.826
2019-08-31,112305189.2666
2019-09-01,40437358.647
2019-09-02,45179221.4802
2019-09-03,153032806.8368
2019-09-04,228788746.9482
2019-09-05,196753395.5872
2019-09-06,90967493.33
2019-09-07,210268387.8048
2019-09-08,65192692.244
2019-09-09,63124156.1445
2019-09-10,133582936.8664
2019-09-11,109189912.0734
2019-09-12,122176795.0656
2019-09-13,114864653.9296
2019-09-14,95214496.607
2019-09-15,55063941.3121
2019-09-16,40801052.2218
2019-09-17,107174306.4193
2019-09-18,91392243.66
2019-09-19,90728914.3667
2019-09-20,157389488.432
2019-09-21,89963558.4697
2019-09-22,69869004.1574
2019-09-23,59501805.669
2019-09-24,120001577.1514
2019-09-25,491431838.3715
2019-09-26,269030045.1831
2019-09-27,286339496.0408
2019-09-28,167290267.716
2019-09-29,99366389.5
2019-09-30,92992826.6976
2019-10-01,173526590.0116
2019-10-02,170270297.36
2019-10-03,91246610.9394
2019-10-04,116784278.3448
2019-10-05,92819801.4144
2019-10-06,56545050.0769
2019-10-07,100404346.4472
2019-10-08,144876046.239
2019-10-09,68942273.4
2019-10-10,174962381.1936
2019-10-11,113137559.64
2019-10-12,138474726.8121
2019-10-13,30579541.6473
2019-10-14,65962338.316
2019-10-15,61644447.2176
2019-10-16,86738049.996
2019-10-17,117969721.3909
2019-10-18,79993882.9404
2019-10-19,94710382.216
2019-10-20,53229503.8836
2019-10-21,90340986.7572
2019-10-22,78014940.8592
2019-10-23,89353651.5172
2019-10-24,221341213.8308
2019-10-25,75975960.6024
2019-10-26,333681035.1369
2019-10-27,657396445.266
2019-10-28,290708092.5242
2019-10-29,233830897.3968
2019-10-30,169991136.6705
2019-10-31,145730105.1756
2019-11-01,160663136.8662
2019-11-02,107433320.8734
2019-11-03,53740264.7922
2019-11-04,47020646.3232
2019-11-05,103857828.9165
2019-11-06,97692940.8928
2019-11-07,78710164.828
2019-11-08,73169474.0496
2019-11-09,159478900.1724
2019-11-10,40216982.8143
2019-11-11,58075876.8544
2019-11-12,99417730.8838
2019-11-13,84092098.4904
2019-11-14,53278229.9502
2019-11-15,62094349.5168
2019-11-16,102346506.69
2019-11-17,27218439.49
2019-11-18,42762607.2801
2019-11-19,98039358.9687
2019-11-20,80797818.392
2019-11-21,62317220.548
2019-11-22,152565570.3701
2019-11-23,283120965.8225
2019-11-24,74562140.9344
2019-11-25,88831996.034
2019-11-26,250687896.39
2019-11-27,108471398.9148
2019-11-28,220499982.9504
2019-11-29,99775070.97
2019-11-30,117995230.1591
2019-12-01,78337203.7668
2019-12-02,88571039.0699
2019-12-03,71586469.665
2019-12-04,50091304.5022
2019-12-05,142535673.455
2019-12-06,85470713.7483
2019-12-07,77922849.9525
2019-12-08,34352533.7937
2019-12-09,32114286.4924
2019-12-10,108414489.4552
2019-12-11,66161513.2368
2019-12-12,53833378.0026
2019-12-13,75073234.6496
2019-12-14,52683167.6199
2019-12-15,39393109.051
2019-12-16,35264356.5942
2019-12-17,91191811.2654
2019-12-18,106173720.1728
2019-12-19,208624105.2012
2019-12-20,92465911.4364
2019-12-21,55147309.6694
2019-12-22,25368503.344
2019-12-23,72767893.2698
2019-12-24,121983509.7344
2019-12-25,76336714.458
2019-12-26,39255636.0168
2019-12-27,59760787.208
2019-12-28,71840951.382
2019-12-29,36039614.7447
2019-12-30,46435451
2019-12-31,61748083.664
2020-01-01,47782090.6994
2020-01-02,28600968.8576
2020-01-03,68282971.9003
2020-01-04,136870284.592
2020-01-05,50181826.9238
2020-01-06,48177558.2909
2020-01-07,114010548.1248
2020-01-08,210649283.9079
2020-01-09,224003807.3735
2020-01-10,108323770.4736
2020-01-11,153599795.4414
2020-01-12,75103205.4975
2020-01-13,39375157.8458
2020-01-14,68769719.304
2020-01-15,322001233.9342
2020-01-16,162415225.6691
2020-01-17,113463579.9655
2020-01-18,172392198.5178
2020-01-19,73102474.796
2020-01-20,171406582.848
2020-01-21,78615695.3157
2020-01-22,80118406.4526
2020-01-23,62159413.0416
2020-01-24,140040083.6177
2020-01-25,103625698.6572
2020-01-26,49103693.8912
2020-01-27,90541442.5134
2020-01-28,157722446.2734
2020-01-29,187574422.5035
2020-01-30,132156743.7492
2020-01-31,175049334.3105
2020-02-01,106765634.8728
2020-02-02,36660829.428
2020-02-03,66403963.968
2020-02-04,108746958.8123
2020-02-05,90649388.5674
2020-02-06,163509451.016
2020-02-07,152115909.0028
2020-02-08,87939405.4854
2020-02-09,75572303.9296
2020-02-10,107419112.6784
2020-02-11,155424327.7455
2020-02-12,190105216.3952
2020-02-13,161983394.001
2020-02-14,198094127.1122
2020-02-15,122708338.3057
2020-02-16,113915188.2558
2020-02-17,85454123.7067
2020-02-18,119040244.1746
2020-02-19,138390971.1945
2020-02-20,186474102.0448
2020-02-21,128769390.754
2020-02-22,79370095.0346
2020-02-23,34324865.7888
2020-02-24,64282324.0134
2020-02-25,116289798.6375
2020-02-26,114160526.829
2020-02-27,206929921.0304
2020-02-28,147977054.9632
2020-02-29,123840827.84
2020-03-01,42866205.1042
2020-03-02,70749037.3753
2020-03-03,111268001.3928
2020-03-04,85149525.727
2020-03-05,70042032.863
2020-03-06,122314466.7311
2020-03-07,83522225.9936
2020-03-08,59230883.0334
2020-03-09,149933311.4868
2020-03-10,223121982.1464
2020-03-11,155835851.2678
2020-03-12,130840913.439
2020-03-13,574694714.8404
2020-03-14,684475988.6524
2020-03-15,158994389.6178
2020-03-16,201009885.676
2020-03-17,379747427.5455
2020-03-18,222784692.9885
2020-03-19,246280973.4105
2020-03-20,343510892.032
2020-03-21,382708757.244
2020-03-22,161732857.492
2020-03-23,155141963.114
2020-03-24,284307011.0216
2020-03-25,284016940.7236
2020-03-26,226038996.8232
2020-03-27,97401178.9625
2020-03-28,148443297.8847
2020-03-29,142726744.923
2020-03-30,103365161.5595
2020-03-31,186301830.9298
2020-04-01,89947515.0516
2020-04-02,168238042.6748
2020-04-03,279129046.5117
2020-04-04,165881487.018
2020-04-05,95099723.0015
2020-04-06,61737463.0944
2020-04-07,215734110.432
2020-04-08,180411335.9565
2020-04-09,143615580.8898
2020-04-10,118207885.6503
2020-04-11,170978168.3808
2020-04-12,59502005.484
2020-04-13,112654904.1387
2020-04-14,170118314.503
2020-04-15,107004164.2425
2020-04-16,112529486.108
2020-04-17,256066115.0861
2020-04-18,114895300.8069
2020-04-19,80410551.4416
2020-04-20,64645648.4664
2020-04-21,151878158.0712
2020-04-22,90394537.9036
2020-04-23,102205555.9641
2020-04-24,202186228.192
2020-04-25,130187406.006
2020-04-26,50386100.4416
2020-04-27,82965485.6952
2020-04-28,118631651.8972
2020-04-29,102426644.0325
2020-04-30,471328360.4002
2020-05-01,479861000.0475
2020-05-02,209464777.158
2020-05-03,111964108.685
2020-05-04,175862717.8055
2020-05-05,186639007.4084
2020-05-06,182897440.2792
2020-05-07,286155701.8305
2020-05-08,500733651.156
2020-05-09,336643471.834
2020-05-10,206048387.1605
2020-05-11,536864808.2512
2020-05-12,524377414.035
2020-05-13,217646788.1446
2020-05-14,235919563.5729
2020-05-15,332519067.871
2020-05-16,303595865.3108
2020-05-17,116707143.649
2020-05-18,176082868.208
2020-05-19,230169746.6235
2020-05-20,228306109.2126
2020-05-21,231513104.0482
2020-05-22,302921371.08
2020-05-23,137706362.7804
2020-05-24,69573042.348
2020-05-25,151515271.1025
2020-05-26,151521072.3334
2020-05-27,120113138.978
2020-05-28,148428061.012
2020-05-29,193513827.6855
2020-05-30,144086661.3976
2020-05-31,132752538.831
2020-06-01,99233158.4412
2020-06-02,280975717.9806
2020-06-03,429398121.4779
2020-06-04,128440438.9324
2020-06-05,183077760.7168
2020-06-06,139993515.4125
2020-06-07,74040583.5477
2020-06-08,129391452.868
2020-06-09,111353754.5815
2020-06-10,153220784.178
2020-06-11,158586968.0719
2020-06-12,321867038.6074
2020-06-13,132333533.7363
2020-06-14,51803750.58
2020-06-15,63632383.6098
2020-06-16,244968165.021
2020-06-17,138860025.7
2020-06-18,124106956.1473
2020-06-19,74041735.8065
2020-06-20,109732841.856
2020-06-21,57461731.8468
2020-06-22,36882860.072
2020-06-23,134494787.057
2020-06-24,102289235.2817
2020-06-25,178365905.779
2020-06-26,166531113.6115
2020-06-27,141780368.2755
2020-06-28,92221683.8292
2020-06-29,59501520.5565
2020-06-30,100083941.014
2020-07-01,63158022.9811
2020-07-02,98873138.805
2020-07-03,107207537.5074
2020-07-04,57803290.9944
2020-07-05,38839661.8326
2020-07-06,50720848.7269
2020-07-07,113743420.0259
2020-07-08,95242533.9588
2020-07-09,121129125.3966
2020-07-10,98869845.9588
2020-07-11,79818144.576
2020-07-12,30014745.7292
2020-07-13,42610639.379
2020-07-14,78223034.3433
2020-07-15,88249714.542
2020-07-16,83393685.6643
2020-07-17,88531436.7
2020-07-18,71682525.5883
2020-07-19,29934693.3054
2020-07-20,32799397.9768
2020-07-21,59994848.8643
2020-07-22,114760459.146
2020-07-23,103269918.086
2020-07-24,168395155.0164
2020-07-25,128787740.2896
2020-07-26,83145125.8
2020-07-27,169823595.5504
2020-07-28,569642411.592
2020-07-29,352662968.6388
2020-07-30,253835681.0886
2020-07-31,201165672.4417
2020-08-01,222815243.1332
2020-08-02,240815458.968
2020-08-03,289592847.786
2020-08-04,159671026.4652
2020-08-05,122455803.7725
2020-08-06,182136390.168
2020-08-07,203809369.9392
2020-08-08,215793133.728
2020-08-09,86008564.668
2020-08-10,59683346.886
2020-08-11,218397180.6838
2020-08-12,249861736.7918
2020-08-13,141688775.6123
2020-08-14,161732026.4091
2020-08-15,131449767.039
2020-08-16,101333020.2792
2020-08-17,63773670.1483
2020-08-18,253521339.7144
2020-08-19,217771115.2187
2020-08-20,208815095.82
2020-08-21,96746302.15519999
2020-08-22,153928936.99199998
2020-08-23,85029155.46000001
2020-08-24,39027595.4028
2020-08-25,75749356.9416
2020-08-26,168869325.88599998
2020-08-27,104337127.35570002
2020-08-28,152064701.8666
2020-08-29,125753228.67
2020-08-30,48056174.58719999
2020-08-31,54121905.8394
2020-09-01,102290923.35409999
2020-09-02,176627448.525
2020-09-03,265432700.672
2020-09-04,361418115.39089996
2020-09-05,310980390.15669996
2020-09-06,222072428.23080003
2020-09-07,89153592.5889
2020-09-08,153205856.4958
2020-09-09,194156867.12160003
2020-09-10,113383268.7008
2020-09-11,147055601.2892
2020-09-12,101653161.4472
2020-09-13,57857607.940000005
2020-09-14,81937985.7165
2020-09-15,143525658.62719998
2020-09-16,135273030.3276
2020-09-17,154480376.5826
2020-09-18,117116914.34619999
2020-09-19,88269394.26240002
2020-09-20,54811966.3947
2020-09-21,69233310.9125
2020-09-22,193630537.917
2020-09-23,99403513.6488
2020-09-24,124490884.2376
2020-09-25,124807106.4971
2020-09-26,129716552.8944
2020-09-27,48519033.92
2020-09-28,50063044.872
2020-09-29,109557462.41880001
2020-09-30,89865245.23200001
2020-10-01,89894642.8896
2020-10-02,183013787.4308
2020-10-03,150343724.50919998
2020-10-04,31477196.1224
2020-10-05,31512003.100199997
2020-10-06,78412225.0504
2020-10-07,103826838.3222
2020-10-08,102699834.10399999
2020-10-09,142856446.66199997
2020-10-10,120551930.57730001
2020-10-11,97927463.147
2020-10-12,60215827.8995
2020-10-13,166313556.27480003
2020-10-14,117568933.25919999
2020-10-15,93932070.9456
2020-10-16,111854678.0582
2020-10-17,109053461.5582
2020-10-18,34142836.4031
2020-10-19,29716243.876
2020-10-20,139587584.348
2020-10-21,167903083.01479998
2020-10-22,486931525.61759996
2020-10-23,234841376.76999998
2020-10-24,151273932.4116
2020-10-25,69928610.9054
2020-10-26,111062981.3517
2020-10-27,176006371.0356
2020-10-28,325461283.4025
2020-10-29,310741338.15
2020-10-30,228409072.2456
2020-10-31,265607933.7288
2020-11-01,194274881.2584
2020-11-02,81876480.6928
2020-11-03,202098850.1063
2020-11-04,213888432.2785
2020-11-05,303936796.2285
2020-11-06,575483038.2308999
2020-11-07,418654253.4993
2020-11-08,320513832.288
2020-11-09,168415197.354
2020-11-10,392305674.1401
2020-11-11,230269180.3512
2020-11-12,298105721.52049994
2020-11-13,478495947.4292
2020-11-14,264263990.3617
2020-11-15,163501040.4486
2020-11-16,97292561.7456
2020-11-17,293272996.4775
2020-11-18,424743957.97920007
2020-11-19,633847834.5785
2020-11-20,358043942.4177
2020-11-21,374130037.1055
2020-11-22,256287553.65
2020-11-23,276025442.5872
2020-11-24,344268444.6285
2020-11-25,523228040.5104
2020-11-26,357330319.00200003
2020-11-27,867494794.0976
2020-11-28,334361872.05259997
2020-11-29,203020072.4978
2020-11-30,192293943.96799996
2020-12-01,570429939.1842
2020-12-02,586228902.896
2020-12-03,311500178.6337
2020-12-04,269817738.8956
2020-12-05,278793731.2368
2020-12-06,114151706.81100002
2020-12-07,119935507.4742
2020-12-08,176619929.6967
2020-12-09,273878281.0107
2020-12-10,377966775.1915
2020-12-11,264270264.55839998
2020-12-12,291983141.38320005
2020-12-13,175018094.7288
2020-12-14,197236995.26399997
2020-12-15,156397143.1788
2020-12-16,288887515.235
2020-12-17,712598806.4956
2020-12-18,1177690832.1425998
2020-12-19,465956413.34580004
2020-12-20,428547892.6224
2020-12-21,301633611.35960007
2020-12-22,647260163.442
2020-12-23,433884278.63690007
2020-12-24,583254745.8283
2020-12-25,344759537.11370003
2020-12-26,375518728.1612
2020-12-27,530655727.47749996
2020-12-28,822241572.2106
2020-12-29,511058869.7897999
2020-12-30,584575020.2299
2020-12-31,751041810.9530001
2021-01-01,606524119.4576
2021-01-02,491258037.68749994
2021-01-03,1393906626.1097999
2021-01-04,975831414.561
2021-01-05,1432013252.8444002
2021-01-06,1026923831.7408
2021-01-07,1414154052.8992002
2021-01-08,1836614178.52
2021-01-09,1794260806.9199998
2021-01-10,711474842.7384001
2021-01-11,1415450812.9355998
2021-01-12,3039065355.8456006
2021-01-13,1344114134.9345999
2021-01-14,1209077691.9085999
2021-01-15,988940894.4948001
2021-01-16,1194986405.2812
2021-01-17,685084801.596
2021-01-18,650030053.9381001
2021-01-19,590495165.8249999
2021-01-20,579558848.8817999
2021-01-21,913461956.838
2021-01-22,1473827003.7816
2021-01-23,1271924926.152
2021-01-24,414697183.05480003
2021-01-25,362355621.4916
2021-01-26,724029496.8172
2021-01-27,782611741.174
2021-01-28,1231838586.1599
2021-01-29,1030518859.4481
2021-01-30,2130003472.9692001
2021-01-31,559013708.158
2021-02-01,358122291.45
2021-02-02,555827113.908
2021-02-03,598901450.2308002
2021-02-04,704292313.8375
2021-02-05,833075414.8451998
2021-02-06,464369301.493
2021-02-07,815234883.4812
2021-02-08,507510700.3529999
2021-02-09,1848583587.0119998
2021-02-10,1278680840.4312
2021-02-11,854939011.6974
2021-02-12,990292287.0491999
2021-02-13,689712445.314
2021-02-14,410208224.0802
2021-02-15,517594005.19490004
2021-02-16,708415696.938
2021-02-17,899200170.726
2021-02-18,1071500775.2992
2021-02-19,665321948.17
2021-02-20,1203321961.67
2021-02-21,737451802.1999999
2021-02-22,515842591.9302
2021-02-23,1925933019.174
2021-02-24,2125994179.9211
2021-02-25,1058762335.0275999
2021-02-26,915917915.7024
2021-02-27,1077018778.2680998
2021-02-28,399909227.55840003
2021-03-01,724061272.7104
2021-03-02,967845187.1567999
2021-03-03,645712708.9319999
2021-03-04,806146031.418
2021-03-05,781773549.7164001
2021-03-06,757198942.4943999
2021-03-07,314191307.884
2021-03-08,439137853.70299995
2021-03-09,593714545.9992
2021-03-10,757075750.3895999
2021-03-11,1017432150.9559002
2021-03-12,867544807.9200001
2021-03-13,701008587.7872
2021-03-14,988962162.2946001
2021-03-15,461229239.306
2021-03-16,1029700470.848
2021-03-17,933139262.0879998
2021-03-18,870414831.54
2021-03-19,769968936.616
2021-03-20,512236900.775
2021-03-21,388273949.242
2021-03-22,493777972.15409994
2021-03-23,818803864.2720001
2021-03-24,694554383.7493999
2021-03-25,930278334.3463001
2021-03-26,798490265.9184
2021-03-27,654657557.7619001
2021-03-28,417333164.98289996
2021-03-29,354789416.1339
2021-03-30,778905384.4239
2021-03-31,505528990.7958
2021-04-01,716750367.2175
2021-04-02,384195844.2432
2021-04-03,484719745.7236
2021-04-04,350520423.44759995
2021-04-05,244447137.70749998
2021-04-06,401549573.229
2021-04-07,389087525.5784
2021-04-08,756167636.0843999
2021-04-09,475807458.1388999
2021-04-10,407439694.0436
2021-04-11,689236659.54
2021-04-12,315279095.9451
2021-04-13,533381831.04499996
2021-04-14,932699539.664
2021-04-15,1004822805.7968
2021-04-16,480649145.05439997
2021-04-17,905029645.7906001
2021-04-18,444839749.04249996
2021-04-19,1795641744.0864
2021-04-20,829117286.5497999
2021-04-21,971129684.1243
2021-04-22,629420904.768
2021-04-23,1187405699.3865001
2021-04-24,1413848471.2289
2021-04-25,458274326.69310004
2021-04-26,576635611.2210001
2021-04-27,848207062.7712
2021-04-28,509014490.488
2021-04-29,563311741.806
2021-04-30,579652972.723
2021-05-01,683907404.46
2021-05-02,337492054.7
2021-05-03,286521388.9888
2021-05-04,571622384.9631
2021-05-05,836868262.6416
2021-05-06,775797222.5643001
2021-05-07,605987088.7744
2021-05-08,622419281.3629
2021-05-09,523002028.07149994
2021-05-10,534233808.3888
2021-05-11,903456808.965
2021-05-12,546570032.5
2021-05-13,928999961.1595999
2021-05-14,1528100267.3316
2021-05-15,573671658.7248
2021-05-16,536658388.23960006
2021-05-17,795540649.036
2021-05-18,1365356635.4928
2021-05-19,776420981.7175001
2021-05-20,3192479060.6673994
2021-05-21,1507671102.5376
2021-05-22,1438210289.5839999
2021-05-23,666031627.835
2021-05-24,1106858419.3752
2021-05-25,1032788864.5364999
2021-05-26,719154798.135
2021-05-27,676198904.1984
2021-05-28,489470054.16400003
2021-05-29,694420431.1602
2021-05-30,458364767.20769995
2021-05-31,329083645.82589996
2021-06-01,481997703.41160005
2021-06-02,465003628.5384
2021-06-03,472220579.50759995
2021-06-04,439066611.0446
2021-06-05,501492074.2641
2021-06-06,437701948.95419997
2021-06-07,244244789.69799998
2021-06-08,468061636.29730004
2021-06-09,898174396.709
2021-06-10,839878615.0992
2021-06-11,619830807.6814001
2021-06-12,418192315.5634
2021-06-13,400987660.045
2021-06-14,496421300.4036
2021-06-15,773480687.154
2021-06-16,563639731.3728
2021-06-17,527484731.4937
2021-06-18,473543196.0956
2021-06-19,492347272.54859996
2021-06-20,344470416.4143
2021-06-21,467990640.9804999
2021-06-22,881732120.885
2021-06-23,1181870044.7323
2021-06-24,567894517.4390001
2021-06-25,346763748.57839996
2021-06-26,487441486.4364
2021-06-27,383763274.666
2021-06-28,356498319.39
2021-06-29,355900532.4631
2021-06-30,385135142.10499996
2021-07-01,406967841.47840005
2021-07-02,324116506.02239996
2021-07-03,217066486.518
2021-07-04,169572916.05240002
2021-07-05,130884160.14700001
2021-07-06,262649988.6393
2021-07-07,258109070.2662
2021-07-08,205349507.1168
2021-07-09,358897369.3643
2021-07-10,195359782.66919997
2021-07-11,179503024.96170002
2021-07-12,135783786.0912
2021-07-13,192174937.9425
2021-07-14,196978689.6624
2021-07-15,250745294.95470002
2021-07-16,242886859.8507
2021-07-17,223188595.08749998
2021-07-18,153024608.92839998
2021-07-19,119375610.091
2021-07-20,227653989.38759997
2021-07-21,334239343.1424
2021-07-22,446695087.8546
2021-07-23,205069638.9348
2021-07-24,190920633.5901
2021-07-25,149062681.60979998
2021-07-26,213671233.62
2021-07-27,985237333.6841999
2021-07-28,636929009.4564999
2021-07-29,648707028.1244999
2021-07-30,291830057.3931
2021-07-31,484267642.4135
2021-08-01,231216114.81199998
2021-08-02,273365143.663
2021-08-03,304362108.8276
2021-08-04,357077322.26
2021-08-05,381430418.398
2021-08-06,589529886.96
2021-08-07,458571279.1505
2021-08-08,577948603.0353999
2021-08-09,424351428.9948
2021-08-10,673221003.7886
2021-08-11,341739411.6567
2021-08-12,357102154.8612
2021-08-13,364203587.11
2021-08-14,413817979.39739996
2021-08-15,289525608.0355
2021-08-16,238769871.1092
2021-08-17,328414269.4825
2021-08-18,391450533.16090006
2021-08-19,318619549.5016
2021-08-20,334784599.96800005
2021-08-21,393922039.2275
2021-08-22,293309782.24459994
2021-08-23,175696197.0432
2021-08-24,347662893.76
2021-08-25,329218454.3778
2021-08-26,308193605.3925
2021-08-27,350695648.25600004
2021-08-28,314537378.69339997
2021-08-29,127683988.5625
2021-08-30,185179756.2692
2021-08-31,243698081.57909998
2021-09-01,261861261.69700003
2021-09-02,295404213.2284
2021-09-03,333198224.2361
2021-09-04,364637470.90800005
2021-09-05,190864422.66779998
2021-09-06,205763894.329
2021-09-07,345881388.722
2021-09-08,984208204.1449
2021-09-09,440223166.06020004
2021-09-10,315266287.5528
2021-09-11,348659557.6632
2021-09-12,133023638.214
2021-09-13,137153005.1712
2021-09-14,398357109.5228
2021-09-15,260550303.57560003
2021-09-16,241115251.78049996
2021-09-17,265469578.3722
2021-09-18,233662730.952
2021-09-19,171820050.213
2021-09-20,135623202.8706
2021-09-21,605141090.3304
2021-09-22,726831468.7551999
2021-09-23,355516148.994
2021-09-24,369977052.76799995
2021-09-25,594658890.506
2021-09-26,132297206.4525
2021-09-27,231309916.7265
2021-09-28,249740960.376
2021-09-29,275833680.1512
2021-09-30,221224597.0592
2021-10-01,360342502.3033
2021-10-02,688291406.5437
2021-10-03,184243787.756
2021-10-04,183312373.50120002
2021-10-05,370887916.3315
2021-10-06,437607953.31240004
2021-10-07,869275029.8808
2021-10-08,402001281.18899995
2021-10-09,375062388.383
2021-10-10,168430381.1004
2021-10-11,294613549.79940003
2021-10-12,350997309.894
2021-10-13,516916488.0932001
2021-10-14,471270462.4177
2021-10-15,339375043.3206
2021-10-16,825023911.6309999
2021-10-17,263628462.4998
2021-10-18,271015042.96239996
2021-10-19,753842251.6688
2021-10-20,594456878.1812
2021-10-21,650092516.4596
2021-10-22,917892845.9842
2021-10-23,529183068.8158
2021-10-24,191872031.9088
2021-10-25,228927561.009
2021-10-26,277562724.5482
2021-10-27,379278445.2255
2021-10-28,590784490.3176
2021-10-29,692953330.3278999
2021-10-30,563700561.949
2021-10-31,226334070.90760002
2021-11-01,267709104.07680002
2021-11-02,412970758.83
2021-11-03,520838604.09360003
2021-11-04,424004759.3916
2021-11-05,282279127.4775
2021-11-06,261917194.44480002
2021-11-07,211867708.1079
2021-11-08,216409013.16300002
2021-11-09,577118758.6268001
2021-11-10,466601853.5078
2021-11-11,829053692.4852
2021-11-12,309495740.16110003
2021-11-13,490505372.2059
2021-11-14,168246880.5792
2021-11-15,214318500
2021-11-16,348327874.1925
2021-11-17,831553555.683
2021-11-18,549940655.7165
2021-11-19,810589480.6968
2021-11-20,479879941.47720003
2021-11-21,233278784.7116
2021-11-22,174269411.841
2021-11-23,494762556.34959996
2021-11-24,480199475.88900006
2021-11-25,332409438.7548
2021-11-26,289094884.176
2021-11-27,777492583.0165
2021-11-28,277078998.492
2021-11-29,252736299.37800002
2021-11-30,367826530.49249995
2021-12-01,522506214.22769994
2021-12-02,479668944.2496
2021-12-03,431885271.2832
2021-12-04,505379017.8231999
2021-12-05,1243669815.772
2021-12-06,618347670.1116
2021-12-07,595736795.6247
2021-12-08,308543486.1643
2021-12-09,301494308.8344
2021-12-10,355604123.5776
2021-12-11,337628656.4944
2021-12-12,212503434.6582
2021-12-13,202841550.615
2021-12-14,503961475.5761
2021-12-15,345859882.6347
2021-12-16,432899084.32320005
2021-12-17,273509536.4848
2021-12-18,356309895.02760005
2021-12-19,159581106.35739997
2021-12-20,192533517.7216
2021-12-21,276202623.5283
2021-12-22,345514275.7818
2021-12-23,211733671.302
2021-12-24,312600141.9432
2021-12-25,239081657.85399997
2021-12-26,123194900.1099
2021-12-27,141498363.7274
2021-12-28,193668918.30400002
2021-12-29,358069054.04760003
2021-12-30,265370559.54700002
2021-12-31,266888972.0112
2022-01-01,313877726.39159995
2022-01-02,180494758.2702
2022-01-03,127274108.004
2022-01-04,200401831.049
2022-01-05,246887759.41680002
2022-01-06,461984932.3115
2022-01-07,393637882.3188
2022-01-08,488956956.8856
2022-01-09,219239676.6817
2022-01-10,183137667.3576
2022-01-11,429424725.21000004
2022-01-12,330038460.48370004
2022-01-13,306079003.56
2022-01-14,272189573.50680006
2022-01-15,217414771.965
2022-01-16,111568728.7393
2022-01-17,107637568.29
2022-01-18,154783167.4775
2022-01-19,202865735.0568
2022-01-20,219649804.1615
2022-01-21,289428557.0358
2022-01-22,753687064.8299999
2022-01-23,446318667.4657
2022-01-24,257365978.4504
2022-01-25,737386595.8216001
2022-01-26,288957799.11689997
2022-01-27,439495100.73
2022-01-28,343642909.0705
2022-01-29,252375987.58350003
2022-01-30,147213501.3288
2022-01-31,87415311.4308
2022-02-01,230446207.79169998
2022-02-02,271406357.0686
2022-02-03,211170059.74400002
2022-02-04,163514426.92000002
2022-02-05,456958267.8625
2022-02-06,209490904.41120002
2022-02-07,141085407.5202
2022-02-08,403017431.6634
2022-02-09,366731227.48639995
2022-02-10,269200808.685
2022-02-11,464258417.52779996
2022-02-12,322559181.27099997
2022-02-13,140455080.6988
2022-02-14,90673301.6639
2022-02-15,187826655.38700002
2022-02-16,235405883.064
2022-02-17,173518252.1539
2022-02-18,327153771.0551
2022-02-19,266751395.53800002
2022-02-20,81527019.56650001
2022-02-21,190749767.1736
2022-02-22,376297985.0144
2022-02-23,285087602.45299995
2022-02-24,245165376.96400002
2022-02-25,846061849.3402
2022-02-26,290502971.352
2022-02-27,146389006.43690002
2022-02-28,249386254.8432
2022-03-01,586750288.004
2022-03-02,600026434.7954
2022-03-03,384922007.82
2022-03-04,346402069.068
2022-03-05,495957604.5125
2022-03-06,118294086.9836
2022-03-07,175544267.5295
2022-03-08,296985143.40000004
2022-03-09,279092850.64199996
2022-03-10,409676985.0096
2022-03-11,360028497.81
2022-03-12,267911337.6576
2022-03-13,116260660.526
2022-03-14,138991446.0656
2022-03-15,240023981.33999997
2022-03-16,213584009.7006
2022-03-17,652943632.6044
2022-03-18,208715564.8872
2022-03-19,246251063.8129
2022-03-20,117217182.5608
2022-03-21,143098716.7617
2022-03-22,188238486.312
2022-03-23,326642014.7693
2022-03-24,227640947.79139996
2022-03-25,279553357.1948
2022-03-26,294807777.4845
2022-03-27,87655860.1288
2022-03-28,215085807.13829997
2022-03-29,363200213.7945
2022-03-30,222767932.4699
2022-03-31,198230006.14560002
2022-04-01,217720733.859
2022-04-02,343182405.4464
2022-04-03,128666154.54
2022-04-04,134898633.464
2022-04-05,222101255.5622
2022-04-06,183110273.2288
2022-04-07,414304824.9626
2022-04-08,172917581.4016
2022-04-09,210672152.9154
2022-04-10,68207000.8752
2022-04-11,107486751.4035
2022-04-12,309663439.8608
2022-04-13,239384869.614
2022-04-14,225976504.4274
2022-04-15,168764849.25300002
2022-04-16,112772413.352
2022-04-17,53175059.972399995
2022-04-18,73215603.2505
2022-04-19,287373058.92840004
2022-04-20,157094338.602
2022-04-21,170464944.73680001
2022-04-22,275663401.1415
2022-04-23,224581597.2795
2022-04-24,70432434.8531
2022-04-25,92532159.3891
2022-04-26,331208745.177
2022-04-27,341949327.6582
2022-04-28,241767322.45119998
2022-04-29,244512171.426
2022-04-30,194624829.6024
2022-05-01,85985016.1128
2022-05-02,137414022.55560002
2022-05-03,201444973.9785
2022-05-04,172136340.7254
2022-05-05,266960829.0919
2022-05-06,425676217.356
2022-05-07,266451045.5822
2022-05-08,117427071.76739998
2022-05-09,282204788.6652
2022-05-10,754487501.7293999
2022-05-11,702775072.4497
2022-05-12,991604857.165
2022-05-13,1105198768.4514
2022-05-14,387333462.2234
2022-05-15,202107995.61420003
2022-05-16,154366315.2477
2022-05-17,255625941.6425
2022-05-18,199056179.81739998
2022-05-19,238926820.585
2022-05-20,243106193.72129998
2022-05-21,224870774.125
2022-05-22,56412343.9488
2022-05-23,124032530.2902
2022-05-24,191646935.1146
2022-05-25,177388979.8716
2022-05-26,164845089.9255
2022-05-27,305995780.5408
2022-05-28,236424011.7252
2022-05-29,72992061.0282
2022-05-30,85755025.3674
2022-05-31,359076819.3324
2022-06-01,214511112.6009
2022-06-02,291288782.8829
2022-06-03,155102011.2564
2022-06-04,151025247.144
2022-06-05,49641869.5113
2022-06-06,65518044.03899999
2022-06-07,246876697.51799998
2022-06-08,379367423.2356
2022-06-09,204405977.685
2022-06-10,112529287.9722
2022-06-11,272976542.0934
2022-06-12,163111543.14499998
2022-06-13,232964222.258
2022-06-14,968674515.0362
2022-06-15,578478784.3722
2022-06-16,853684510.3032001
2022-06-17,349089081.348
2022-06-18,306433993.6175
2022-06-19,531583207.6622
2022-06-20,382228331.47940004
2022-06-21,295182558.6182
2022-06-22,244194794.9235
2022-06-23,261583959.3934
2022-06-24,202431231.126
2022-06-25,212224874.20160002
2022-06-26,87243832.2906
2022-06-27,93001905.77759999
2022-06-28,165856122.66730002
2022-06-29,143100187.9857
2022-06-30,179993433.33810002
2022-07-01,278906084.406
2022-07-02,268386658.902
2022-07-03,75547500.075
2022-07-04,96042289.19610001
2022-07-05,142899002.0625
2022-07-06,221464776.6513
2022-07-07,148839589.80350003
2022-07-08,246810508.6
2022-07-09,245080180.0755
2022-07-10,71129774.82
2022-07-11,106915718.06040001
2022-07-12,139169194.6689
2022-07-13,164495698.4081
2022-07-14,238743694.00349998
2022-07-15,185630825.787
2022-07-16,139455238.0032
2022-07-17,133155942.78
2022-07-18,104266691.33919999
2022-07-19,330659552.392
2022-07-20,397566197.2698
2022-07-21,346942430.1458
2022-07-22,212513100.3789
2022-07-23,177395496.5484
2022-07-24,109109055.452
2022-07-25,99799981.088
2022-07-26,178870666.128
2022-07-27,183412856.69280002
2022-07-28,251411017.33110002
2022-07-29,295870938
2022-07-30,212245814.88
2022-07-31,143327156.6714
2022-08-01,113172898.2681
2022-08-02,142962528.8294
2022-08-03,146484193.2561
2022-08-04,159814958.8525
2022-08-05,145167442.13399997
2022-08-06,206837082.15719998
2022-08-07,66176253.88149999
2022-08-08,69880096.935
2022-08-09,171883810.4192
2022-08-10,121787370.5616
2022-08-11,235101443.8176
2022-08-12,209152342.755
2022-08-13,142290051.3846
2022-08-14,101940131.61659999
2022-08-15,97407151.3823
2022-08-16,177695425.4598
2022-08-17,142507546.9682
2022-08-18,186970069.96870002
2022-08-19,85576545.50400001
2022-08-20,282670538.83500004
2022-08-21,102525167.1585
2022-08-22,93146577.8177
2022-08-23,133683770.92650001
2022-08-24,111893631.68959999
2022-08-25,112569050.8327
2022-08-26,84671660.8548
2022-08-27,246810893.3568
2022-08-28,91358283.282
2022-08-29,66312859.9365
2022-08-30,135552924.6624
2022-08-31,151790295.21760002
2022-09-01,163277928.8064
2022-09-02,138904614.104
2022-09-03,131906293.6608
2022-09-04,45999606.05279999
2022-09-05,43449774.075500004
2022-09-06,79616230.1996
2022-09-07,265106953.947
2022-09-08,151383910.5464
2022-09-09,118936981.0128
2022-09-10,304688747.9348
2022-09-11,104361707.8984
2022-09-12,79558279.9176
2022-09-13,194506661.8936
2022-09-14,329517960.6976
2022-09-15,182388428.82
2022-09-16,153718631.02519998
2022-09-17,150444803.0778
2022-09-18,69923600.0706
2022-09-19,97523923.19399999
2022-09-20,217909209.54000002
2022-09-21,145048691.0928
2022-09-22,325322374.08
2022-09-23,151459902.2762
2022-09-24,161439766.84440002
2022-09-25,60333153.5973
2022-09-26,67057009.234
2022-09-27,164548429.26079997
2022-09-28,319169158.07350004
2022-09-29,316928346.6978
2022-09-30,169413525.783
2022-10-01,253017327.26400003
2022-10-02,50852295.2727
2022-10-03,55637564.718
2022-10-04,122779201.72240001
2022-10-05,208891717.335
2022-10-06,148680376.4043
2022-10-07,133641030.0638
2022-10-08,132320972.2266
2022-10-09,46638474.8005
2022-10-10,40444165.28880001
2022-10-11,92330288.9916
2022-10-12,109367602.67159998
2022-10-13,75259960.0375
2022-10-14,282223029.2997
2022-10-15,149520641.71539998
2022-10-16,50545237.75699999
2022-10-17,45258775.7313
2022-10-18,112093793.98
2022-10-19,117679359.28320001
2022-10-20,85475781.2105
2022-10-21,102267382.4458
2022-10-22,125727948.2808
2022-10-23,28787625.168500002
2022-10-24,75735528.76889999
2022-10-25,101881192.98
2022-10-26,231153549.30150002
2022-10-27,198263659.5324
2022-10-28,154340655.31080002
2022-10-29,149183201.3679
2022-10-30,81289810.9008
2022-10-31,58164737.455000006
2022-11-01,125304780.02560002
2022-11-02,77015431.25619999
2022-11-03,154462597.8388
2022-11-04,93854980.3856
2022-11-05,199450765.4407
2022-11-06,61801122.9682
2022-11-07,49064031.54240001
2022-11-08,96504927.3064
2022-11-09,678860774.3369
2022-11-10,521582656.35
2022-11-11,465541086.5283
2022-11-12,271418723.8896
2022-11-13,81091749.15200001
2022-11-14,92079635.54699999
2022-11-15,256353153.7932
2022-11-16,238738600.90080002
2022-11-17,168947615.592
2022-11-18,118130025.884
2022-11-19,110184993.8188
2022-11-20,49535398.008
2022-11-21,68450309.7483
2022-11-22,219880442.6615
2022-11-23,143346534.045
2022-11-24,133423440.0756
2022-11-25,75688791.6186
2022-11-26,70966475.0064
2022-11-27,55597755.94230001
2022-11-28,50052874.65
2022-11-29,124241678.39999999
2022-11-30,109941865.4466
2022-12-01,166029249.6156
2022-12-02,108607865.058
2022-12-03,89476520.03289999
2022-12-04,43680876.3765
2022-12-05,56116700.9067
2022-12-06,107058333.1258
2022-12-07,69807219.0465
2022-12-08,70035442.5925
2022-12-09,87723150.471
2022-12-10,70550099.453
2022-12-11,31080144.351000004
2022-12-12,39597815.9685
2022-12-13,84668640.7281
2022-12-14,174665411.7198
2022-12-15,165877795.188
2022-12-16,103193283.49460001
2022-12-17,131944320.42399998
2022-12-18,47752027.375999995
2022-12-19,34532073.43890001
2022-12-20,95453946.9136
2022-12-21,99941753.0976
2022-12-22,66127294.915199995
2022-12-23,86287396.806
2022-12-24,79608649.3414
2022-12-25,36338471.991
2022-12-26,27262542.0348
2022-12-27,39836135.186000004
2022-12-28,83342037.16
2022-12-29,93582884.88159999
2022-12-30,63867567.491100006
2022-12-31,85716151.24679999
2023-01-01,67960598.37699999
2023-01-02,40104665.254499994
2023-01-03,40842938.984400004
2023-01-04,67127812.416
2023-01-05,88704412.4208
2023-01-06,61580958.7898
2023-01-07,77808186.14240001
2023-01-08,24729147.072
2023-01-09,39001186.8565
2023-01-10,101631953.3292
2023-01-11,77597338.296
2023-01-12,104239840.81199999
2023-01-13,246713098.0032
2023-01-14,194200560.4664
2023-01-15,296810840.115
2023-01-16,76063182.273
2023-01-17,158791360.62480003
2023-01-18,134819553.162
2023-01-19,256388158.84379998
2023-01-20,121156561.916
2023-01-21,193760533.9865
2023-01-22,215287571.4
2023-01-23,117210442.1285
2023-01-24,124568046.4119
2023-01-25,131120352.98650001
2023-01-26,197284741.89240003
2023-01-27,137208556.9176
2023-01-28,143458157.12420002
2023-01-29,48265880.5434
2023-01-30,133086685.77950001
2023-01-31,156949934.6001
2023-02-01,106007672.48850001
2023-02-02,174375350.1756
2023-02-03,209173699.2471
2023-02-04,128337774.36260001
2023-02-05,60544714.40160001
2023-02-06,96020495.046
2023-02-07,122812426.03660001
2023-02-08,132768805.09490001
2023-02-09,92112782.5161
2023-02-10,169203991.5685
2023-02-11,111347434.20449999
2023-02-12,51250711.512
2023-02-13,62423957.20999999
2023-02-14,111345779.8558
2023-02-15,119927061.14999999
2023-02-16,220668433.44129997
2023-02-17,272640921.5391
2023-02-18,231598030.6827
2023-02-19,54627731.1084
2023-02-20,117271774.531
2023-02-21,149930479.7991
2023-02-22,219179698.137
2023-02-23,182405179.00289997
2023-02-24,188019870.363
2023-02-25,179314668.7148
2023-02-26,70867115.51679999
2023-02-27,93067686.8292
2023-02-28,135375663.225
2023-03-01,98710196.70199999
2023-03-02,132061005.97919999
2023-03-03,108154022.032
2023-03-04,194324512.57680002
2023-03-05,43214866.8168
2023-03-06,53071232.330400005
2023-03-07,65823800.7454
2023-03-08,115819843.573
2023-03-09,99311303.56030001
2023-03-10,230437687.1344
2023-03-11,284843551.42399997
2023-03-12,317431705.421
2023-03-13,279823004.61840004
2023-03-14,536192932.7584
2023-03-15,568507075.6734
2023-03-16,314952465.59209996
2023-03-17,229722587.49719998
2023-03-18,502201239.1374
2023-03-19,304742059.8456
2023-03-20,303060261.99759996
2023-03-21,393659068.4856
2023-03-22,275910504.11
2023-03-23,460263315.13920003
2023-03-24,340450575.1218
2023-03-25,283433854.18200004
2023-03-26,113277718.0668
2023-03-27,121445946.0192
2023-03-28,240584205.3168
2023-03-29,183343122.56480002
2023-03-30,250206966.89599997
2023-03-31,258739817.5186
2023-04-01,216088394.33999997
2023-04-02,93564871.1304
2023-04-03,83774306.25600001
2023-04-04,231749936.52179998
2023-04-05,127508396.665
2023-04-06,187662864.93600002
2023-04-07,112350711.99139999
2023-04-08,57908933.7795
2023-04-09,39722974.1691
2023-04-10,74445095.4578
2023-04-11,265591202.3184
2023-04-12,275891169.002
2023-04-13,213322107.628
2023-04-14,184092171.54
2023-04-15,254014646.368
2023-04-16,71746426.0752
2023-04-17,70915276.0575
2023-04-18,190738878.714
2023-04-19,225605910.992
2023-04-20,325653921.6931
2023-04-21,212240929.12620002
2023-04-22,224447733.9282
2023-04-23,92635946.0922
2023-04-24,73693531.3335
2023-04-25,180899393.1456
2023-04-26,175796920.71629998
2023-04-27,437852940.8528
2023-04-28,302649695.1525
2023-04-29,187732802.4077
2023-04-30,77128749.2448
2023-05-01,172241997.2878
2023-05-02,239912232.16900003
2023-05-03,170109865.6614
2023-05-04,211286574.0612
2023-05-05,145342875.11040002
2023-05-06,191499429.3674
2023-05-07,134334956.7252
2023-05-08,84321031.7408
2023-05-09,212841438.62789997
2023-05-10,147367562.2494
2023-05-11,240700497.72680002
2023-05-12,153747868.56
2023-05-13,303294736.824
2023-05-14,81321845.98059998
2023-05-15,68640731.08739999
2023-05-16,173477698.6878
2023-05-17,123380836.1289
2023-05-18,190227284.5408
2023-05-19,163528387.3648
2023-05-20,99318350.976
2023-05-21,47159434.6624
2023-05-22,68746457.9981
2023-05-23,90871843.9671
2023-05-24,111668164.22049999
2023-05-25,161570604.5124
2023-05-26,127651516.2293
2023-05-27,127338532.1154
2023-05-28,63893941.499800004
2023-05-29,154325950.407
2023-05-30,135551530.4688
2023-05-31,146912372.72
2023-06-01,154416305.4191
2023-06-02,137647990.6933
2023-06-03,129818928.8638
2023-06-04,52153135.1299
2023-06-05,52373802.3666
2023-06-06,266010801.408
2023-06-07,293987208.9856
2023-06-08,210609417.62
2023-06-09,114408287.01300001
2023-06-10,87014782.9824
2023-06-11,205826192.3172
2023-06-12,67982738.7982
2023-06-13,111048711.3216
2023-06-14,127316942.54299998
2023-06-15,185891852.0832
2023-06-16,202000380.2166
2023-06-17,177030996.8973
2023-06-18,81980557.9572
2023-06-19,63976191.14040001
2023-06-20,150515983.72800002
2023-06-21,320769000.716
2023-06-22,520281025.7448
2023-06-23,327010445.1912
2023-06-24,352578936.08
2023-06-25,112588966.8463
2023-06-26,115256742.48
2023-06-27,164194728.831
2023-06-28,186272682.7559
2023-06-29,164065671.4394
2023-06-30,154438748.50320002
2023-07-01,374325313.46000004
2023-07-02,45812345.751499996
2023-07-03,60646486.3225
2023-07-04,138957089.4084
2023-07-05,85616303.83739999
2023-07-06,122294483.766
2023-07-07,254515159.7232
2023-07-08,142109199.45069999
2023-07-09,57088579.352
2023-07-10,57088579.352
2023-07-11,148712957.78289998
2023-07-12,100801354.044
2023-07-13,139038409.9196
2023-07-14,261730009.4675
2023-07-15,222048147.2244
2023-07-16,36018916.0469
2023-07-17,56730765.28
2023-07-18,135945217.486
2023-07-19,119872904.904
2023-07-20,106885367.4096
2023-07-21,122240946.96169999
2023-07-22,79798111.8644
2023-07-23,40694404.2736
2023-07-24,52601175.368
2023-07-25,169567761.7722
2023-07-26,77319612.7608
2023-07-27,111241118.72160001
2023-07-28,83363146.3476
2023-07-29,75874515.978
2023-07-30,31948845.1002
2023-07-31,39351959.8468
2023-08-01,76046100.71220002
2023-08-02,164642220.7177
2023-08-03,155030979.95299998
2023-08-04,102088529.3597
2023-08-05,84364892.25
2023-08-06,24804386.2191
2023-08-07,31119765.495799996
2023-08-08,113263846.4743
2023-08-09,194644727.0914
2023-08-10,119595811.5074
2023-08-11,83617227.7432
2023-08-12,63542799.668400005
2023-08-13,23582038.5984
2023-08-14,26317972.684800003
2023-08-15,84288773.556
2023-08-16,73271295.6255
2023-08-17,103039461.25919999
2023-08-18,316802210.787
2023-08-19,167457265.8615
2023-08-20,54617749.56600001
2023-08-21,35766621.74340001
2023-08-22,83587336.2111
2023-08-23,97259315.0904
2023-08-24,147782029.82360002
2023-08-25,88863193.134
2023-08-26,94638324.3426
2023-08-27,17222764.89
2023-08-28,24701117.791799996
2023-08-29,73163056.0299
2023-08-30,291466042.47969997
2023-08-31,124657186.9312
2023-09-01,147426195.5211
2023-09-02,132024701.32199998
2023-09-03,32452773.405
2023-09-04,37002260.583
2023-09-05,53604510.265200004
2023-09-06,56681246.45999999
2023-09-07,72508444.305
2023-09-08,108204976.0264
2023-09-09,107528935.90189998
2023-09-10,22877622.885
2023-09-11,51924226.5282
2023-09-12,143817663.477
2023-09-13,193288239.408
2023-09-14,128560378.167
2023-09-15,134998286.7072
2023-09-16,120866463.5025
2023-09-17,32567054.1105
2023-09-18,26124958.2646
2023-09-19,148342957.2768
2023-09-20,142399998.6048
2023-09-21,132168064.72100002
2023-09-22,116511415.744
2023-09-23,60729980.630399995
2023-09-24,23596236.7584
2023-09-25,43231716.0625
2023-09-26,120591282.32310002
2023-09-27,56123482.517400004
2023-09-28,115683725.85000001
2023-09-29,149797689.678
2023-09-30,106413850.3322
2023-10-01,33571712.4468
2023-10-02,92634890.5368
2023-10-03,243161897.14309996
2023-10-04,107723176.3491
2023-10-05,98113433.84920001
2023-10-06,117999240.4248
2023-10-07,134859720.1482
2023-10-08,34915663.6668
2023-10-09,37686417.7046
2023-10-10,102064217.26739998
2023-10-11,84761319.2305
2023-10-12,150437323.73430002
2023-10-13,83675667.753
2023-10-14,110335651.9331
2023-10-15,33622500.0444
2023-10-16,52626065.9409
2023-10-17,390670173.608
2023-10-18,133227081.0764
2023-10-19,111184138.60000001
2023-10-20,129758366.075
2023-10-21,217961706.408
2023-10-22,99275945.20480001
2023-10-23,73488684.9774
2023-10-24,447531957.4606
2023-10-25,505963826.65300006
2023-10-26,247875651.84180003
2023-10-27,225365583.7062
2023-10-28,181068889.88160002
2023-10-29,71567587.2444
2023-10-30,92699438.3638
2023-10-31,167375391.32
2023-11-01,132635795.10480002
2023-11-02,236254945.3824
2023-11-03,219913621.75
2023-11-04,137240635.395
2023-11-05,90146814.538
2023-11-06,99794919.37249999
2023-11-07,106808767.5344
2023-11-08,170696915.1228
2023-11-09,156944472.64799997
2023-11-10,438797611.15
2023-11-11,249278391.4635
2023-11-12,99379191.66059999
2023-11-13,68645460.4234
2023-11-14,194459340.694
2023-11-15,250531195.69730002
2023-11-16,305437915.4728
2023-11-17,336117797.975
2023-11-18,265908166.44900003
2023-11-19,69296820.57609999
2023-11-20,120895834.2228
2023-11-21,271730084.7996
2023-11-22,344244685.6615
2023-11-23,334949209.80599993
2023-11-24,149535615.4056
2023-11-25,243113526.165
2023-11-26,67607737.2088
2023-11-27,99009668.38049999
2023-11-28,153528998.7506
2023-11-29,266253274.71
2023-11-30,171937929.5061
2023-12-01,124197369.3607
2023-12-02,230410630.521
2023-12-03,126906756.9
2023-12-04,135984096.7056
2023-12-05,456738546.1085
2023-12-06,380328665.1528
2023-12-07,251303187.457
2023-12-08,211131388.99199998
2023-12-09,269871669.3384
2023-12-10,127309775.94240001
2023-12-11,103582253.9455
2023-12-12,510402439.039
2023-12-13,249176718.6923
2023-12-14,303353253.69699997
2023-12-15,260883892.47959998
2023-12-16,188908739.64929998
2023-12-17,96649225.21869999
2023-12-18,179563581.622
2023-12-19,211236161.79200003
2023-12-20,255583194.45000002
2023-12-21,319630846.772
2023-12-22,231196080.6288
2023-12-23,193701103.5636
2023-12-24,88271584.5167
2023-12-25,148651506.8178
2023-12-26,118404332.86919999
2023-12-27,268182019.8763
2023-12-28,203089739.5212
2023-12-29,200527984.3183
2023-12-30,245225040.66059998
2023-12-31,103088615.22299999
2024-01-01,120491468.4141
2024-01-02,191411758.7166
2024-01-03,499647128.332
2024-01-04,514261114.198
2024-01-05,314948145.51199996
2024-01-06,348452801.212
2024-01-07,91894994.49839999
2024-01-08,153898478.9994
2024-01-09,555776264.2673999
2024-01-10,646887215.7879
2024-01-11,689078175.5763999
2024-01-12,661321006.4875
2024-01-13,752569504.0929999
2024-01-14,128748001.2336
2024-01-15,180111563.4325
2024-01-16,181754930.48180002
2024-01-17,248808386.752
2024-01-18,207294361.8718
2024-01-19,296750591.21999997
2024-01-20,311733267.1992
2024-01-21,69319575.224
2024-01-22,59045038.08
2024-01-23,338205445.79539996
2024-01-24,293737240.16599995
2024-01-25,236773121.7929
2024-01-26,170499052.965
2024-01-27,321381863.0496
2024-01-28,91411016.42930001
2024-01-29,135234551.4831
2024-01-30,210780866.9805
2024-01-31,234753876.05049998
2024-02-01,293197116.0456
2024-02-02,221836886.13720003
2024-02-03,202752577.57759997
2024-02-04,58933191.8231
2024-02-05,65810396.273600005
2024-02-06,177940995.222
2024-02-07,151692156.99
2024-02-08,277857410.56839997
2024-02-09,344617947.85649997
2024-02-10,483026753.0482
2024-02-11,135111737.488
2024-02-12,140691021.843
2024-02-13,444812662.1445
2024-02-14,360211576.08
2024-02-15,413379349.6898
2024-02-16,390351928.3657
2024-02-17,236474602.7613
2024-02-18,173573360.3445
2024-02-19,141895531.3971
2024-02-20,156177342.384
2024-02-21,417586901.578
2024-02-22,265879100.8188
2024-02-23,230447312.0455
2024-02-24,199133458.43640003
2024-02-25,79341028.2119
2024-02-26,100928618.92400001
2024-02-27,476193931.02580005
2024-02-28,607868832.7535
2024-02-29,1170337966.8183
2024-03-01,796845089.238
2024-03-02,401306949.43
2024-03-03,198823463.32940003
2024-03-04,189476142.536
2024-03-05,808587144.8276999
2024-03-06,1275111831.9867
2024-03-07,701830511.6905
2024-03-08,488010222.83
2024-03-09,672589355.402
2024-03-10,138067430.952
2024-03-11,320260291.09080005
2024-03-12,858192999.5975999
2024-03-13,607367408.8746
2024-03-14,532150403.7983999
2024-03-15,774375356.0220001
2024-03-16,915977937.0816001
2024-03-17,336978691.8606
2024-03-18,337614205.0995
2024-03-19,486670430.97660005
2024-03-20,896735286.7176001
2024-03-21,892010452.5437999
2024-03-22,438135486.83640003
2024-03-23,394506658.95780003
2024-03-24,212002527.1351
2024-03-25,230591017.74310002
2024-03-26,598111635.24
2024-03-27,420067165.6011999
2024-03-28,514434736.07189995
2024-03-29,429321770.2475
2024-03-30,231467318.75900003
2024-03-31,93566714.5938
2024-04-01,148022841.1392
2024-04-02,333076026.20600003
2024-04-03,567178521.8108001
2024-04-04,264675355.7157
2024-04-05,408140258.4445999
2024-04-06,412231112.2032
2024-04-07,168432954.45340002
2024-04-08,199599899.65730003
2024-04-09,462571787.4876
2024-04-10,485608092.6975
2024-04-11,439255942.27489996
2024-04-12,330459720.152
2024-04-13,656060930.9432
2024-04-14,625046488.3316
2024-04-15,358442337.3594
2024-04-16,424121675.9304
2024-04-17,434879578.1352
2024-04-18,509763760.8503001
2024-04-19,396096192.37619996
2024-04-20,627848217.2375001
2024-04-21,217589645.4116
2024-04-22,152452095.5817
2024-04-23,370050475.29780006
2024-04-24,244598871.59969997
2024-04-25,346769763.8901
2024-04-26,331902551.4123
2024-04-27,219975352.317
2024-04-28,143816198.3175
2024-04-29,103478935.3971
2024-04-30,235420816.3048
2024-05-01,488305964.648
2024-05-02,626699519.1439999
2024-05-03,308661105.156
2024-05-04,459739745.3579
2024-05-05,257089243.66959998
2024-05-06,144955309.3495
2024-05-07,344693198.4054
2024-05-08,279276674.8842
2024-05-09,232709097.1296
2024-05-10,218949258.33990002
2024-05-11,305144383.8779
2024-05-12,83158592.7858
2024-05-13,85559115.7164
2024-05-14,266267807.42170003
2024-05-15,248173582.692
2024-05-16,575329237.0932
2024-05-17,315594998.6313
2024-05-18,286102454.924
2024-05-19,79102485.4222
2024-05-20,112913407.31580001
2024-05-21,455363725.4014
2024-05-22,350193696.2760001
2024-05-23,319144111.8109
2024-05-24,443308782.8817
2024-05-25,225741561.48719996
2024-05-26,81765338.718
2024-05-27,78486259.70539999
2024-05-28,201309272.7643
2024-05-29,305845899.936
2024-05-30,264832289.3765
2024-05-31,306077441.6492
2024-06-01,249622032.12489995
2024-06-02,48154509.9261
2024-06-03,89209413.90900001
2024-06-04,332641019.85480005
2024-06-05,381951958.79080003
2024-06-06,344754426.3263999
2024-06-07,281625399.42480004
2024-06-08,455128375.3866
2024-06-09,77737031.91539998
2024-06-10,66199927.998399995
2024-06-11,174365595.8674
2024-06-12,408497184.12
2024-06-13,366473603.4202
2024-06-14,274885725.6153
2024-06-15,337748082.471
2024-06-16,78679201.4424
2024-06-17,96557462.01850002
2024-06-18,299300640.48920006
2024-06-19,374130380.0434
2024-06-20,120869513.94070001
2024-06-21,281061349.4486
2024-06-22,230207961.62
2024-06-23,44080861.9482
2024-06-24,81685425.66800001
2024-06-25,549468502.1436
2024-06-26,352591280.392
2024-06-27,171579980.9622
2024-06-28,187543205.5896
2024-06-29,204630560.9822
2024-06-30,69285841.1872
2024-07-01,124023354.4044
2024-07-02,259155678.24640003
2024-07-03,174262530.77199998
2024-07-04,263703420.89599997
2024-07-05,330756425.484
2024-07-06,493037343.0464
2024-07-07,135832612.02
2024-07-08,121347003.56940001
2024-07-09,373768538.60060006
2024-07-10,269873999.3576
2024-07-11,242131296.0075
2024-07-12,255291075.6812
2024-07-13,234576338.2405
2024-07-14,148892227.9
2024-07-15,196264972.2224
2024-07-16,493741259.7876
2024-07-17,481594279.03050005
2024-07-18,292832510.9782
2024-07-19,235344354.3066
2024-07-20,378697750.123
2024-07-21,145569499.239
2024-07-22,243535203.15739998
2024-07-23,298155966.4902
2024-07-24,382770870.56279993
2024-07-25,257787801.2446
2024-07-26,298230195.03000003
2024-07-27,334282374.1088
2024-07-28,364564145.9772
2024-07-29,133471924.2164
2024-07-30,405239744.70720005
2024-07-31,262138980
2024-08-01,247521258.6363
2024-08-02,421154945.0352
2024-08-03,436363660.9303
2024-08-04,276874365.2748
2024-08-05,273185718.8636
2024-08-06,1148661960.9464
2024-08-07,438844401.6145
2024-08-08,420623562.88350004
2024-08-09,526376144.4930001
2024-08-10,390585857.1193
2024-08-11,116405149.4914
2024-08-12,200426956.48
2024-08-13,350700157.1307
2024-08-14,360557538.416
2024-08-15,358098726.2652
2024-08-16,380655235.1433
2024-08-17,306429517.8054
2024-08-18,86600153.7164
2024-08-19,136997377.12
2024-08-20,228221556.61110002
2024-08-21,323448576.746
2024-08-22,335808532.9796
2024-08-23,253147954.00439999
2024-08-24,474948599.3185
2024-08-25,142198698.2679
2024-08-26,112739077.6002
2024-08-27,199263562.6446
2024-08-28,334463993.0716
2024-08-29,322847715.9136
2024-08-30,268111393.7498
2024-08-31,245014843.91369998
2024-09-01,79166941.0532
2024-09-02,202251047.31599998
2024-09-03,208989807.0735
2024-09-04,201340623.2409
2024-09-05,300557226.4821
2024-09-06,242470741.3188
2024-09-07,427234498.8876
2024-09-08,117603860.7172
2024-09-09,130262738.73859999
2024-09-10,306474585.12
2024-09-11,212321349.4458
2024-09-12,332814234.9984
2024-09-13,256473820.67
2024-09-14,379400607.3766
2024-09-15,112557340.83659999
2024-09-16,144995228.0038
2024-09-17,210252643.242
2024-09-18,354058739.5062
2024-09-19,391444859.1818
2024-09-20,418638472.35599995
2024-09-21,276997037.9205
2024-09-22,152492057.5311
2024-09-23,208130927.5188
2024-09-24,259284487.26270002
2024-09-25,251134995.32799998
2024-09-26,206460087.67200002
2024-09-27,327423055.6652
2024-09-28,221805856.55249998
2024-09-29,71367128.775
2024-09-30,74145360.8469
2024-10-01,275937981.0927
2024-10-02,395681780.43719995
2024-10-03,307554295.91950005
2024-10-04,236511653.1595
2024-10-05,229032610.2809
2024-10-06,72898516.22299999
2024-10-07,103983835.12200001
2024-10-08,276157962.6432
2024-10-09,207594794.792
2024-10-10,216014829.94259998
2024-10-11,269528260.1268
2024-10-12,273174108.1953
2024-10-13,100712306.3732
2024-10-14,98907434.1474
2024-10-15,360793561.428
2024-10-16,502678672.23840004
2024-10-17,321120429.7620001
2024-10-18,242164656.2904
2024-10-19,261758954.004
2024-10-20,60553586.890200004
2024-10-21,98048855.83
2024-10-22,346821091.3752
2024-10-23,252679255.10399997
2024-10-24,304197859.9296
2024-10-25,313889353.3986
2024-10-26,391109107.30439997
2024-10-27,78428057.1072
2024-10-28,103649486.70030001
2024-10-29,412745996.39820004
2024-10-30,626934619.4352
2024-10-31,384788398.71169996
2024-11-01,340772201.86980003
2024-11-02,445487002.4402
2024-11-03,133227878.5983
2024-11-04,297064354.67300004
2024-11-05,371092180.6893
2024-11-06,423067356.5514
2024-11-07,1493013774.3466
2024-11-08,569813289.8141999
2024-11-09,456486068.84380007
2024-11-10,170231282.96800002
2024-11-11,679557041.9743
2024-11-12,1363723544.3036
2024-11-13,1465003479.1824
2024-11-14,1582738011.8256
2024-11-15,1066135970.8832
2024-11-16,919109477.0116
2024-11-17,297287070.2607
2024-11-18,387419484.46880007
2024-11-19,895022938.7744
2024-11-20,879056134.7604
2024-11-21,1362099607.9357
2024-11-22,1413929500.968
2024-11-23,978272034.8003999
2024-11-24,387213304.47980005
2024-11-25,403233862.66359997
2024-11-26,817388472.1122
2024-11-27,844425799.1950002
2024-11-28,754305423.9813
2024-11-29,355240142.98899996
2024-11-30,591410646.9762
2024-12-01,145189198.9264
2024-12-02,183654540.03239998
2024-12-03,628309175.2224001
2024-12-04,616301970.6084999
2024-12-05,1002614042.5672001
2024-12-06,1783684132.6222
2024-12-07,659696237.409
2024-12-08,160423463.44739997
2024-12-09,239973680.66080004
2024-12-10,657994801.3275
2024-12-11,575697970.3326001
2024-12-12,591142121.5905
2024-12-13,441805447.975
2024-12-14,334557725.2407
2024-12-15,179315304.8256
2024-12-16,396119548.9335
2024-12-17,822694979.1708001
2024-12-18,740994427.2423999
2024-12-19,704470672.9176
2024-12-20,850319898.6744
2024-12-21,731680040.3884
2024-12-22,306252906.08059996
2024-12-23,299236646.1216
2024-12-24,528489091.5128
2024-12-25,403446687.8007
2024-12-26,179337009.7212
2024-12-27,407848155.4749
2024-12-28,556478116.8184
2024-12-29,139756308.5128
2024-12-30,165696961.9374
2024-12-31,489958490.16159993
2025-01-01,380560542.31020004
2025-01-02,176175933.4017
2025-01-03,375712664.4234
2025-01-04,333970035.6762
2025-01-05,126838371.7356
2025-01-06,107457969.64
2025-01-07,531768338.655
2025-01-08,515915061.14820004
2025-01-09,601290424.656
2025-01-10,499171325.2984
2025-01-11,506105220.439
2025-01-12,101022094.4903
2025-01-13,106187074.3941
2025-01-14,695779803.0023999
2025-01-15,406922707.1982
2025-01-16,503663875.2315
2025-01-17,472274973.7728
2025-01-18,838481377.8264
2025-01-19,354815863.1537
2025-01-20,743951096.5206
2025-01-21,1199706458.5788
2025-01-22,758501900.7327001
2025-01-23,461480282.62100005
2025-01-24,1121635926.8407
2025-01-25,503540972.3
2025-01-26,156538983.728
2025-01-27,207368431.16640002
2025-01-28,931328589.3154999
2025-01-29,480661272.8852
2025-01-30,501138804.60719997
2025-01-31,503455034.12409997
2025-02-01,509402551.8504
2025-02-02,218441677.71600002
2025-02-03,507586229.14400005
2025-02-04,1182285158.8992
2025-02-05,630944276.2234
2025-02-06,385864519.1124
2025-02-07,453783388.59599996
2025-02-08,497167227.67399997
2025-02-09,105577501.79879999
2025-02-10,195295578.423
2025-02-11,292172978.5667
2025-02-12,319500486
2025-02-13,382669353.6804
2025-02-14,279715194.61719996
2025-02-15,341965900.7687
2025-02-16,83354710.842
2025-02-17,88960108.96370001
2025-02-18,204000189.8912
2025-02-19,358932055.68
2025-02-20,302174944.34879994
2025-02-21,353536327.46999997
2025-02-22,565123715.689
2025-02-23,136075375.2045
2025-02-24,95907983.0501
2025-02-25,456800366.08140004
2025-02-26,988461647.0316
2025-02-27,916529714.142
2025-02-28,556087748.9388
2025-03-01,882607540.6126
2025-03-02,245714267.6917
2025-03-03,868157340.8468
2025-03-04,814966434.5565
2025-03-05,805779945.5419999
2025-03-06,642147466.0185001
2025-03-07,586318812.4572
2025-03-08,841768984.0728
2025-03-09,137304569.4696
2025-03-10,340343818.89
2025-03-11,599842397.0268
2025-03-12,657508590.4368
2025-03-13,494687970.8631
2025-03-14,361317598.8765
2025-03-15,411874087.4424
2025-03-16,101918514.9123
2025-03-17,186189864.82850003
2025-03-18,253675620.1393
2025-03-19,282553783.274
2025-03-20,470152534.5582
2025-03-21,393288330.1868
2025-03-22,210905330.79200003
2025-03-23,70266363.4959
2025-03-24,118470479.18200001
2025-03-25,408633473.976
2025-03-26,342001593.955
2025-03-27,337668535.508
2025-03-28,253176718.4037
2025-03-29,339761375.65440005
2025-03-30,167832345.2598
2025-03-31,156176608.6463
2025-04-01,331796681.099
2025-04-02,329074257.9559
2025-04-03,600900789.8779001
2025-04-04,363175069.23389995
2025-04-05,405020628.2276
2025-04-06,106131284.6266
2025-04-07,499951938.23999995
2025-04-08,907314804.484
2025-04-09,444856038.8187
2025-04-10,958674278.926
2025-04-11,381622657.17209995
2025-04-12,476890393.1271
2025-04-13,266481222.4382
2025-04-14,270239284.2617
2025-04-15,396003972.99819994
2025-04-16,262866412.08800003
2025-04-17,346351163.87219995
2025-04-18,220204644.096
2025-04-19,84866247.5856
2025-04-20,100123591.60210001
2025-04-21,99098366.64
2025-04-22,425579371.875
2025-04-23,668586497.2874999
2025-04-24,483707493.4522
2025-04-25,266451299.2119
2025-04-26,521970611.6286
2025-04-27,108600159.33960001
2025-04-28,120621702.0942
2025-04-29,318459615.914
2025-04-30,293182932.05259997
2025-05-01,291983347.15400004
2025-05-02,391713317.61399996
2025-05-03,249998021.27239996
2025-05-04,137532711.3506
2025-05-05,139921007.6955
2025-05-06,231559265.266
2025-05-07,286070265.1169
2025-05-08,308530258.6982
2025-05-09,643379225.0214
2025-05-10,327447968.6962
2025-05-11,160483067.7114
2025-05-12,177084120.2841
2025-05-13,463052385.2478
2025-05-14,330367283.1019
2025-05-15,263574572.1326
2025-05-16,284591994.7354
2025-05-17,235832916.07099998
2025-05-18,110795334.4953
2025-05-19,338876656.5444
2025-05-20,454400005.073
2025-05-21,399355542.8364
2025-05-22,759188399.9934
2025-05-23,492405497.4279
2025-05-24,535345720.4497
2025-05-25,142559041.51279998
2025-05-26,191621069.88480002
2025-05-27,210873065.2652
2025-05-28,330449525.56329995
2025-05-29,282226167.583
2025-05-30,367528099.6832
2025-05-31,340582430.4732
2025-06-01,135419862.5652
2025-06-02,153854846.2288
2025-06-03,247475970.64080003
2025-06-04,224684018.60410002
2025-06-05,190982822.82009998
2025-06-06,405030629.85260004
2025-06-07,309049635.8136
2025-06-08,125174072.3698
2025-06-09,109586139.24859999
2025-06-10,324410050.8715
2025-06-11,282400974.6384
2025-06-12,221995215.2148
2025-06-13,308876069.19070005
2025-06-14,424097932.8105
2025-06-15,114508327.6191
2025-06-16,101048176.749
2025-06-17,290426256.2309
2025-06-18,318233255.43799996
2025-06-19,230330897.70569995
2025-06-20,184680196.2382
2025-06-21,249920173.724
2025-06-22,210130134.9148
2025-06-23,438672443.63690007
2025-06-24,531571954.89599997
2025-06-25,340661317.9606
2025-06-26,366808161.57159996
2025-06-27,221532416.7903
2025-06-28,253417685.26349998
2025-06-29,81547105.2675
2025-06-30,132060242.23940001
2025-07-01,251310566.4104
2025-07-02,342077839.9992
2025-07-03,327546691.235
2025-07-04,297552299.5824
2025-07-05,183692411.616
2025-07-06,50327643.2935
2025-07-07,114224044.6484
2025-07-08,210921838.6336
2025-07-09,190443459.0946
2025-07-10,390793916.0227
2025-07-11,604775486.2066
2025-07-12,536427815.4702
2025-07-13,162403181.9958
2025-07-14,218718683.73499998
2025-07-15,617882068.7361
2025-07-16,1097599365.8855999
2025-07-17,386623741.27000004
2025-07-18,393600484.5465
2025-07-19,463785398.4918
2025-07-20,107452662.39050001
2025-07-21,169171277.763
2025-07-22,344934175.4226
2025-07-23,389871543.3794
2025-07-24,336087614.4572
2025-07-25,323171615.4069
2025-07-26,1010547389.4347999
2025-07-27,182399540.227
2025-07-28,200531017.07459998
2025-07-29,315487333.777
2025-07-30,311508595.1135
2025-07-31,313097229.9414
2025-08-01,329742916.96500003
2025-08-02,576532620.7182
2025-08-03,247123533.19099998
2025-08-04,169277352.9084
2025-08-05,260698672.512
2025-08-06,255080279.66200003
2025-08-07,263591202.78060004
2025-08-08,332091893.1936
2025-08-09,309447185.85719997
2025-08-10,209163478.0356
2025-08-11,282006022.20059997
2025-08-12,561914549.9911001
2025-08-13,414262031.276
2025-08-14,740473733.7865
2025-08-15,839865072.422
2025-08-16,385559844.39500004
2025-08-17,154740684.13439998
2025-08-18,169370831
2025-08-19,440690558.252
2025-08-20,439682506.37219995
2025-08-21,453737318.7438
2025-08-22,360039798.18359995
2025-08-23,592862531.3415
2025-08-24,206812074.8232
2025-08-25,368372761.3728
2025-08-26,617546477.3731999
2025-08-27,424124303.24520004
2025-08-28,293178788.80320007
2025-08-29,343506011.7608
2025-08-30,468807748.18350005
2025-08-31,195171765.1679
2025-09-01,162963756.733
2025-09-02,339418391.9629
2025-09-03,479387021.214
2025-09-04,432204195.52650005
2025-09-05,364884211.3378
2025-09-06,454072311.0768
2025-09-07,121643369.9242
2025-09-08,176979103.01940003
2025-09-09,283816024.452
2025-09-10,356600848.2825
2025-09-11,494373923.66519994
2025-09-12,389601858.6288
2025-09-13,486016774.7702
2025-09-14,175498663.33389997
2025-09-15,152381637.00160003
2025-09-16,367440087.576
2025-09-17,300754730.475
2025-09-18,482484907.46360004
2025-09-19,456554669.58360004
2025-09-20,321336334.242
2025-09-21,168707301.125
2025-09-22,169837768.6137
2025-09-23,520270728.98679996
2025-09-24,336868676.8944
2025-09-25,313925096.76379997
2025-09-26,557658491.1352
2025-09-27,415207991.1228
2025-09-28,89616887.33850001
2025-09-29,166004189.26079997
2025-09-30,367202369.7639
2025-10-01,386044153.7232
2025-10-02,524767121.3942001
2025-10-03,546864444.1007999
2025-10-04,698887641.2367
2025-10-05,171456873.6694
2025-10-06,437809820.6362
2025-10-07,649073316.1583999
2025-10-08,608245802.8422999
2025-10-09,486228475.275
2025-10-10,568513120.6116999
2025-10-11,1306161470.25
2025-10-12,621896053.3137001
2025-10-13,596773383
2025-10-14,453584199.096
2025-10-15,632776902.3981
2025-10-16,452361253.4112
2025-10-17,721459766.0198
2025-10-18,958544723.3045001
2025-10-19,178586735.2844
2025-10-20,360733007.9128
2025-10-21,574196053.158
2025-10-22,810423676.5352
2025-10-23,620593968.9055
2025-10-24,409262233.9344
2025-10-25,391463939.8065
2025-10-26,128976081.8684
2025-10-27,259454137.40649998
2025-10-28,354665532.17340004
2025-10-29,356539177.9994
2025-10-30,496767848.5752
2025-10-31,629531902.7028
2025-11-01,401695202.8926
2025-11-02,129318618.6592
2025-11-03,300984513.4467
2025-11-04,689855836.8562
2025-11-05,1040501050.9563001
2025-11-06,588216878.5266
2025-11-07,458009864.57600003
2025-11-08,811408079.7108
2025-11-09,208341124.3232
2025-11-10,313754370.5065
2025-11-11,383895018.93259996
2025-11-12,345419948.2887
2025-11-13,370630670.5874
2025-11-14,642916678.518
2025-11-15,1034072765.2275
2025-11-16,320470295.0616
2025-11-17,429882309.77500004
2025-11-18,746614631.5984
2025-11-19,792818924.1035
2025-11-20,755500212.9849
2025-11-21,972004262.7926999
2025-11-22,1411027815.0208
2025-11-23,361493883.12780005
2025-11-24,452068726.93399996
2025-11-25,623501403.7182
2025-11-26,437118850.122
2025-11-27,491912194.422
2025-11-28,339327648.708
2025-11-29,396134152.5668
2025-11-30,104957737.43460001
2025-12-01,150054698.02189997
2025-12-02,764261982.7998
2025-12-03,680207826.4326
2025-12-04,662424668.6355
2025-12-05,417491671.01040006
2025-12-06,452354145.56539994
2025-12-07,151812328.1885
2025-12-08,310722096.477
2025-12-09,461404777.2424
2025-12-10,547500913.2887
2025-12-11,553009761.8255
2025-12-12,613547094.5037
2025-12-13,419478271.25049996
2025-12-14,94119612.5924
2025-12-15,327159246.015
2025-12-16,518000713.79099995
2025-12-17,501524266.5298
2025-12-18,590638586.5860001
2025-12-19,645918137.638
2025-12-20,538067948.0910001
2025-12-21,112518892.61340001
2025-12-22,174586260.75800002
2025-12-23,505546118.98209995
2025-12-24,386544681.4182
2025-12-25,296054723.1096
2025-12-26,146459864.21580002
2025-12-27,351773228.0164
2025-12-28,84754579.00539999
2025-12-29,112767997.16319999
2025-12-30,607645810.8385
2025-12-31,333918235.279
2026-01-01,340760625.6116
2026-01-02,256803526.75000003
2026-01-03,568052441.061
2026-01-04,189990943.00559998
2026-01-05,206560287.29160002
2026-01-06,583387987.9317
2026-01-07,473458743.204
2026-01-08,390538156.3941
2026-01-09,437872513.2684001
2026-01-10,407326485.42080003
2026-01-11,71679418.34899999
2026-01-12,133090527.29959999
2026-01-13,458365070.436
2026-01-14,754344978.3727
2026-01-15,873133835.9380001
2026-01-16,471024648.12700003
2026-01-17,321382737.9832
2026-01-18,83722280.3982
2026-01-19,167393583.46500003
2026-01-20,352308776.0736
2026-01-21,644789726.988
2026-01-22,810394729.9812
2026-01-23,331406616.83199996
2026-01-24,365068122.2
2026-01-25,79847822.62380001
2026-01-26,427921887.8388001
2026-01-27,457071977.5918
2026-01-28,358726466.3004
2026-01-29,355853901.72150004
2026-01-30,648592821.66
2026-01-31,782144753.9583
2026-02-01,882766304.3945999
2026-02-02,607519828.8008
2026-02-03,823312299.1002
2026-02-04,1067449084.3156
2026-02-05,950786729.1913999
2026-02-06,1781665338.1412
2026-02-07,1557401070.6176002
2026-02-08,625089545.9215
2026-02-09,391512564.19079995
2026-02-10,561508498.2442
2026-02-11,484588072.88500005
2026-02-12,681549461.6711999
2026-02-13,483851177.4546
2026-02-14,443910812.1668
2026-02-15,296202785.418
2026-02-16,284801069.61840004
2026-02-17,314292272.23779994
2026-02-18,394296895.551
2026-02-19,371091597.642
2026-02-20,331734514.116
2026-02-21,494305197.3
2026-02-22,186729390.66300002
2026-02-23,163431974.79
2026-02-24,591998779.1256
2026-02-25,469310089.39320004
2026-02-26,660212921.4643999
2026-02-27,418172789.22319996
2026-02-28,444137571.0468
2026-03-01,624561084.6463999
2026-03-02,466877404.9863
2026-03-03,699804565.6248
2026-03-04,578896595.9712001
2026-03-05,893049040.0515
2026-03-06,596589351.9684
2026-03-07,473502557.21669996
2026-03-08,198649481.22599998
2026-03-09,359139973.12
2026-03-10,503943890.1376
2026-03-11,622027394.8086
2026-03-12,527912852.9135
2026-03-13,491343281.4444
2026-03-14,632150234.0224
2026-03-15,158373162.8864
2026-03-16,260820420.5936
2026-03-17,565816547.61
2026-03-18,529923220.83839995
2026-03-19,444021952.85660005
2026-03-20,449371281.7355
2026-03-21,341017424.67329997
2026-03-22,164502884.701
2026-03-23,248343508.54200003
2026-03-24,478463623.37119997
2026-03-25,403872210.9625
2026-03-26,316572383.937
2026-03-27,398280929.487
2026-03-28,409991559.457
2026-03-29,145667457.243
2026-03-30,198174221.924
2026-03-31,381316904.7702
2026-04-01,379151566.7318
2026-04-02,288661389.852
