date,value1,value2,value3,value4,value5
2014-03-01,58446121.13691057,63006686.11138751,56521660.267236546,61403434.515395395,1931291.29558922
2014-03-02,63943308.983209364,65610507.63531069,61287252.5064611,63394820.82992436,1506212.34799394
2014-03-03,64214022.49266115,81707331.646864,57087438.8131798,69828748.07082076,1506212.34799394
2014-03-04,69338710.31315723,72659338.08712138,57104123.23774195,61119446.30722716,1506212.34799394
2014-03-05,68804809.77416982,69971632.15871502,58194404.64622272,60597030.91117951,1506212.34799394
2014-03-06,64601890.04651525,65737695.81020234,62174508.203495994,64621325.98593058,1506212.34799394
2014-03-07,64308779.28066762,65264907.5507508,54687387.73587376,56517802.532460436,1506212.34799394
2014-03-08,54757444.48368382,55780831.442238,52115583.522366986,53996792.89654465,1506212.34799394
2014-03-09,56355770.76549586,59458364.45116165,53165907.24042193,55973085.98918399,1422923.18663669
2014-03-10,55512877.97227536,56980479.32071525,52725327.24499109,54777943.39026423,1422923.18663669
2014-03-11,54750787.85985965,56861942.1391304,53349261.15875786,55201366.978436634,1422923.18663669
2014-03-12,29554016.71385393,62603530.17075648,29149864.14581784,59924690.749106936,1422923.18663669
2014-03-13,46780212.50589739,56161590.10393749,46447327.48311456,50272811.82315267,1422923.18663669
2014-03-14,52143230.41415614,61052451.178621344,50504804.526141934,53540788.34840526,1422923.18663669
2014-03-15,53326131.629144326,58992260.301632255,52552372.58801951,58527927.40352909,1422923.18663669
2014-03-16,53177735.91920631,62723770.47292736,45068671.882506765,53912619.175166935,952158.2329250199
2014-03-17,49391009.77549034,61007170.40202758,48183049.99374045,59269478.78565379,952158.2329250199
2014-03-18,59334572.469410665,59887077.01604993,48196255.738920264,49931942.326210804,952158.2329250199
2014-03-19,50164257.18987139,58674086.32379319,47643473.82480412,48461542.52945271,952158.2329250199
2014-03-20,51416993.437986836,51615016.66831091,46190924.985137045,47294518.27112141,952158.2329250199
2014-03-21,49164699.11877264,57038432.996868476,42195159.23029675,43710839.3667093,952158.2329250199
2014-03-22,44486853.299050264,49943008.03970704,35584100.783582345,48310819.06166986,952158.2329250199
2014-03-23,50140975.75316943,50878741.63964398,48662805.719144136,49671040.51741989,757866.6896788399
2014-03-24,42122513.13796795,52581335.89327997,33649233.78388805,51504747.53077465,757866.6896788399
2014-03-25,45777433.3361134,46207153.26663527,43531793.33166609,45060143.8601703,757866.6896788399
2014-03-26,45152994.67634252,47176183.30627072,38987375.60357649,42532007.87157005,757866.6896788399
2014-03-27,42196708.542484514,44057340.48558175,33060762.95262995,35715741.4965804,757866.6896788399
2014-03-28,37660820.92901199,50364168.62101184,32318332.39991278,42290923.39665254,757866.6896788399
2014-03-29,35093639.59058918,49641360.12282668,33680652.864702106,37819512.70889904,757866.6896788399
2014-03-30,39105439.36933015,45243150.698610716,33934773.02627003,36527255.9835598,2149586.8347920603
2014-03-31,36845305.1755844,43163411.51189994,34339127.851496816,35674691.37796147,2149586.8347920603
2014-04-01,35970050.72840048,45862267.26902347,33094865.20347445,37712434.65300409,2149586.8347920603
2014-04-02,40635256.246418364,42334979.50867661,31082478.2490046,37078280.42757216,2149586.8347920603
2014-04-03,37241722.123580664,40562516.5872573,27077782.0712754,34815778.78953657,2149586.8347920603
2014-04-04,34218156.11482221,36360696.91644617,30612977.748623304,34268513.6948589,2149586.8347920603
2014-04-05,32080558.443372,39109977.32258227,30304468.809168644,32010454.43576131,2149586.8347920603
2014-04-06,33039844.905518524,35713805.8125828,31967759.42137427,33324322.637927115,612367.44608366
2014-04-07,34215385.20224317,35156548.488201424,31794413.27026098,33419337.756216455,612367.44608366
2014-04-08,33579554.99387299,35262236.79951755,31552349.14950034,33489083.29283052,612367.44608366
2014-04-09,33415985.39537227,34725570.81853638,23952777.11454285,32627563.470303617,612367.44608366
2014-04-10,32513737.554085992,32605150.356671214,4267190.944456433,24944781.256037477,612367.44608366
2014-04-11,26167896.050157305,33446691.08401423,23095843.576343685,32600133.435573447,612367.44608366
2014-04-12,32583498.199173447,35094119.24852158,29828995.16904185,31193771.785687596,612367.44608366
2014-04-13,32125543.648583338,33951717.780500256,26634330.06140762,30002695.57097109,459487.29841233994
2014-04-14,30080815.581606068,36701865.537545,26870473.1467248,35362655.703141205,459487.29841233994
2014-04-15,34105743.8724692,49225106.57802885,33263408.365952943,41556264.276927814,459487.29841233994
2014-04-16,46014525.24265442,60910864.35366708,39220173.18796673,47713157.3008078,459487.29841233994
2014-04-17,52471375.918837115,66043617.88256769,43002647.45448738,46785912.62728714,459487.29841233994
2014-04-18,47801397.926065125,54145129.421656184,40981508.3477763,43909009.92366035,459487.29841233994
2014-04-19,44184188.76466429,53450432.794752195,42840159.17937698,50971847.51372414,459487.29841233994
2014-04-20,51004313.57974842,52575443.89060079,47074316.10468046,50370992.118625,1546914.36545781
2014-04-21,48665984.28094452,52018736.102751754,45729489.3833015,46878536.76926685,1546914.36545781
2014-04-22,46873626.94594383,54772238.11689035,45099673.42008048,45863607.8397259,1546914.36545781
2014-04-23,45332339.520257294,48312274.75529789,42116387.94116222,45510885.45802356,1546914.36545781
2014-04-24,45877768.02455749,48188682.43352365,42043408.503192,45289459.49958904,1546914.36545781
2014-04-25,45623959.282666326,53399587.03660484,36395834.781284176,43079950.177652515,1546914.36545781
2014-04-26,44209057.17596282,48621401.49248748,38198942.06668564,41105094.224351674,1546914.36545781
2014-04-27,43561438.65279613,46631173.66607148,38398592.89519545,42268699.588222794,1946698.85420629
2014-04-28,40499236.276588105,47996165.92998474,39115306.10951952,42454402.67662351,1946698.85420629
2014-04-29,45508141.7072031,48965126.91830178,40245534.08693102,46004829.95208576,1946698.85420629
2014-04-30,44198279.96734081,48229053.0354154,41226854.68588107,44413181.23791774,1946698.85420629
2014-05-01,46949228.13285997,50892997.219385445,44501987.148281164,47739850.55228808,1946698.85420629
2014-05-02,47739850.55228808,48447768.100789204,42001542.44990341,45865365.85538766,1946698.85420629
2014-05-03,42607850.06211084,43387828.01539042,36660867.170038424,40787754.67124185,1946698.85420629
2014-05-04,40958206.146348566,46062297.85234602,39167692.95426347,43023226.70536783,589161.8516305902
2014-05-05,42388921.715078965,45262807.990343995,36574555.524161756,41013247.79232322,589161.8516305902
2014-05-06,42613796.58660966,43977120.85838106,37856516.11830611,41364538.808379896,589161.8516305902
2014-05-07,42667302.20537499,46139580.224006996,40517806.96412785,44174611.396872,589161.8516305902
2014-05-08,43892952.26004567,46383908.50977951,41512430.041135594,43651116.275591865,589161.8516305902
2014-05-09,43841601.85233884,49223755.674601555,41494719.53559048,48187373.84026544,589161.8516305902
2014-05-10,47497543.43135167,52512261.83340017,45406988.84204574,47881851.15350899,589161.8516305902
2014-05-11,50113588.88070704,51980962.59488804,43797265.4625749,47828712.642374404,1294583.71708276
2014-05-12,46871601.134356365,49664148.185424455,42944654.914334,48330323.46167189,1294583.71708276
2014-05-13,46125210.49156712,48911706.7915318,44224444.666898794,47395032.819902815,1294583.71708276
2014-05-14,47213744.4960638,56537228.9032918,44504703.72368063,52893675.53566731,1294583.71708276
2014-05-15,53479512.40765162,70253792.24504663,49109859.331104554,62494677.66923032,1294583.71708276
2014-05-16,59883735.68822829,65398779.35228798,51902618.79681921,57294729.017944545,1294583.71708276
2014-05-17,60217377.884709135,62942066.961752616,52175071.423515104,55136714.02170922,1294583.71708276
2014-05-18,55939710.582346715,64846435.254647434,51394825.539043635,62931074.75332171,1831677.0773957402
2014-05-19,63035898.624664895,67825003.3459425,60030674.975278325,64175753.4719369,1831677.0773957402
2014-05-20,65094205.98118281,76466366.85120998,56822760.06242519,66672626.629485905,1831677.0773957402
2014-05-21,66861738.061649576,76491394.73495091,60692895.25312626,70108494.68504797,1831677.0773957402
2014-05-22,69443900.55040525,90265883.3921455,48844005.36802576,84794930.38196121,1831677.0773957402
2014-05-23,82723222.46401389,106344651.79420274,77139795.28734405,89999334.0510867,1831677.0773957402
2014-05-24,89770043.11051033,96504827.45922695,75935282.61513208,85682445.51815441,1831677.0773957402
2014-05-25,86506327.03994201,106851896.23455752,76776318.80848376,96758605.43136275,4451079.42834103
2014-05-26,98104075.0111919,105099952.04191671,71419976.95082466,80688848.50297058,4451079.42834103
2014-05-27,77658363.91195498,92213309.40891126,62898820.909172736,78336384.35040179,4451079.42834103
2014-05-28,77428306.94153167,81931728.1237129,59864464.45637106,61738300.61199823,4451079.42834103
2014-05-29,62700729.084174946,78176115.80347256,54628254.76268764,73198875.15122645,4451079.42834103
2014-05-30,75118466.01152852,95307337.57280627,58556896.01066175,76851366.14907324,4451079.42834103
2014-05-31,75382480.86650631,86716208.80761832,69186157.78958818,74572956.56040557,4451079.42834103
2014-06-01,77158571.73462372,105728811.73353288,71779419.08604996,89391508.21244283,3044092.43964178
2014-06-02,88756977.4591928,112708267.94662377,82436211.29186065,95541131.86296234,3044092.43964178
2014-06-03,98007728.700431,103034281.81540374,84436944.78395917,90952123.38116236,3044092.43964178
2014-06-04,90783829.24412735,94442142.00653872,76475836.78085192,81460746.33883071,3044092.43964178
2014-06-05,82475618.7037131,88669982.96587797,69603062.25350215,73568983.17905842,3044092.43964178
2014-06-06,73566701.31631684,84945245.5021201,69902655.54629885,79972863.45096476,3044092.43964178
2014-06-07,80369389.23519081,82983292.45066062,71921960.96532567,75531265.05889723,3044092.43964178
2014-06-08,76153408.54563364,79797562.84657714,66472667.66478102,71488122.29753418,1145395.3132245499
2014-06-09,72352358.44852638,76160975.2667068,65224202.78941494,71624076.14239465,1145395.3132245499
2014-06-10,71721950.08389504,86293179.56617926,67629962.2149144,82800206.35172217,1145395.3132245499
2014-06-11,82760002.04045247,89791543.48585239,72869264.52377626,76618887.3358184,1145395.3132245499
2014-06-12,76610324.28214498,85492798.7478453,65062178.834466,74322418.70655216,1145395.3132245499
2014-06-13,72783908.6115185,86671331.92362505,71448995.44803387,77565076.36946256,1145395.3132245499
2014-06-14,77565050.52865665,80330961.84870581,66461558.75073456,74107499.54870446,1145395.3132245499
2014-06-15,75340734.29779474,81942955.11512537,68077640.06902112,75582445.2530398,925327.92052135
2014-06-16,77272382.68483903,80283456.07609162,70895592.77065378,74775708.10035096,925327.92052135
2014-06-17,74638225.17752199,79299534.7153009,70427459.331948,75041768.1770815,925327.92052135
2014-06-18,74695387.6666864,80403576.91972145,69020117.7492367,75922283.68605985,925327.92052135
2014-06-19,75524588.60038686,80968489.05466089,72007830.64815898,77763597.9892565,925327.92052135
2014-06-20,76886524.25263843,86029450.95280388,66925382.36743152,73926882.97450306,925327.92052135
2014-06-21,72695742.6768018,74936024.81746905,66158823.861824,69814876.73884097,925327.92052135
2014-06-22,80556795.59957457,90032871.17385876,76347039.6752381,83498429.49768892,940335.3125192599
2014-06-23,83808443.34005708,90096147.73357336,79089773.35653237,81887174.80664495,940335.3125192599
2014-06-24,81463668.67894349,84589593.59329031,73908206.01679423,76487149.42043063,940335.3125192599
2014-06-25,76678933.7441057,80160076.38385296,67159579.54601721,69356325.26326665,940335.3125192599
2014-06-26,71720720.30350065,85587453.6454844,68495355.98233575,78133744.4234452,940335.3125192599
2014-06-27,79527463.56968199,85516607.41494,73820444.51792751,78823844.50452638,940335.3125192599
2014-06-28,79325979.11760868,82237979.46291849,71451675.38248645,73191742.32796694,940335.3125192599
2014-06-29,74937916.07216586,79013061.63555901,69932223.84661749,73913372.47034098,681662.7507518501
2014-06-30,73450430.29573314,81512254.96625957,60985687.297774695,71253570.52815644,681662.7507518501
2014-07-01,71130204.08045438,75833518.76226193,61627849.923032574,65643229.03209216,681662.7507518501
2014-07-02,63894339.89274989,69016017.29455556,49953492.27523402,58777090.95468923,681662.7507518501
2014-07-03,58708419.79538783,67395080.53228207,52009996.48979317,61662498.7052392,681662.7507518501
2014-07-04,61350091.60807498,68521146.10904966,56695734.966015086,63198087.67655998,681662.7507518501
2014-07-05,61873891.145613,64022885.723123364,55337724.86812254,57503621.428583406,681662.7507518501
2014-07-06,58297580.79354534,64207367.470692635,52525566.52273841,57137072.52523759,780775.9479658098
2014-07-07,57510936.45897899,63469732.46237268,53090110.48932423,57419400.19775454,780775.9479658098
2014-07-08,57419400.19775454,66243165.43731696,54706630.03252115,63266583.08091902,780775.9479658098
2014-07-09,62069353.548177585,71229726.22377494,60015951.12232719,63010651.18746772,780775.9479658098
2014-07-10,62071355.20822038,68883833.29297061,54849692.41756521,61729571.396761864,780775.9479658098
2014-07-11,63465211.759598926,68107126.9883057,59437426.6140534,62799114.287010446,780775.9479658098
2014-07-12,62572939.47771438,66790077.60529453,59040445.10696109,61819738.04343882,780775.9479658098
2014-07-13,62325552.25983016,65800026.58870293,57983551.98682023,59683298.206481665,480435.21981999004
2014-07-14,59849357.371699005,64559053.46774592,55421075.226959586,58981692.353160314,480435.21981999004
2014-07-15,59676300.182041995,62145627.59306927,55055251.47198934,58999521.34450201,480435.21981999004
2014-07-16,59492761.363240354,64241760.28691875,52291410.87521623,57692261.33694929,480435.21981999004
2014-07-17,58524979.2029067,70199145.97659025,55893998.98635,64620785.06336686,480435.21981999004
2014-07-18,64501437.025465004,72226981.66778235,60532717.124449074,64610507.47756101,480435.21981999004
2014-07-19,64992625.31274171,68048025.28583474,60076999.314375006,61001722.98422779,480435.21981999004
2014-07-20,64344309.2647488,66410201.804196596,59158064.86294419,62161899.19086807,658913.8918440499
2014-07-21,62545649.50132778,64423695.83893471,56156593.53676996,59663061.40646084,658913.8918440499
2014-07-22,59390811.82076455,61555473.42912293,54192500.44499428,55810341.82889557,658913.8918440499
2014-07-23,56185363.458893724,60006877.44353169,54519404.88533061,56869061.55754951,658913.8918440499
2014-07-24,57106402.64871784,59854081.938580595,53009353.98531385,54879975.142763056,658913.8918440499
2014-07-25,56150166.52648632,59854049.600979924,51773937.78340802,54770541.80694236,658913.8918440499
2014-07-26,54003381.02312158,57896094.68292033,51561650.6838135,55211405.406546324,658913.8918440499
2014-07-27,54591964.65782252,58310710.61577519,51362971.25478421,53622225.08482437,886068.74316699
2014-07-28,53991128.54879923,56560243.40744277,48553534.55320791,50704993.70591312,886068.74316699
2014-07-29,51515706.99580322,53314721.78099296,46048001.916865245,48147801.90461899,886068.74316699
2014-07-30,48417999.314787194,51485872.690383285,42906875.607974105,45996976.22455748,886068.74316699
2014-07-31,46221615.684000105,53807599.351154394,42643260.21467621,49578139.91721841,886068.74316699
2014-08-01,62081919.27384944,66529514.63784595,54512652.321693406,59824176.153259754,886068.74316699
2014-08-02,58506321.32641926,62589507.36164549,51890015.85316609,56214779.2612185,886068.74316699
2014-08-03,55271343.07033125,61141568.48105991,51316129.90683642,56158113.30906718,548710.6262023901
2014-08-04,55144495.040176325,60156089.23137406,49652276.87962617,53077904.69541885,548710.6262023901
2014-08-05,53183314.0600383,55956708.17353665,48893275.123747826,51354122.4775982,548710.6262023901
2014-08-06,51702564.306588165,55109947.94416961,46362730.958813734,50248531.942465045,548710.6262023901
2014-08-07,49751346.73935249,53605251.03314871,45506642.59981899,49429011.768464684,548710.6262023901
2014-08-08,49688030.18775158,53500285.9019419,47287118.69313592,49034309.93698282,548710.6262023901
2014-08-09,49321010.56769101,51848164.515988536,44481863.78969153,47743227.78664278,548710.6262023901
2014-08-10,46382546.80129133,51013432.64644293,44657355.25222847,48515479.62824629,585337.41492406
2014-08-11,48470343.77964526,49540146.73758725,41153598.74653467,42036439.0842713,585337.41492406
2014-08-12,42311020.75710534,44733383.48073662,38562080.16198595,42202056.41946387,585337.41492406
2014-08-13,41911168.53108208,46201849.21984059,35067217.158488385,41032744.33832296,585337.41492406
2014-08-14,41900205.418019235,46082910.43283894,34657233.923950605,38441433.89859064,585337.41492406
2014-08-15,38144174.65196,42282516.67857847,30948354.6096148,34924477.13753786,585337.41492406
2014-08-16,54171471.330732636,139732834.74126497,44170515.947455406,56718219.81224409,585337.41492406
2014-08-17,56881506.96176295,62602903.92004083,46987903.563080676,51768289.5386481,919575.6329847099
2014-08-18,52941154.4898525,63600269.14760341,38360437.25618104,43455305.20386307,919575.6329847099
2014-08-19,43103066.115448944,59132897.09955111,39109605.78907419,54285290.67746964,919575.6329847099
2014-08-20,55086638.37288649,71894322.18833244,48959068.05546172,67853172.74005984,919575.6329847099
2014-08-21,68459575.23876432,91729644.5003782,60000029.90986831,71858236.03759916,919575.6329847099
2014-08-22,80872860.69841,107273982.35150783,64983463.21869651,90815161.35300446,919575.6329847099
2014-08-23,93432845.51466271,97692820.31265262,70055708.96363054,84726891.10276635,919575.6329847099
2014-08-24,83262227.78388049,95231064.57180709,78125239.56601374,91999964.50926732,1120252.97655599
2014-08-25,91864551.13126391,150231369.89366314,86885996.4848899,126846980.69810925,1120252.97655599
2014-08-26,127768724.0883519,170307325.010652,87552007.41580416,106279682.88635543,1120252.97655599
2014-08-27,106838035.86454003,114788625.35260504,90445343.88303359,106346963.51563278,1120252.97655599
2014-08-28,105258140.45296682,117139840.66331983,89138825.51185952,99748171.20482741,1120252.97655599
2014-08-29,94881711.61062054,101803720.79227522,70311275.53905451,80820115.21519366,1120252.97655599
2014-08-30,83467261.20899665,97843349.65148331,69236961.49612324,90591350.18834311,1120252.97655599
2014-08-31,92751267.14039959,106388408.42812768,83056643.73052554,90500871.99253468,2409039.2824969906
2014-09-01,90161662.31293452,96287809.3191756,80457457.13641638,85958632.59706767,2409039.2824969906
2014-09-02,85538959.08116652,90751596.57157773,80987594.97905482,84720876.22421734,2409039.2824969906
2014-09-03,84810578.35840902,101518186.00009109,82390452.40993077,97929282.67486659,2409039.2824969906
2014-09-04,95417561.40694645,121160522.26120171,90303550.92278211,100390618.55162975,2409039.2824969906
2014-09-05,99119732.33151138,104237788.55244495,90396421.80367362,98418891.3917465,2409039.2824969906
2014-09-06,97677371.62173611,120370265.21713844,95925800.62659463,103600826.83516575,2409039.2824969906
2014-09-07,103801147.50445455,107581051.15162565,98705658.19942845,101330623.13139348,2351248.36400978
2014-09-08,103130003.30459964,115623035.16955256,94116009.99151261,110433699.36125402,2351248.36400978
2014-09-09,109874488.39894013,121912028.13980752,104580676.58082984,111526806.0306622,2351248.36400978
2014-09-10,109811297.06209539,123755650.03818911,108724905.07104693,115528150.9992136,2351248.36400978
2014-09-11,116215166.29130584,123913316.66827202,109687570.76808794,115517241.53051697,2351248.36400978
2014-09-12,115746701.44750905,119127096.86061196,108380519.15954342,114715013.18529998,2351248.36400978
2014-09-13,114720302.76305391,124049301.48143193,107981028.16518086,119404013.9068366,2351248.36400978
2014-09-14,120213009.9304983,144411534.8827033,110839192.2574417,120449244.44422922,2825815.2575889896
2014-09-15,121609644.81847347,131710057.56136562,108926160.75226524,115447205.35155118,2825815.2575889896
2014-09-16,115052360.21426693,128929671.75642014,108193578.30806908,115437916.43126859,2825815.2575889896
2014-09-17,115524973.20041755,121680643.57574028,102367572.23722015,110359153.04052547,2825815.2575889896
2014-09-18,110215527.68779421,122606516.30669633,98017578.80615534,112817650.99173026,2825815.2575889896
2014-09-19,114204681.13876624,121284814.05518909,96978640.76596966,107893950.39846657,2825815.2575889896
2014-09-20,106569396.98898585,122019317.88158435,101186661.7516638,108495607.0593228,2825815.2575889896
2014-09-21,108487076.22455542,114417719.22827473,101042523.95391178,105042227.02570897,1620066.2028104397
2014-09-22,105571323.33871998,113996553.67655726,102197568.43999179,109689255.6029448,1620066.2028104397
2014-09-23,108660682.03937605,126479013.43772954,102225342.15194649,115552407.65649562,1620066.2028104397
2014-09-24,116124822.35681331,124817650.5895285,107096899.25046586,113620735.46458289,1620066.2028104397
2014-09-25,113864412.94890887,122116825.8770547,101710247.61055599,114306055.67027147,1620066.2028104397
2014-09-26,115818122.91565548,136192915.96682662,109331991.32228574,128790934.41148576,1620066.2028104397
2014-09-27,127829711.250422,137105119.1199412,114766492.05149686,124331914.74800219,1620066.2028104397
2014-09-28,123054050.52698475,133148631.31088993,108089752.51190491,117613319.796544,2971118.72646859
2014-09-29,118077279.11872394,123242068.27125944,108669382.3544171,116364709.09018415,2971118.72646859
2014-09-30,116806790.52679376,129300219.09265158,112184941.98968169,121694030.27479349,2971118.72646859
2014-10-01,122162919.07862334,135861385.91764405,111377310.29582472,117361806.56172287,2971118.72646859
2014-10-02,117461106.54087277,138236357.35348102,106214127.61341923,111552354.77713187,2971118.72646859
2014-10-03,110872785.84786604,134761822.88063613,99253425.2216974,107751787.27739042,2971118.72646859
2014-10-04,108784681.04430336,116066885.44680327,95798790.31389402,101609903.95544739,2971118.72646859
2014-10-05,103526893.8941855,109067444.23851475,83741125.14661026,100658772.1913953,1129384.0353840902
2014-10-06,99932717.8214091,115956343.85711917,87361962.99647608,99325719.21371254,1129384.0353840902
2014-10-07,98282332.44150081,103934327.02207525,89175422.52728294,98617327.56857765,1129384.0353840902
2014-10-08,98401985.78935929,107643973.4342616,91881301.95129573,103296038.28795432,1129384.0353840902
2014-10-09,99746528.21613806,115719857.48749726,91236514.88234703,98812085.61151098,1129384.0353840902
2014-10-10,98664039.83000304,107116148.22941066,90266051.5024346,94394255.1326556,1129384.0353840902
2014-10-11,95849094.84786527,101200589.50329168,86382517.35246533,95568874.71666557,1129384.0353840902
2014-10-12,97818619.56584407,106006242.74779724,91341048.382843,98386004.43112053,817587.5694863
2014-10-13,98452242.87103577,107311628.02116959,90381120.51304601,99591659.73798132,817587.5694863
2014-10-14,98579262.05157831,106462293.083186,92512797.44739166,96592546.20510514,817587.5694863
2014-10-15,96195028.81815256,99152583.2577001,88464821.53474355,92119723.98413117,817587.5694863
2014-10-16,92213572.33336085,98140326.95290847,80386596.78714077,89604315.09875545,817587.5694863
2014-10-17,91606806.7096057,95455023.40728718,84318743.70985085,89286626.74119934,817587.5694863
2014-10-18,89275968.23409446,94442332.92125197,82602063.42520495,86236788.42363988,817587.5694863
2014-10-19,87699288.36090538,89419372.25804046,78474366.52090034,82200443.74072818,626935.0651017901
2014-10-20,82761514.61559904,91199941.35807133,74232343.32524028,80111621.77327238,626935.0651017901
2014-10-21,80625267.25066826,93834560.84879145,77835456.49593163,86426331.69546089,626935.0651017901
2014-10-22,86780250.28256547,98480490.79895897,83499360.80787359,90826912.58552739,626935.0651017901
2014-10-23,89993762.0560181,95757795.16137484,77429254.06874946,81695450.47452682,626935.0651017901
2014-10-24,82123124.96321797,88714805.65023738,77063579.47694923,84316483.720249,626935.0651017901
2014-10-25,85043686.01202308,86938160.58186363,78888833.47831291,82360628.48949957,626935.0651017901
2014-10-26,81500276.17352167,86285444.46496953,77653438.09288383,81740418.36625189,480202.57085247
2014-10-27,83154437.1784806,87033333.63573013,78862223.91539568,80782989.6722415,480202.57085247
2014-10-28,80587049.19382438,85749588.08743145,77763752.65479092,82175154.9448943,480202.57085247
2014-10-29,79858936.90399627,82402873.29968731,72842427.41460153,75310785.65701026,480202.57085247
2014-10-30,74999022.2398379,80227005.1271073,66443093.26105112,71473255.31749706,480202.57085247
2014-10-31,71477327.12705545,73697175.70079976,66777940.92158205,68436958.68503247,480202.57085247
2014-11-01,68110145.72852813,70255283.1694886,57961608.77210098,62373633.494048916,480202.57085247
2014-11-02,62259138.71031508,68902123.48233907,59830689.17445685,65919560.89299495,21073351.36152598
2014-11-03,66287895.44928931,70055564.9468211,62478790.49082766,64188112.05020864,21073351.36152598
2014-11-04,64630422.45280898,70249589.36526321,60595316.562806405,65874654.70173793,21073351.36152598
2014-11-05,65347552.206916034,76338740.98233035,64332094.33889508,70517369.44087976,21073351.36152598
2014-11-06,71093862.33793934,77389896.52621761,65284062.3293286,70574816.48077025,21073351.36152598
2014-11-07,70244055.66284935,76597788.27618589,66760792.73501278,71156257.71551359,21073351.36152598
2014-11-08,71164533.27809179,80766487.00269733,69938014.3607427,79783793.47075935,21073351.36152598
2014-11-09,79769211.66262645,86538958.38851136,70370145.76614003,80474582.67938487,921521.9972978702
2014-11-10,80438393.9414275,86080416.12153898,69912428.12221979,76125074.11114068,921521.9972978702
2014-11-11,74523269.34607331,80896152.25148591,72225895.9337615,74986059.61801916,921521.9972978702
2014-11-12,75524949.68948594,95377666.71886624,66286697.714503795,79125385.40480277,921521.9972978702
2014-11-13,79693309.30022983,89116472.39700246,67787375.35845692,80257739.68066013,921521.9972978702
2014-11-14,79468731.48856498,84811960.45383105,70986667.39522731,77314295.90890115,921521.9972978702
2014-11-15,75260784.9018627,80493436.0630329,67844504.37892814,72561835.6337893,921521.9972978702
2014-11-16,72760926.48678924,77554679.35245024,69992717.76714376,74103955.389499,562625.94703869
2014-11-17,73750438.4034841,78911334.08757564,66121105.93067251,70013646.77757479,562625.94703869
2014-11-18,69422582.89628866,73205986.4800562,62461597.21626768,65139895.40001277,562625.94703869
2014-11-19,65188022.51459106,69385089.38169484,62507564.41511452,65768992.15008072,562625.94703869
2014-11-20,66300464.249444254,68646038.44293043,59146835.49861871,61864166.39084496,562625.94703869
2014-11-21,62171299.61975309,69131824.02785414,56406728.38226027,65222955.6387881,562625.94703869
2014-11-22,64770918.91600671,70772552.19270477,64680497.41142384,66809748.94540416,562625.94703869
2014-11-23,75012741.58232667,85679632.59655619,71345814.81501326,80006588.6123499,549833.4457109
2014-11-24,80043312.91171889,86052501.25163452,74234887.91808805,78582173.09737822,549833.4457109
2014-11-25,78765068.2888688,84607327.345608,75843387.0709331,79891257.53817417,549833.4457109
2014-11-26,80786406.05697007,82774593.21315476,73942399.35262747,75960828.00812595,549833.4457109
2014-11-27,78429372.93548854,83148055.83549654,73734588.15033063,79398566.83872889,549833.4457109
2014-11-28,79516007.59572211,84159514.38919294,70594959.16342059,80707478.15604608,549833.4457109
2014-11-29,79949385.02417064,96130035.59900406,78042972.82079625,85814815.53719907,549833.4457109
2014-11-30,85209150.36150013,88553956.03474686,81921322.06552191,83855302.85041071,1292125.62188204
2014-12-01,84302447.29037881,89741613.70090039,82259243.54223035,84733144.52799268,1292125.62188204
2014-12-02,85923622.39671177,88440723.48525941,84129260.60438141,86265051.44237839,1292125.62188204
2014-12-03,85389098.97162174,89504040.09891579,82608668.98341148,85236660.52686779,1292125.62188204
2014-12-04,85394162.77764629,87423050.44328041,79508945.1786444,82202594.7025579,1292125.62188204
2014-12-05,82058272.3370823,85320326.22663845,77893591.09903383,83749785.71549529,1292125.62188204
2014-12-06,82975316.03118785,84462417.18851866,74600295.34989683,80048910.31722218,1292125.62188204
2014-12-07,78606321.79474905,83007110.26347981,74165141.16188881,81520019.55008654,718891.92133979
2014-12-08,81807444.68908688,83176373.03017765,75127997.37794518,76248342.14043817,718891.92133979
2014-12-09,75901106.00874077,79048385.78061953,68939682.50215833,73825221.81447123,718891.92133979
2014-12-10,74102400.3257031,75593249.43348773,69627415.59457006,70451260.16906312,718891.92133979
2014-12-11,70823030.13162431,78261326.68154047,68604833.29660308,72659602.29680784,718891.92133979
2014-12-12,73192576.5436283,82194352.48261118,71664503.37610188,77799366.2170976,718891.92133979
2014-12-13,77726087.24530499,79054826.36978331,74156859.65665948,76319887.59659643,718891.92133979
2014-12-14,75575596.28951712,80923802.51988862,72906293.17503044,78011813.30336778,466988.3568611
2014-12-15,76443971.90657702,78531202.31544326,72456911.55766593,73995250.35847938,466988.3568611
2014-12-16,73589396.30273817,75465521.16149975,64525850.110057965,66016442.495561056,466988.3568611
2014-12-17,66967464.36939092,74046317.840741,61219527.51180304,68000708.93460615,466988.3568611
2014-12-18,69668936.65283494,74661359.60922304,63914920.86806276,66105801.3465295,466988.3568611
2014-12-19,66814499.667818554,73051244.9616512,64669677.32636142,68983470.3109604,466988.3568611
2014-12-20,70249160.14447789,77996727.98829558,67239556.98409182,72482329.51498827,466988.3568611
2014-12-21,72130833.7238666,76013568.09488752,67012252.26967282,71319186.68030469,785695.8305089901
2014-12-22,70309893.99746364,81100074.45770061,67723779.0802957,74143714.98552151,785695.8305089901
2014-12-23,73994201.24145073,81866353.30283569,71095530.01096086,74763311.89384076,785695.8305089901
2014-12-24,74703608.00568032,79538783.68350282,67071129.8902865,72569311.9993148,785695.8305089901
2014-12-25,73494444.02975355,74892375.55827653,68296067.89966947,71329122.45252745,785695.8305089901
2014-12-26,71414376.92594951,77227826.50792356,69538563.10369112,73791486.90729079,785695.8305089901
2014-12-27,74345392.28227884,76009686.71392645,68917529.81241296,71884932.79782684,785695.8305089901
2014-12-28,71908959.40994097,74335557.02460878,69326287.88539562,71169377.23136842,438562.38304353
2014-12-29,71157602.97799335,73671886.00378263,67300674.01794672,69683537.81178352,438562.38304353
2014-12-30,70078617.57894218,71633168.95606242,67430740.3015611,67902192.28665465,438562.38304353
2014-12-31,67880956.19148429,74191167.27372265,67217058.17754054,72056761.69053453,438562.38304353
2015-01-01,71955759.09457807,73878766.98500606,69315142.2605109,70857667.48496154,438562.38304353
2015-01-02,69976046.93657969,73446666.49937186,68596137.30524565,70561216.41953269,438562.38304353
2015-01-03,69353323.24711254,74043087.91918555,61421336.99746801,63941086.58289906,438562.38304353
2015-01-04,63533754.1620852,68077879.76131417,56511089.79645165,60184329.12899616,697412.5727109099
2015-01-05,60152160.2037426,65673424.0896916,58440610.47383016,62688714.07592205,697412.5727109099
2015-01-09,60705685.38388173,69878344.69168085,60127158.30864364,66305732.847696505,697412.5727109099
2015-01-10,66485511.249269664,68056421.99602035,60091212.03662631,62218138.13240636,697412.5727109099
2015-01-11,61747579.33052759,65086166.09825764,57355382.86415421,59729417.34799925,506778.9905507699
2015-01-12,60503286.03608333,62812486.12208941,57095728.3708127,58198114.34129429,506778.9905507699
2015-01-13,58194013.32503037,60814530.335904896,45812587.60833049,50272923.591154665,506778.9905507699
2015-01-14,50318176.350333616,55455667.7859554,32015658.634140648,40409449.52254189,506778.9905507699
2015-01-15,40235729.73176297,60544346.51062833,38585387.45699497,51115155.166541524,506778.9905507699
2015-01-16,50275233.7016981,55507962.00843782,45703487.97513475,49980071.35439401,506778.9905507699
2015-01-17,49401011.91945397,52404358.06595011,44261481.63013805,48204147.38800161,506778.9905507699
2015-01-18,47942263.72072214,54531843.72443208,44722712.27866476,49243558.821295165,373978.3980011701
2015-01-19,49622550.627186984,53713896.0120644,47786471.92423939,51041642.80063738,373978.3980011701
2015-01-20,50468977.88219539,54096212.59072825,46907720.33626647,51036559.256710574,373978.3980011701
2015-01-21,51427831.85488166,61620713.2986731,48770535.5924566,55250970.04239558,373978.3980011701
2015-01-22,55317156.13270238,60381367.71791292,53724933.53735277,57132662.20184034,373978.3980011701
2015-01-23,57073861.1551373,60450565.7927328,53430630.938191034,56183573.94098744,373978.3980011701
2015-01-24,55854453.295474045,61478402.569507845,53822292.86731279,59589271.96257816,373978.3980011701
2015-01-25,60140377.85358219,63290560.34388256,55925428.27897426,60601810.12473787,713515.61626849
2015-01-26,60552951.576841205,74863025.07171322,52964758.27811075,60911197.644794494,713515.61626849
2015-01-27,60644396.900680885,64328638.28103935,50941848.43597635,56426742.122093864,713515.61626849
2015-01-28,56773373.33040353,59801443.71620822,47707565.32962978,51455214.97750016,713515.61626849
2015-01-29,51597639.00051744,55046958.20378034,46342116.1174092,52556285.3294864,713515.61626849
2015-01-30,51077955.41421999,55913755.845316485,47140100.016805425,51271361.008600295,713515.61626849
2015-01-31,51011623.2144575,54287428.99451929,46170421.7878224,49617789.522582546,713515.61626849
2015-02-01,49619768.794350214,57145699.80507238,46416084.84272545,52583040.6768738,520876.3940323
2015-02-02,53654077.14551108,58546512.83022709,49315380.92568505,53602392.21723004,520876.3940323
2015-02-03,52910022.43579494,56503138.53959438,48522651.3828925,51363162.14797999,520876.3940323
2015-02-04,51436437.472677976,55033524.0272433,49099346.75549793,52372230.03226709,520876.3940323
2015-02-05,53483285.95259532,54390485.46780627,48378445.817358024,50297217.41030526,520876.3940323
2015-02-06,50448121.897862926,56576194.210223265,48115853.94256564,51771748.01917638,520876.3940323
2015-02-07,51787974.3514981,55213463.436193116,49791324.07320829,52468741.29868408,520876.3940323
2015-02-08,52165038.94566587,54087365.285474464,47533657.04994648,50551105.208886586,225651.09379126
2015-02-09,51046796.56117879,55170706.93170689,48329826.817844294,52389816.03764791,225651.09379126
2015-02-10,52010210.51971728,56366019.20674716,48637589.878688544,53692622.474340886,225651.09379126
2015-02-11,53266666.84728652,59756897.893786184,50182467.11754383,55944382.11777641,225651.09379126
2015-02-12,56411329.056083955,59185988.80924222,51137441.93153613,54626275.278379396,225651.09379126
2015-02-13,54176399.78773977,61955389.21101253,48927889.47069128,54871755.56284104,225651.09379126
2015-02-14,56162894.57714718,62355725.97808892,50485679.72735408,56179632.15018148,225651.09379126
2015-02-15,56703340.860871844,62248401.224766634,48231914.3024578,53678476.04930113,523367.99883359007
2015-02-16,52671619.46926878,59423980.582244396,48681705.47321192,51344943.91738457,523367.99883359007
2015-02-17,51472672.45962133,56576720.322825335,48625552.48238915,53157644.67492195,523367.99883359007
2015-02-18,53379023.229630575,57629550.45111537,48226733.33848391,52457970.500487454,523367.99883359007
2015-02-19,52548968.520847686,58319770.39155472,51176798.57412769,53711492.14612442,523367.99883359007
2015-02-20,53449234.75491475,58617166.69230989,49818637.45718928,53784643.38430643,523367.99883359007
2015-02-21,53946239.547835946,55682342.6344022,51374126.13754976,52552136.96881142,523367.99883359007
2015-02-22,52840415.98221585,57672191.33291291,48470074.66006254,52769568.02975197,233852.19247311
2015-02-23,52852793.55708083,61501911.162852824,50166966.129495576,53612023.008140065,233852.19247311
2015-02-24,54429993.74102096,63890503.14237556,51674426.492698416,57710504.5509295,233852.19247311
2015-02-25,57514575.77649835,60178024.95508828,53676909.768707,56499532.059854716,233852.19247311
2015-02-26,56503579.10436793,61298609.25029679,53614604.41442587,57068720.89957831,233852.19247311
2015-02-27,57185230.96721827,64533046.781458035,53795381.2362879,59722132.638352565,233852.19247311
2015-02-28,59493158.021214716,64172844.03851497,56519638.07415927,60586077.47209096,233852.19247311
2015-03-01,61663241.672638826,65753332.45798435,57586321.958955646,61723102.28476598,337190.7380054
2015-03-02,62167483.15882971,69101969.98416391,57624122.146947235,64989289.75872011,337190.7380054
2015-03-03,65331732.30476739,70858270.43129072,56882853.834380664,62007357.226769894,337190.7380054
2015-03-04,61973679.64052306,68836237.10472013,56539550.4923308,62693200.07454234,337190.7380054
2015-03-05,62487349.992713325,68373504.11727396,57873219.138068855,61596336.89040799,337190.7380054
2015-03-06,62841211.89819004,65500685.269522905,58074492.079434685,61081116.22207971,337190.7380054
2015-03-07,61485755.293895006,65059000.646842815,58311662.45362741,62332762.267629094,337190.7380054
2015-03-08,61859955.51528736,64382275.681218274,58779543.67466855,61167341.33813325,179875.64441302998
2015-03-09,60199935.27669275,65890195.445427164,58152542.5648055,62765261.80866744,179875.64441302998
2015-03-10,63198294.76299074,65916283.699378,50315323.52784831,57057631.16578779,179875.64441302998
2015-03-11,57974241.79259929,62209613.663476005,54148124.09122364,57767671.42275298,179875.64441302998
2015-03-12,58102001.86464091,60876481.5707862,55629674.16173098,58258238.3415234,179875.64441302998
2015-03-13,59557779.50876477,61287046.49412762,53954037.17705815,54912729.07934981,179875.64441302998
2015-03-14,55306230.71127877,59647898.61240787,53959048.93373393,55857247.766880855,179875.64441302998
2015-03-15,56062083.25519215,59665015.74200266,54857003.10270566,57079014.91374546,286194.31793111
2015-03-16,57398518.13065406,61833496.18286878,54143644.089589015,56725861.0994132,286194.31793111
2015-03-17,57928505.89342834,60500291.16131815,54284673.587027796,56845143.94432516,286194.31793111
2015-03-18,57104221.08522003,63906231.26415548,49051529.35297073,54157148.53281668,286194.31793111
2015-03-19,54580842.740807466,60008455.357952036,51572548.81629504,56431090.70366225,286194.31793111
2015-03-20,55902871.278256014,60636610.19209775,54560910.89556042,57778477.179047234,286194.31793111
2015-03-21,57795476.900870785,65585543.705879465,54593199.73414794,61022571.91257759,286194.31793111
2015-03-22,61047253.624981,68097341.44223408,55827936.307104975,61801769.74047255,903281.50976457
2015-03-23,62026201.34542554,66938995.76741488,56116307.16561882,63256905.18669689,903281.50976457
2015-03-24,62565102.02808251,68621300.34176019,53479520.68820272,59916091.1749428,903281.50976457
2015-03-25,60645174.00285855,68520740.14391,54825795.11178534,62042982.17923413,903281.50976457
2015-03-26,61653467.521811865,67300191.74188712,56895929.036955796,59973197.19040835,903281.50976457
2015-03-27,61261117.36182263,64340170.38158529,56777132.39712841,62042150.05448228,903281.50976457
2015-03-28,61100580.95342506,64783661.40140876,57250771.60690867,61098428.652213745,903281.50976457
2015-03-29,60929118.56396545,64122684.10648557,56121379.627363294,58280758.83823556,354666.0234999899
2015-03-30,57746327.50211915,63448394.235617,51705318.06044195,56651968.907547414,354666.0234999899
2015-03-31,56802536.452301726,59152402.43259992,51086353.41152227,53682118.589420386,354666.0234999899
2015-04-01,53219018.23747178,56618967.171686955,50516512.64391663,54202537.55145321,354666.0234999899
2015-04-02,53723880.35882364,60869776.83089751,49530819.650565766,57139078.94736412,354666.0234999899
2015-04-03,56619556.37977448,59090229.03054786,53896211.163176626,56655444.528514005,354666.0234999899
2015-04-04,55910853.810963996,58038183.55850332,52196718.32623904,55360074.61664164,354666.0234999899
2015-04-05,55313937.42884951,57301467.30138905,49592932.955024205,54715973.45583414,211128.00093244002
2015-04-06,55191594.163220845,57763586.89645001,51974570.85655336,53291853.178627394,211128.00093244002
2015-04-07,54431072.17242938,56719149.561647445,50209972.69417062,54102286.988476254,211128.00093244002
2015-04-08,53357892.143645994,57844038.22983279,47461464.99111567,52200016.57519436,211128.00093244002
2015-04-09,52485486.52241381,54751712.635617174,46619201.52212242,49195827.960267425,211128.00093244002
2015-04-10,49233146.238429554,51865884.94938857,43184530.31796288,46580075.46269525,211128.00093244002
2015-04-11,46928744.741516575,49237695.67778834,42588718.08422422,45483897.69001539,211128.00093244002
2015-04-12,45949574.69281681,48426382.16339913,43207694.59189428,45229110.69855755,208567.73376843001
2015-04-13,45333854.0244482,48016054.11396156,40471014.26496676,44066422.80440632,208567.73376843001
2015-04-14,43816841.65863871,45225945.39584653,39397722.3764691,42224232.320266955,208567.73376843001
2015-04-15,41933775.06028863,44697210.801947445,39763498.911554396,42666579.59001758,208567.73376843001
2015-04-16,42680896.997637674,46559069.92654662,41432948.83419163,44143733.98034145,208567.73376843001
2015-04-17,44674689.33348172,45697800.88888339,40702345.597386,42616630.55265961,208567.73376843001
2015-04-18,42577418.57510139,46171726.48799193,41412829.368619554,43288164.06716072,208567.73376843001
2015-04-19,43463060.437373534,46340813.24730865,41591601.80481233,42538092.6428039,114214.76232882998
2015-04-20,43025199.457746916,46062898.70695156,41262718.496005595,42485279.30541578,114214.76232882998
2015-04-21,42421674.30680877,47006170.79590104,41003814.73616999,45355963.71738333,114214.76232882998
2015-04-22,45116807.66951595,49604674.48760892,43091510.10356464,46088210.27744897,114214.76232882998
2015-04-23,45826709.720471054,50477792.57207751,44147146.6068566,48547593.2401334,114214.76232882998
2015-04-24,48215478.63021639,49193927.116357684,43385137.9960998,44865665.496439345,114214.76232882998
2015-04-25,44032370.33158463,47146708.65080721,41694055.459314585,44405192.03764944,114214.76232882998
2015-04-26,44230142.186307594,46657702.68954308,40875806.346196964,43319036.48749999,171740.63060577
2015-04-27,43041680.14092845,47505893.25899762,40392588.87930246,43025376.38647813,171740.63060577
2015-04-28,42968139.14135297,45320710.16538623,40276543.94433794,41721224.632023126,171740.63060577
2015-04-29,41827426.57826737,43513022.45511298,37843130.73875298,40994308.16609249,171740.63060577
2015-04-30,41110601.57320507,43964237.86557119,38067763.303193614,41658561.589051716,171740.63060577
2015-05-01,40845514.10796708,43389054.92889252,37398353.94303394,39004109.951699965,171740.63060577
2015-05-02,39018211.140209116,41739101.18520322,36366873.49359435,39873646.85123896,171740.63060577
2015-05-03,40094664.585379966,42576866.90951174,37084466.78004222,39002657.73415223,158015.19012221004
2015-05-04,38603848.12274268,41757723.69122613,36383677.67475028,38513873.641271956,158015.19012221004
2015-05-05,38926013.78188211,40154893.12919992,36138907.44190689,37434673.09244512,158015.19012221004
2015-05-06,37374223.69661655,40205578.31425508,35839511.06247199,37929915.438972525,158015.19012221004
2015-05-07,37886219.03321001,40876988.2861872,36297825.848244995,38338226.12380961,158015.19012221004
2015-05-08,38441164.110675074,41703629.109838724,36887414.67460975,39385332.25394253,158015.19012221004
2015-05-09,39501919.84691914,41773941.10505579,37294016.325927675,38998780.19059577,158015.19012221004
2015-05-10,38828240.83957305,40962847.84607923,36638494.358952604,38061218.811107285,118324.47640809
2015-05-11,37933976.345815904,40634891.66296283,36581300.94998156,38722613.51882991,118324.47640809
2015-05-12,38960306.08476374,44575758.44984702,36740151.343426034,41726055.43770331,118324.47640809
2015-05-13,41967672.48003113,44419642.61560934,39337975.32082731,41217665.161975965,118324.47640809
2015-05-14,41546016.259137236,45594744.96801488,39879595.87766702,43634379.037810706,118324.47640809
2015-05-15,43301129.1166584,45536597.205617405,41953677.18341625,43758265.79101199,118324.47640809
2015-05-16,43378641.82814541,45842165.110122494,41586277.598517604,43179687.174839765,118324.47640809
2015-05-17,43636996.227740765,45058654.509233244,41840488.68648746,42981441.3064362,207763.82656849004
2015-05-18,42819973.20402505,44643332.12875082,41057022.75745884,42681016.50968658,207763.82656849004
2015-05-19,42221949.41528691,45360857.68093172,39239715.721830055,43193051.04926409,207763.82656849004
2015-05-20,42949620.91992786,46476648.724171154,39604863.6869886,44764778.00945918,207763.82656849004
2015-05-21,45033218.68901289,48330875.745272055,43444837.31309605,45900157.213886045,207763.82656849004
2015-05-22,45752722.89608479,50390067.07593359,43958311.63751511,48458230.40438678,207763.82656849004
2015-05-23,48875135.92944927,54765985.96940317,47244581.260918476,50702361.6262885,207763.82656849004
2015-05-24,50729479.30157025,56965311.36817851,48115776.50585326,50776679.995966986,628621.1220654701
2015-05-25,51039471.31344147,68003949.23332326,48900327.43265163,51215580.47038615,628621.1220654701
2015-05-26,50933753.851888634,67650324.06682219,48991710.46573674,53015380.029557474,628621.1220654701
2015-05-27,53089540.62612469,59660624.222957894,51755524.05258378,56063137.7551224,628621.1220654701
2015-05-28,56658521.79455646,65011527.86850362,54625312.439535074,60038649.266621955,628621.1220654701
2015-05-29,60662456.97537995,65705913.34812958,54921526.357372746,58763364.00126744,628621.1220654701
2015-05-30,59047039.70857869,62915279.841024175,53003544.368373066,55310739.95008505,628621.1220654701
2015-05-31,55817860.854499266,65495509.925877415,52325767.13543988,56228955.45597553,630130.3115198602
2015-06-01,55960202.646877,66866566.37905427,49925711.62083842,52827917.844707705,630130.3115198602
2015-06-02,52049320.081654474,58219633.046473905,48791330.264362596,55188567.1425055,630130.3115198602
2015-06-03,55340866.74622096,58082456.29374312,52115971.01832821,53200756.17374291,630130.3115198602
2015-06-04,53509528.47193988,56067577.25834359,51798510.50746721,53646899.40093877,630130.3115198602
2015-06-05,53260418.51576796,56575102.54705275,51484227.58128468,54888293.05889081,630130.3115198602
2015-06-06,55233896.24799143,59057239.34472952,53691928.716776945,56082831.62445251,630130.3115198602
2015-06-07,55561154.330097966,58580687.56867553,54037683.661551006,55771873.85803829,279573.10013207997
2015-06-08,56208915.02178693,60184652.33363898,54090382.157223605,57357307.420354106,279573.10013207997
2015-06-09,57137316.856683746,60688466.7640995,55236231.97848478,56546100.586166985,279573.10013207997
2015-06-10,56291278.57766858,59267481.45327927,53858189.642578214,55852209.20550707,279573.10013207997
2015-06-11,55608028.28017905,58475742.764541775,54057349.16464688,55970405.85326355,279573.10013207997
2015-06-12,56178365.73937885,58926061.56142609,54364082.618251026,55591079.24887545,279573.10013207997
2015-06-13,56130450.002905995,59350019.790567584,54485528.85766908,57252387.00007963,279573.10013207997
2015-06-14,57019224.96291852,59907006.81290519,55210680.51944496,56883059.35106185,467148.40201342996
2015-06-15,56859290.523118615,60042296.185727105,46541523.58839976,57980800.81002172,467148.40201342996
2015-06-16,57831245.84899236,68156889.17454755,55408356.79567453,62209558.46807364,467148.40201342996
2015-06-17,61809733.898218706,70558825.31501256,59147716.43289664,63762749.96021794,467148.40201342996
2015-06-18,63332172.949660584,67564024.98640062,59717647.712714404,64736561.42893303,467148.40201342996
2015-06-19,64563318.68000121,68666786.59322003,61152919.26869189,63490836.386572465,467148.40201342996
2015-06-20,63474533.93060813,66805010.889148965,60349076.57304649,64312456.719727315,467148.40201342996
2015-06-21,63984573.36142526,66506892.64545585,61581356.51566927,63040970.02023667,663364.8497254999
2015-06-22,62907439.16862854,66678117.16037107,61942564.49254602,64003455.80409936,663364.8497254999
2015-06-23,63410645.698212914,65888882.07315873,59276407.51310715,60426604.87498817,663364.8497254999
2015-06-24,60855227.86237419,65121949.47383504,56423845.10284551,58426147.88348892,663364.8497254999
2015-06-25,58209495.1535851,61878345.18594327,56709456.972494714,59218915.10265714,663364.8497254999
2015-06-26,59115244.015549764,62420465.068000056,56932425.980268,59026209.48959204,663364.8497254999
2015-06-27,58616042.461676195,64200920.88065291,54079321.49137839,60789020.91188578,663364.8497254999
2015-06-28,61041720.23564017,62015881.85513334,55439788.20980264,59233719.26097636,581506.6533410602
2015-06-29,59035822.432520375,63317572.470054284,57527778.286601804,61903422.07016359,581506.6533410602
2015-06-30,61596224.899746716,66245240.13567673,59357026.5831411,62274422.01595388,581506.6533410602
2015-07-01,61938186.20330051,64709096.0517259,56082059.76720316,61182059.394842915,581506.6533410602
2015-07-02,60964546.36286882,63740095.82618092,58934498.42010799,60842597.42808714,581506.6533410602
2015-07-03,61689793.35546589,63729829.14180056,59533377.527819745,61596871.56626223,581506.6533410602
2015-07-04,61805594.48592239,66630177.343915865,60142408.27813438,63734758.237830535,581506.6533410602
2015-07-05,64179089.38947187,68405550.05797549,58079706.981832586,62976800.33409589,331266.84530508006
2015-07-06,62527362.76992716,66915714.70171017,59621759.41132826,61595487.90624231,331266.84530508006
2015-07-07,61999313.46497898,64099145.62650619,58508961.27335193,61109594.07325805,331266.84530508006
2015-07-08,61030893.23527663,64027510.16039494,57922086.18005726,61031328.22916413,331266.84530508006
2015-07-09,60447715.91608687,67375642.38527745,57745562.093068026,62960443.10047743,331266.84530508006
2015-07-10,63645760.32550821,81517529.12596807,59476378.15546879,68703911.37927918,331266.84530508006
2015-07-11,68994109.94823036,75689514.44620395,62982710.36213856,65805175.731682815,331266.84530508006
2015-07-12,66264719.57587703,75128769.71083942,62618886.942344144,70546060.68358622,759724.965783
2015-07-13,70354085.28790373,77569839.87513512,61642958.12081211,69976755.35679404,759724.965783
2015-07-14,68848776.77352679,73012637.80216318,64594247.12269962,67996964.51494773,759724.965783
2015-07-15,67527170.12499374,72494935.72716585,64481812.597307,67478774.87799644,759724.965783
2015-07-16,67454239.50780839,73723174.42781459,59099418.064210124,62328015.1738619,759724.965783
2015-07-17,62074795.72499536,67913276.39180012,59859439.95817582,65072632.53301129,759724.965783
2015-07-18,64237627.42211646,70166116.4124215,61586619.2220247,64295456.50965128,759724.965783
2015-07-19,64255965.37395895,66894419.95195426,60873916.45306717,62881066.80953596,267770.44911656
2015-07-20,62857208.11965141,65505021.36809569,60905380.561411746,63303010.9947602,267770.44911656
2015-07-21,63069992.29060175,66332786.86423033,60217540.98377642,62591531.57769667,267770.44911656
2015-07-22,62447292.551521875,66014699.55054187,60540121.33477274,63792606.54667821,267770.44911656
2015-07-23,64082360.501136295,65850711.24253071,62024786.79829962,63835513.32398328,267770.44911656
2015-07-24,63366547.60914019,67955557.69441639,61172782.36170445,65866363.208199896,267770.44911656
2015-07-25,65665047.82128305,69174796.20358536,63700793.5304362,65510413.10370365,267770.44911656
2015-07-26,65961824.79623176,70814850.54078834,63594448.65485185,68231819.24844474,268596.2703990701
2015-07-27,68669633.25927165,71259049.09790547,62468372.709986605,67377550.66618593,268596.2703990701
2015-07-28,67154928.56660376,70862029.8115554,64224793.98898624,68201292.20726132,268596.2703990701
2015-07-29,66872330.41839893,70806070.76307134,62880355.01845489,66406731.601427674,268596.2703990701
2015-07-30,67642343.85591307,69786248.84677291,61978319.974817514,68091063.23925693,268596.2703990701
2015-07-31,68178203.2582621,73428297.3860939,64119208.72935086,69485975.0879554,268596.2703990701
2015-08-01,69591801.44752857,71420476.48150438,63609324.13123355,65782951.53872575,268596.2703990701
2015-08-02,66820088.04210648,70522354.62743795,62866238.69193969,66820234.511587776,299076.72694938
2015-08-03,67266814.56555955,68433426.16606289,62583906.74910638,65924995.727593705,299076.72694938
2015-08-04,65965175.14539464,68283176.23895039,63059039.364473775,65710257.557073,299076.72694938
2015-08-05,65901904.3302462,70792243.1596577,62719546.67747147,65478847.07870758,299076.72694938
2015-08-06,67581343.85555772,69503149.11715205,63197866.13715198,65303610.641275905,299076.72694938
2015-08-07,65020731.34557123,67741480.58384094,59884589.28086381,63827721.69453327,299076.72694938
2015-08-08,63901517.042653136,65502938.60005358,57721218.61543524,59358528.0916767,299076.72694938
2015-08-09,59424093.539824985,65189116.17999592,58366548.87176742,60405407.76138583,361144.27368367004
2015-08-10,60209234.180435866,63623205.66499016,58532064.07654975,60497305.3315781,361144.27368367004
2015-08-11,59934783.74329546,63620003.34962179,58891743.14365848,62176702.58748502,361144.27368367004
2015-08-12,62048899.239918366,65326896.442392334,59711072.42138263,62176253.435027115,361144.27368367004
2015-08-13,61927910.43627049,64868373.93203554,58810929.64602962,62316980.9788148,361144.27368367004
2015-08-14,62253918.29601782,64754297.878493525,58928139.064962305,61559124.882598415,361144.27368367004
2015-08-15,60994654.07794869,63258874.15590911,58228216.88122334,60073289.33727568,361144.27368367004
2015-08-16,59919614.946539134,61914083.86586612,56506431.8609757,58438490.51805698,203424.44565205
2015-08-17,58379573.05045015,61543370.4153011,56644544.135428846,57991810.484497346,203424.44565205
2015-08-18,58155540.81794155,60575717.87615767,48077576.67112974,51960849.560138956,203424.44565205
2015-08-19,51393026.10771616,56672394.426005535,49541533.94418358,52010191.161910675,203424.44565205
2015-08-20,51752308.80402772,56017147.92720157,50264219.70144244,54019624.96166619,203424.44565205
2015-08-21,53955373.305031866,56251827.37193504,51832028.43901739,53194474.933732554,203424.44565205
2015-08-22,53504326.34282856,55698178.48213483,49963722.482570626,52430653.388349384,203424.44565205
2015-08-23,52041299.42167233,53691646.739311986,50107350.58522011,51188546.797638044,223369.05579867002
2015-08-24,51767852.10312543,52883396.51320479,44704339.86513949,46353947.07095919,223369.05579867002
2015-08-25,46483545.23522745,52218158.598605074,42371441.795036286,49586885.77277353,223369.05579867002
2015-08-26,49583303.566742875,52574653.417734586,46896305.174053706,50061922.020678915,223369.05579867002
2015-08-27,50209693.33266886,51437130.70273878,48144646.65173882,48756666.100623354,223369.05579867002
2015-08-28,48980114.58838974,52015426.66045294,46108727.75486193,49527679.9573652,223369.05579867002
2015-08-29,49633570.31416385,50869096.024301924,46786090.78785533,49591345.580739796,223369.05579867002
2015-08-30,49379748.55157255,51624209.4322901,47162220.73017158,49605052.218680516,144634.69193611
2015-08-31,49316332.25191302,50563551.05591949,46509994.44759701,48964026.78517425,144634.69193611
2015-09-01,49201009.79836981,50063835.45795183,46637143.26956327,48450548.57630792,144634.69193611
2015-09-02,48409743.532096826,49882856.20490849,46771240.319814645,48373781.15618766,144634.69193611
2015-09-03,48087757.38331378,49297483.86287282,43854117.26169209,47015123.75787967,144634.69193611
2015-09-04,47043994.17909119,48435723.399673454,45845078.38007958,47664975.747034125,144634.69193611
2015-09-05,47508717.46803504,56686316.91439826,45892067.008095264,53189197.63527976,144634.69193611
2015-09-06,53251025.98432603,57136162.0838174,50544011.11855495,52278878.977937795,705812.8405154101
2015-09-07,52384649.378163755,55274243.91311038,50065050.58390657,51366150.24547547,705812.8405154101
2015-09-08,51715281.98544009,54469970.17168763,48677163.86820241,50473745.47323921,705812.8405154101
2015-09-09,50747152.20989898,54667946.78582857,48328918.594700895,51175421.39883425,705812.8405154101
2015-09-10,51480475.94449303,53455614.89808904,48736860.321466975,50717646.70713405,705812.8405154101
2015-09-11,51165236.093560725,52976050.538028255,48814444.35798575,50856657.4005816,705812.8405154101
2015-09-12,50581265.929630384,52788019.11222,48425416.90126124,50429539.32562182,705812.8405154101
2015-09-13,50444585.66018972,51693956.03380065,45857292.094549194,47759336.277285725,215800.82777858997
2015-09-14,47843011.599638805,49704048.80810716,45478487.95050393,47250802.944464594,215800.82777858997
2015-09-15,47336542.398128726,50443859.09735289,45028900.695668414,47974524.09672383,215800.82777858997
2015-09-16,47749896.24116276,51599594.90186398,45423890.01106719,49506204.26028282,215800.82777858997
2015-09-17,49293765.29739718,52079328.74312226,47387244.79685955,50170709.07512581,215800.82777858997
2015-09-18,50165628.7079584,54241333.29963784,48489549.71183871,50878237.69202989,215800.82777858997
2015-09-19,51072612.7876073,53204450.02962436,46898538.45382711,49483926.5362045,215800.82777858997
2015-09-20,49275827.7186519,54957805.418495215,47289126.1254338,51917001.485745214,452629.69361978
2015-09-21,52674120.13851476,55016401.93985367,48530844.33968474,50998853.34513039,452629.69361978
2015-09-22,51081478.04718824,53975198.90437185,47787029.972623594,50365032.915997885,452629.69361978
2015-09-23,50298742.32229262,52858201.934030496,47277709.6354662,50035653.2135619,452629.69361978
2015-09-24,49788570.9742948,52604631.76942777,46644039.1585312,50002246.5881398,452629.69361978
2015-09-25,49974716.270705804,51747708.02143703,46654306.90221354,49109177.73345801,452629.69361978
2015-09-26,48993176.65378454,51359780.29901732,47353394.27015724,49000645.89945551,452629.69361978
2015-09-27,49237939.45527924,50987655.63186415,47617376.36553525,49356577.0841536,278554.79521023994
2015-09-28,48978430.49639277,51490663.61604884,46139650.51637385,50140397.99476009,278554.79521023994
2015-09-29,49898263.14559592,51749831.437651314,46843851.3722791,49093345.58416213,278554.79521023994
2015-09-30,48859144.63053006,50570601.84821998,47308315.26335939,49458863.5048019,278554.79521023994
2015-10-01,48469440.27771736,50706848.878157675,45844326.32332799,47546519.17193494,278554.79521023994
2015-10-02,48202013.66289793,49330331.86575721,42350193.61269845,45986797.71581271,278554.79521023994
2015-10-03,45501115.85965978,47262636.93249768,43584739.37492734,45146516.23198405,278554.79521023994
2015-10-04,44632202.44257276,47305803.2111469,43668900.07782283,44963524.17853111,193750.66605685002
2015-10-05,44868706.43952174,47781545.27094831,42170050.594446294,45113665.398625,193750.66605685002
2015-10-06,45056049.23510052,48359758.812127605,43284296.61010904,45419471.824550465,193750.66605685002
2015-10-07,45799319.059880234,47722424.98297547,44604343.35995295,45669778.31641511,193750.66605685002
2015-10-08,45557849.97895421,47184224.799173646,44109679.65847836,45253364.191651866,193750.66605685002
2015-10-09,45052407.74240667,48125854.64593451,44134404.13269877,47050805.000984855,193750.66605685002
2015-10-10,46823128.84112339,48385012.53030843,44961582.53839976,47481585.02751838,193750.66605685002
2015-10-11,46580803.16908498,49568856.11071132,45617003.5292161,47740502.57295005,275444.6893809601
2015-10-12,47748673.28724687,49757029.851762705,45174814.570364885,47793143.48158807,275444.6893809601
2015-10-13,47691379.2423867,49699470.67631069,43753734.77793905,47207772.190636136,275444.6893809601
2015-10-14,47431968.604570135,49663022.50732498,42102735.34512346,44490158.61847919,275444.6893809601
2015-10-15,44782914.3697096,46459962.10184823,40990300.33034779,44292046.72097136,275444.6893809601
2015-10-16,43850941.53450171,47493320.96906991,41031741.994579695,43628799.54804657,275444.6893809601
2015-10-17,44373282.65678596,46430555.06586043,40193121.432939425,43301681.4491196,275444.6893809601
2015-10-18,43122535.46772722,46039154.22722911,40967283.59982699,43399930.70284891,423508.1571131401
2015-10-19,43349057.41210821,45487779.9376361,41621754.04980022,43240491.292466104,423508.1571131401
2015-10-20,43514486.62344758,46379268.0508472,41880403.11147691,44184767.69715176,423508.1571131401
2015-10-21,43935828.527516216,45714367.391560316,40564007.6011368,41797289.44372669,423508.1571131401
2015-10-22,42417653.14074235,46433073.81745285,40056630.87580342,43093554.45797597,423508.1571131401
2015-10-23,43027488.42810929,45102386.75710405,40274283.166044764,41946725.8465531,423508.1571131401
2015-10-24,41888599.95579759,43992239.38474332,40253545.53340336,42215413.47493807,423508.1571131401
2015-10-25,42060501.20998228,45556108.77250072,39628264.581278406,41793606.93008104,172992.10409667002
2015-10-26,41533791.304928556,43561925.377896555,39279849.35859569,41080952.21610532,172992.10409667002
2015-10-27,41371896.114023484,45554319.932502,39103988.881401315,42293388.07090103,172992.10409667002
2015-10-28,42331203.13209193,47145765.32509033,40926727.234954245,43630997.714367054,172992.10409667002
2015-10-29,43410585.65121193,48898609.17410452,41672450.64272787,46339115.21889399,172992.10409667002
2015-10-30,46622212.574260734,53735538.88909792,43704667.110537015,48710534.52915382,172992.10409667002
2015-10-31,49252149.51961632,51788528.84875653,42432439.80332495,44770726.228943124,172992.10409667002
2015-11-01,45233847.58686799,50416963.155761905,42631195.27762002,48445466.55982963,320677.13937303005
2015-11-02,48536793.23750713,55871670.464391015,41533847.2570656,49204247.3110798,320677.13937303005
2015-11-03,49279766.85915176,58545709.89172619,41410754.425229415,48562223.471205324,320677.13937303005
2015-11-04,49463397.3265035,61919325.647307515,33941109.2723166,44461984.4979672,320677.13937303005
2015-11-05,44819059.30616651,54773680.13122802,36388390.3803063,43207971.36377705,320677.13937303005
2015-11-06,43736803.980778925,51567122.72012709,38836101.92828517,45653107.71114873,320677.13937303005
2015-11-07,45847272.07353046,50795537.407809205,42479439.95494807,45943230.410668865,320677.13937303005
2015-11-08,45968207.10562712,49924329.94214138,41510139.01180279,44843775.9123505,214528.41705513
2015-11-09,44466336.102750555,47830844.29199131,39932957.83238493,43272644.418656096,214528.41705513
2015-11-10,44063002.87501704,48571383.09438764,35803129.74250504,41163938.7325178,214528.41705513
2015-11-11,41027380.44691697,46981698.648732536,35129500.50688386,40099957.09573292,214528.41705513
2015-11-12,40155513.82080168,47619693.571527,37780007.8649146,42768266.10970899,214528.41705513
2015-11-13,42429857.56284003,46485801.34784747,39656394.346842,43212119.29668611,214528.41705513
2015-11-14,43479319.35725072,48528566.328284435,40012426.09947179,43280641.62935505,214528.41705513
2015-11-15,42815417.08278383,45820202.04027048,39521935.87696698,41332192.62986602,232428.83613168998
2015-11-16,41540030.04715154,45079592.1343013,38785923.15290594,42392677.91236031,232428.83613168998
2015-11-17,42531728.87055808,46329028.596793726,39871867.725598656,41876351.007585995,232428.83613168998
2015-11-18,41553275.493108965,44846097.21769279,40327811.93323609,43609167.00538877,232428.83613168998
2015-11-19,42997799.58853628,44530466.059828155,39429563.46386757,41428171.400455534,232428.83613168998
2015-11-20,41609150.86978225,44151729.973639876,38450169.953837,41417829.47901398,232428.83613168998
2015-11-21,41237170.84110883,42793539.950285174,38978891.53009001,41499979.59297223,232428.83613168998
2015-11-22,41619115.11802589,42186865.38274037,38865267.40749934,39563730.970796615,139456.88099515
2015-11-23,40139666.062347166,42067087.66675229,38428376.99554584,40268530.69638898,139456.88099515
2015-11-24,40492556.09261427,41783772.65475901,37582685.13572692,39292665.31212622,139456.88099515
2015-11-25,39851177.126139626,42351402.17491211,37824458.3374456,39872515.18732839,139456.88099515
2015-11-26,39747695.661224835,46378347.37025687,36586774.16423684,39849102.69597254,139456.88099515
2015-11-27,41188061.29619235,43409593.634620234,37417762.91621583,40403049.50960739,139456.88099515
2015-11-28,40559535.25531774,42099864.93833758,37514040.76351485,39124544.256916545,139456.88099515
2015-11-29,39647053.78818332,43983902.93904058,37860780.64544847,41312741.43753648,200425.2388328
2015-11-30,40599616.33920204,43110488.50002241,37801015.52725486,39868767.99932205,200425.2388328
2015-12-01,39578650.22586345,42837023.3074864,35968620.55132697,38938015.87009646,200425.2388328
2015-12-02,38922414.00455725,42033980.99902647,36181278.973307036,39533227.90351109,200425.2388328
2015-12-03,39258687.96583169,44033089.78392331,38370285.298982225,40540724.31604906,200425.2388328
2015-12-04,40868186.26788229,43851174.325163126,39707194.034797676,41969834.21537665,200425.2388328
2015-12-05,41634233.25804482,46504508.383271374,38442953.12571284,41279620.666104324,200425.2388328
2015-12-06,42068965.141878724,45082653.0328383,39384321.16578126,40778980.731118195,351103.14828582015
2015-12-07,41070137.50677983,44439343.453906804,38938897.47306748,41413427.129548885,351103.14828582015
2015-12-08,41518949.15844565,46997212.837690204,39733394.43889412,44024447.31750581,351103.14828582015
2015-12-09,44645198.65591115,50409035.60641402,39612340.08722,45369970.25806389,351103.14828582015
2015-12-10,46093565.338025935,47730108.0736697,42616007.200909756,44429763.33533862,351103.14828582015
2015-12-11,44434652.26253769,50911090.32680308,42352105.91464675,47731023.25277958,351103.14828582015
2015-12-12,47460736.67848366,51782530.41630479,40491947.08882128,45739864.00597539,351103.14828582015
2015-12-13,45498129.43531921,49688575.73927803,42707063.793476336,46941569.85765283,379996.74133701005
2015-12-14,46849650.824300334,50729622.40196496,43655031.76313722,45942757.76440593,379996.74133701005
2015-12-15,46595018.2629094,49493538.59400552,43379528.8030565,46243823.94563866,379996.74133701005
2015-12-16,46278745.501861535,49742753.3159157,42928699.45813937,47330471.50242064,379996.74133701005
2015-12-17,45853883.07282971,48590293.459784724,44249432.75136398,46400708.91147251,379996.74133701005
2015-12-18,44961069.52849595,50081229.55702133,42981318.26675048,46641094.3378826,379996.74133701005
2015-12-19,46425129.4205546,48616839.58684677,44046231.189051144,45801238.60685334,379996.74133701005
2015-12-20,45361276.256469995,48044295.19822548,42408192.80402866,44241395.80653116,216350.13281936
2015-12-21,43914049.61547633,47169650.718459,41541965.64570274,44412925.12606098,216350.13281936
2015-12-22,44108889.32776691,47355561.922248326,42809503.56497604,44326541.85280775,216350.13281936
2015-12-23,44163202.06578938,46616558.08771468,42493617.31870767,44190352.27972551,216350.13281936
2015-12-24,43969251.65577436,49183247.92638381,43224728.06984068,47327177.1569324,216350.13281936
2015-12-25,46780567.29271085,51183958.29660538,44804690.60043648,48071538.02457631,216350.13281936
2015-12-26,48423273.62719312,54845927.3082819,42272920.23499048,47056423.82023272,216350.13281936
2015-12-27,46961342.57673156,51300175.48777822,44810345.51245881,47879665.095206484,362249.66674479004
2015-12-28,48048888.61877425,53387624.41403783,45299751.24457573,49272780.015032955,362249.66674479004
2015-12-29,48471818.683609806,52428154.61072372,45058923.20330763,49729569.53235298,362249.66674479004
2015-12-30,49052867.3922661,57881860.31091221,46832983.92816491,50263165.520983174,362249.66674479004
2015-12-31,51003599.10226186,54273166.93935339,46195322.49279457,49964987.33553863,362249.66674479004
2016-01-01,49535246.168514654,52907213.93583936,47947647.73909685,49962814.787892476,362249.66674479004
2016-01-02,50165066.27661004,53015715.209154546,48720547.485817164,50030868.69350165,362249.66674479004
2016-01-03,49664591.19247305,52757814.315403186,47296089.220240355,49920981.033102416,198537.97044014995
2016-01-04,50692228.63460617,52849575.044071235,48654084.4588079,50741128.671553634,198537.97044014995
2016-01-05,50505001.39763058,53225645.94687169,49175527.94408285,51210436.46877723,198537.97044014995
2016-01-06,50722849.588115945,52557524.047339536,48783776.50687108,50419812.74720073,198537.97044014995
2016-01-07,50425742.73104514,55807702.99385738,43671362.669132344,50422077.65821526,198537.97044014995
2016-01-08,50501657.24974384,55981765.7745978,46918217.90053083,51677547.402996056,198537.97044014995
2016-01-09,51747485.52300653,59765028.8731535,50140934.48454823,53598740.387278534,198537.97044014995
2016-01-10,54210036.78735986,56758927.31565024,48436307.5863801,53105072.58332941,821166.6619390101
2016-01-11,53058335.64036881,55774049.34552604,49817949.8967432,53106768.760075524,821166.6619390101
2016-01-12,52432582.833572485,56879829.17630273,48911759.84533304,53304868.056349926,821166.6619390101
2016-01-13,52641206.775784746,56253246.94137235,50602838.883080445,54382632.190134466,821166.6619390101
2016-01-14,55379259.646345526,59679005.00195341,52514702.77513306,55484909.72964274,821166.6619390101
2016-01-15,55606906.73860103,61565469.42944816,44957638.0294056,50013032.3301564,821166.6619390101
2016-01-16,49729290.22003836,60730529.853432275,45643506.05985631,54078163.65663404,821166.6619390101
2016-01-17,54702919.15985093,66497243.130066864,51402300.20909696,60865564.83049785,1283717.7887969904
2016-01-18,61263557.07177484,64416675.62843866,54766284.64763787,58609748.83205464,1283717.7887969904
2016-01-19,58449938.14701088,60963581.7944658,52569877.9960081,54532304.69245101,1283717.7887969904
2016-01-20,54587746.923820935,66272979.88498789,51693744.66516361,61845965.97526466,1283717.7887969904
2016-01-21,62181405.337649636,67318179.76306622,58360254.719150074,64879026.39519933,1283717.7887969904
2016-01-22,64939148.192332104,80226555.67034915,57994300.87328391,64060293.68742036,1283717.7887969904
2016-01-23,63701047.225678965,67912399.42765744,56527939.57954926,59885514.52321872,1283717.7887969904
2016-01-24,61088102.39255636,67602320.26075833,55628551.99672531,62686395.65657849,914033.4047559398
2016-01-25,62949040.150579564,67349716.81481765,54987942.353767045,62347700.09233984,914033.4047559398
2016-01-26,62058624.19302148,87955147.82902348,59061462.82115893,80563316.33758356,914033.4047559398
2016-01-27,80314847.08778626,99375071.27582091,74670008.0104972,89694228.60544825,914033.4047559398
2016-01-28,89233748.47753428,104546493.85284011,71422059.34725927,79245523.47642754,914033.4047559398
2016-01-29,79757279.073182,83438088.48875868,69560847.06193964,77012816.98072368,914033.4047559398
2016-01-30,77575458.68367897,80203903.1137246,65683309.15422991,69221773.9576279,914033.4047559398
2016-01-31,69746458.53211679,76955629.76436743,58924519.31723523,68967523.2157661,1484863.4943793698
2016-02-01,69361766.17937595,75274019.80538619,66064979.80014081,69236049.79988842,1484863.4943793698
2016-02-02,69606550.50036654,72456978.7869975,66092604.53545716,68492458.47506781,1484863.4943793698
2016-02-03,68399217.15085189,72008270.86289187,65448880.111489244,68860697.73691353,1484863.4943793698
2016-02-04,68839225.12264374,77101195.85132733,66753967.112176836,72714196.17072462,1484863.4943793698
2016-02-05,72275190.44202982,77458075.9042671,70536750.95947056,75819323.40013956,1484863.4943793698
2016-02-06,74680589.16121559,81144994.20058134,71584712.40887219,73690568.141597,1484863.4943793698
2016-02-07,74361468.04916191,77661674.85788439,69780847.22068904,72696061.87439625,835642.15074725
2016-02-08,72751466.74266374,75938578.0516552,69960050.40173247,71656911.81600556,835642.15074725
2016-02-09,71373957.42173198,75356736.55252354,68936048.40283512,71061478.59475549,835642.15074725
2016-02-10,70971786.54402258,76835930.25504683,68378060.74129203,71062961.22676694,835642.15074725
2016-02-11,71370085.23335123,75631737.31199539,63468722.506525256,68059911.95060314,835642.15074725
2016-02-12,67714886.79186687,81580366.76578005,65454241.47638071,75300844.08609386,835642.15074725
2016-02-13,75942976.41035932,78801489.00338416,68713882.4692836,74060276.16032758,835642.15074725
2016-02-14,74306901.84846061,79598488.2612486,70454976.94578958,74126258.37754336,939283.69954777
2016-02-15,74294170.2889179,81318792.02291417,69219799.80578753,75571670.32364085,939283.69954777
2016-02-16,75391769.3554762,81142115.1423676,69911807.68739375,74028864.06909125,939283.69954777
2016-02-17,73662683.92237999,80643982.12789105,66912083.57925432,71032839.55233407,939283.69954777
2016-02-18,71894973.9431219,76158822.9658507,62753511.795064114,69526887.77758455,939283.69954777
2016-02-19,69229134.70333676,76371502.05055611,65551036.97408724,72011138.72591478,939283.69954777
2016-02-20,71651684.41476864,79393756.95295368,67126067.01485285,70565746.93971838,939283.69954777
2016-02-21,71185556.03445561,80107219.37050308,67139308.84113216,74232145.51738605,811166.0880786098
2016-02-22,74697867.6731892,77782136.49937707,69975579.81096074,75223606.06930844,811166.0880786098
2016-02-23,75258794.144135,79152511.994094,67086823.01790762,71176864.81189933,811166.0880786098
2016-02-24,71805277.46953847,75549896.53460422,67110803.08457848,72190378.24748997,811166.0880786098
2016-02-25,72029245.70885557,75093375.37925427,67337086.23713161,70518674.02711223,811166.0880786098
2016-02-26,70630924.69354393,73986278.22024769,66828041.88066426,71143885.13976431,811166.0880786098
2016-02-27,70239608.55722159,73803051.48102884,68192836.6480279,69742504.19575505,811166.0880786098
2016-02-28,70452790.11496668,72790218.57174283,66151851.93302328,69188533.08232158,500250.0743410401
2016-02-29,69298194.69780873,73260359.21065858,65802148.05008786,69550314.057176,500250.0743410401
2016-03-01,69138693.53142083,72828933.42820813,65381408.7722009,67742364.97614768,500250.0743410401
2016-03-02,68104036.21902913,71622825.02446485,64297773.187934145,67303513.49439315,500250.0743410401
2016-03-03,67239502.53065549,76728321.72715175,64563614.16258493,72733452.86502132,500250.0743410401
2016-03-04,72655511.09410414,78986369.67073928,67090881.95803034,71676451.06003715,500250.0743410401
2016-03-05,73001485.26021788,79658458.95494865,63976247.965721,71481336.93027449,500250.0743410401
2016-03-06,71359748.39210777,81584999.13232638,65753800.04923547,72365156.9810101,1400116.98206812
2016-03-07,71927441.6368741,78187561.96086937,66136207.86244835,71685491.76207745,1400116.98206812
2016-03-08,71298586.97366317,76162667.95242962,66659293.180330396,72835181.5321196,1400116.98206812
2016-03-09,72270163.28342277,77218074.56810865,69632417.42165093,73477048.36774085,1400116.98206812
2016-03-10,74201654.98219296,94359325.65221329,71626642.36769646,85665053.24400194,1400116.98206812
2016-03-11,86257353.0712525,94997755.13492571,79918989.4647329,86722774.77963962,1400116.98206812
2016-03-12,86222606.91382447,93184030.88993733,80292239.34206907,87125494.91023171,1400116.98206812
2016-03-13,86588167.5271221,96429193.95938233,83676217.16421013,90065315.60760786,2726494.761523049
2016-03-14,88727728.66716829,92892807.15390602,78596321.7594726,84727698.16929124,2726494.761523049
2016-03-15,83998051.25637026,90818373.02256326,80092926.07842909,86532508.65288842,2726494.761523049
2016-03-16,87016958.7011152,94966522.26015979,82190039.61422879,90239321.34892039,2726494.761523049
2016-03-17,90112938.75555205,92632424.08116244,80430914.265054,84885509.2893193,2726494.761523049
2016-03-18,84248429.93239231,88746348.03843977,75858227.78616643,82555219.73589763,2726494.761523049
2016-03-19,83250800.96898146,88860892.5386567,79752534.78569748,85208382.6482887,2726494.761523049
2016-03-20,83754123.76574041,88460469.19006705,80138619.48343195,84472932.28229085,1099337.1240857998
2016-03-21,84526743.42021047,90768435.22366478,80183225.70283027,85351965.68734011,1099337.1240857998
2016-03-22,85157452.55168067,89166191.57675284,82042192.83820468,85816159.17002514,1099337.1240857998
2016-03-23,86879359.46488115,92016478.71236394,82495497.81396277,89838681.9017009,1099337.1240857998
2016-03-24,90354605.9522521,97563591.21663299,85106858.50921598,94050797.29119083,1099337.1240857998
2016-03-25,94301390.55748527,102567296.42798805,88692876.55816673,98246065.3491374,1099337.1240857998
2016-03-26,97495003.47726722,100731111.15901914,92061462.07548034,97063650.5661892,1099337.1240857998
2016-03-27,97060289.60487033,100182716.07535851,89743717.89560056,93641461.88062634,2519436.93676465
2016-03-28,95047090.44246155,98894098.72983164,87474038.86453395,93964826.16492821,2519436.93676465
2016-03-29,94446668.68987596,104014238.55646598,88233295.32948944,98326984.55503294,2519436.93676465
2016-03-30,98221556.40711664,101273931.02088116,87800548.3657709,94657688.8756834,2519436.93676465
2016-03-31,94210092.12727396,99553898.83043733,90756486.10646631,94825498.83447842,2519436.93676465
2016-04-01,94944680.8007083,99559711.77927542,91304414.93153025,96194278.93781453,2519436.93676465
2016-04-02,96506365.03149155,109275496.9484556,93730539.32227899,99625139.07003537,2519436.93676465
2016-04-03,98738182.93065488,101960002.33220686,91826394.52416052,97877649.66207804,1259069.6336532298
2016-04-04,98586447.91987258,102275195.465438,94285369.64174849,97886552.53914744,1259069.6336532298
2016-04-05,96762971.65966342,102014869.57416496,93735292.6183401,96613468.30936578,1259069.6336532298
2016-04-06,96532037.95624489,99780313.0789591,93682255.7639808,94724128.28445132,1259069.6336532298
2016-04-07,94686768.41437635,97785241.42230399,91025774.34042631,92532798.734502,1259069.6336532298
2016-04-08,93346925.18042573,97187938.77481554,89843474.2229316,93670696.0479979,1259069.6336532298
2016-04-09,93495182.05098678,95398301.91651408,84900701.5575146,91872975.6319604,1259069.6336532298
2016-04-10,91453001.53680027,94132131.5876925,81808303.93439512,88213322.41323164,1014643.9509767498
2016-04-14,90121331.05577907,91373111.98551531,85658487.61787887,88869661.86533134,1014643.9509767498
2016-04-15,89057860.75407672,91906299.18192552,81974706.84676285,84738464.95806831,1014643.9509767498
2016-04-16,84729613.03628798,90629105.3355593,73555977.54560377,86694608.77753209,1014643.9509767498
2016-04-17,87079574.26702666,89856742.13494115,74391845.13087437,86619452.95919125,797349.1239737399
2016-04-18,86516419.49769488,88773055.56702957,80949082.65372844,84596574.48860699,797349.1239737399
2016-04-19,84556438.66746686,88786414.1098568,73065230.54641794,85591504.54985207,797349.1239737399
2016-04-20,85150194.60150819,90758444.34899735,82878231.19954416,85818182.2384366,797349.1239737399
2016-04-21,86144960.75601025,90277856.89933118,81391191.1653808,84738694.7180508,797349.1239737399
2016-04-22,84288950.85541426,88722504.66937852,81863766.00910439,85902493.51082923,797349.1239737399
2016-04-23,85794671.91271639,89297700.79395236,82456579.9085888,86379357.06892705,797349.1239737399
2016-04-24,92373620.51610203,99148878.78255598,85917738.43228395,90748675.96985866,599365.5515760798
2016-04-25,90403335.37450957,96139022.28531888,73279880.33703849,86388339.31191997,599365.5515760798
2016-04-26,85756261.1171063,91503531.24922574,81483378.41015618,86820178.44626941,599365.5515760798
2016-04-27,86602941.2098264,96298429.80037905,73851652.85881269,87150559.3402588,599365.5515760798
2016-04-28,87522639.58648099,94100042.98354056,83599588.0859472,89596667.32540695,599365.5515760798
2016-04-29,89730327.50111763,94912891.08136168,85716160.86767548,91588583.60010391,599365.5515760798
2016-04-30,91237667.17095444,96229145.61938915,76384977.24564281,92809759.50710474,599365.5515760798
2016-05-01,94695703.99150789,99577466.59657097,91313027.78757834,95534328.82373033,527743.47329057
2016-05-02,95544159.68889381,101961892.37772599,88788825.03847152,94656129.96357392,527743.47329057
2016-05-03,94466279.49604218,99589464.62530507,91034879.76870394,94588909.65724513,527743.47329057
2016-05-04,95534996.0504262,97259900.12121922,91849376.95274241,94282763.44905846,527743.47329057
2016-05-05,94605964.50726739,96655276.779957,90655860.66378647,92655550.04867402,527743.47329057
2016-05-06,94243513.55978364,98367099.20082025,88224189.61169045,91306808.77776766,527743.47329057
2016-05-07,92150763.3310892,94798345.21416579,87106221.94934317,89739770.83056177,527743.47329057
2016-05-08,92099133.56387413,95219408.92853518,90027286.99770615,92273217.64313062,568918.9514379699
2016-05-09,91959821.09155518,96136264.0580391,86844015.82994965,89846687.15409806,568918.9514379699
2016-05-10,89978776.98099375,94419972.30450784,84759754.28508236,89260606.29581009,568918.9514379699
2016-05-11,89621247.83240801,94546336.4824788,86201840.13931702,91512453.91194606,568918.9514379699
2016-05-12,91418273.99928215,95400178.28114328,87696546.65775007,92148189.67272726,568918.9514379699
2016-05-13,92998181.46741667,102990031.84105974,90155038.26203066,95989526.24600026,568918.9514379699
2016-05-14,95960657.69964363,98642325.08022676,91578265.80801506,95469579.52700534,568918.9514379699
2016-05-15,98909794.68261534,101684662.84578186,94622995.09007384,97792986.64546943,490269.5981422901
2016-05-16,99011061.13671401,106374941.00092962,94372222.49702294,99178868.21169332,490269.5981422901
2016-05-17,100306761.28246829,102480600.61935581,96420543.80492157,98700370.19957425,490269.5981422901
2016-05-18,98816925.1830187,102333641.47326832,95824418.16843282,98963045.71212798,490269.5981422901
2016-05-19,98933709.05402716,107352940.77793327,92783391.88463013,101050194.92108823,490269.5981422901
2016-05-20,101490921.29853672,114535313.61517823,99011866.93907805,107392982.5952845,490269.5981422901
2016-05-21,106454416.67973769,113399808.69866045,100985606.00562507,108862134.4585372,490269.5981422901
2016-05-22,111960692.52521108,118333268.36736126,105980934.60738058,109578990.24971408,1107401.4622084997
2016-05-23,108147421.69938178,114877625.57169597,105925774.0208578,110584178.2469805,1107401.4622084997
2016-05-24,109353355.50170751,116756944.45906673,102927802.28202233,109906285.7861538,1107401.4622084997
2016-05-25,109078870.40087155,115398297.64323786,101791369.63525547,109008568.04463251,1107401.4622084997
2016-05-26,110113065.34824547,119792363.32071963,102723834.70498247,113414477.25151508,1107401.4622084997
2016-05-27,112437208.93206692,120672546.0692958,89465266.03258853,106465741.06467941,1107401.4622084997
2016-05-28,105389192.08003436,121382789.98901214,92911735.21966597,104219690.66717198,1107401.4622084997
2016-05-29,143334182.80463195,164068789.29165903,129073604.4617097,146779037.9429691,8444048.750896089
2016-05-30,146692492.48158562,158667358.50910094,136265336.78986326,144984954.760741,8444048.750896089
2016-05-31,146216144.24841774,160373375.4307335,132230118.46026495,144229248.2835238,8444048.750896089
2016-06-01,142551465.5824232,153263153.15713334,136865129.2298756,147241216.65405238,8444048.750896089
2016-06-02,146830688.7370122,149880235.86084062,137565241.1544417,144858117.97989804,8444048.750896089
2016-06-03,144772900.71610084,165428293.56253484,135487923.03920135,150908305.92244908,8444048.750896089
2016-06-04,150375092.02770633,167009435.7248455,143628237.02569276,157453022.4635047,8444048.750896089
2016-06-05,158866976.30735993,169043696.40653694,147962664.88806626,159163225.58675745,3891700.3352992
2016-06-06,156512245.33565268,165414923.60858825,148817748.88456133,157333808.6306591,3891700.3352992
2016-06-07,157083552.32864037,165893928.95226473,140781972.1802181,153942134.80917272,3891700.3352992
2016-06-08,152470852.35732394,174352519.25932276,144319822.3311086,159990516.59731105,3891700.3352992
2016-06-09,159360474.04052302,170128015.6181277,152296775.6881492,162061453.57966736,3891700.3352992
2016-06-10,162281304.73366266,170311623.9714972,154490254.1924799,161061092.7222741,3891700.3352992
2016-06-11,161138413.5462623,175578957.60710874,151183803.9459404,161564078.63780072,3891700.3352992
2016-06-12,164011122.1144978,187200200.85665876,137071599.24808517,158471763.6681266,4433469.41682552
2016-06-13,157864525.8654089,186734589.70106953,147490656.45232004,167603111.63083664,4433469.41682552
2016-06-14,169886001.0222227,189441259.57323274,152285676.3807937,173180342.81139192,4433469.41682552
2016-06-15,173921808.96389017,186084984.7774585,163122307.7896049,171837525.50082955,4433469.41682552
2016-06-16,172728225.62110418,197120424.90595946,155070879.41351447,177828211.79742068,4433469.41682552
2016-06-17,181649219.18110964,192226382.00660717,144731204.99909323,166815048.27419448,4433469.41682552
2016-06-18,166714460.8179816,180880537.25122097,144004674.28549582,156434921.17065486,4433469.41682552
2016-06-19,159674731.20513088,175638262.72883546,151091006.21797103,162951574.2986961,4975992.57374621
2016-06-20,162766697.8876794,173296004.113797,141496467.05822983,157239604.75195956,4975992.57374621
2016-06-21,154429340.31362298,172956218.60808498,126463360.40150625,145651142.3851077,4975992.57374621
2016-06-22,145769994.7389107,170964117.10119694,123328488.66724813,141368321.4162084,4975992.57374621
2016-06-23,140734454.4051382,162497172.08451307,118766355.71907273,148175906.46070153,4975992.57374621
2016-06-24,147746460.57751417,167364884.85892263,128592894.4070095,146112613.9618408,4975992.57374621
2016-06-25,147441144.21918386,158231144.38336027,127725794.18648341,140131030.21005774,4975992.57374621
2016-06-26,158122317.8895256,173893726.5591733,152101967.14738396,162448897.394723,4744302.2398573505
2016-06-27,154787595.23365074,170194535.66313353,142927404.86522126,157665564.24214378,4744302.2398573505
2016-06-28,158105449.10686943,175028375.11865544,145902943.79967654,158225551.6284358,4744302.2398573505
2016-06-29,156394750.40726045,172149638.75833195,147497450.18481037,160935331.69704452,4744302.2398573505
2016-06-30,162543516.66684246,179250383.88911977,150783079.85023627,162439498.12208772,4744302.2398573505
2016-07-01,163790388.8498887,174144748.53608966,152670799.20896387,161690798.38979095,4744302.2398573505
2016-07-02,160936850.00250706,177420337.04060534,150990920.3798588,165144203.8483827,4744302.2398573505
2016-07-03,166133755.46941048,185106056.0784438,147784115.4211405,164832311.28148293,2262536.4895409304
2016-07-04,165164535.46431512,184958604.6738323,152796181.2996025,169867049.81800386,2262536.4895409304
2016-07-05,168624530.30375636,178097546.3592076,156467822.80553547,168302218.00843105,2262536.4895409304
2016-07-06,166557074.063902,176478347.28987813,158532997.90587384,168378311.3752427,2262536.4895409304
2016-07-07,166986325.6534369,192797734.12523735,146237312.82352063,165715819.60333928,2262536.4895409304
2016-07-08,167546118.3048121,185790569.292118,152241182.4261067,171475995.85627797,2262536.4895409304
2016-07-09,171309798.5871098,199712316.1178015,157543708.190023,187589440.4536648,2262536.4895409304
2016-07-10,193010710.78749296,221600779.70440948,182297326.12115902,196693416.88274282,1532128.4565639703
2016-07-11,196866829.80103916,248965440.1590233,189470559.05674404,238038429.89115572,1532128.4565639703
2016-07-12,236255010.6062466,425815303.2769771,220733335.3906828,375906419.9811364,1532128.4565639703
2016-07-13,377119408.6570171,564055083.3038415,307997485.22078586,472671582.03770137,1532128.4565639703
2016-07-14,470910860.91919255,535245992.7307741,412937341.9941819,450003010.8887874,1532128.4565639703
2016-07-15,455926021.9713038,506669995.8762472,375254888.1858165,414107402.2467964,1532128.4565639703
2016-07-16,413665977.5505641,469763053.49454343,360255659.71604174,416577838.93411064,1532128.4565639703
2016-07-17,434493015.22210616,489746180.35944176,395565672.85896885,441242064.61209327,2458065.1398569206
2016-07-18,440694429.2536392,455326076.4984806,358574283.2540017,375879687.9147313,2458065.1398569206
2016-07-19,376802448.2046379,568056954.5377847,357683642.656266,532124145.80036324,2458065.1398569206
2016-07-20,532993621.44957423,565980500.7786127,471020472.94383836,499847678.2436234,2458065.1398569206
2016-07-21,501978334.2917469,511881766.010158,442343151.5681715,456432289.49128956,2458065.1398569206
2016-07-22,456025859.2109305,483575915.6785963,419413586.8631865,447224124.61871547,2458065.1398569206
2016-07-23,453734162.31243706,505605791.82781446,434071128.0102683,488882339.42077035,2458065.1398569206
2016-07-24,519893804.3659705,536036339.5667017,477471559.08414453,492513747.3685235,2426251.68404395
2016-07-25,490342240.70460635,502646034.11260176,411915034.5641271,468947954.17620826,2426251.68404395
2016-07-26,472054008.3605691,486250570.3795933,398700825.79362816,416483392.8858266,2426251.68404395
2016-07-27,416500327.94143057,439574887.6332744,390004122.8130529,414099285.4820713,2426251.68404395
2016-07-28,415237672.5952604,430591553.63645893,397422948.4883843,402782615.2726696,2426251.68404395
2016-07-29,404953356.0457759,413773192.6230031,352975807.2929412,364147113.1790948,2426251.68404395
2016-07-30,361344636.98346406,401480647.89661473,353698352.0411977,385271951.42072624,2426251.68404395
2016-07-31,403184187.353336,433368853.90275687,359263040.7576408,386160548.6917128,12914277.939745752
2016-08-01,387215762.64078796,410407069.5169137,345977754.3697499,361560713.65238774,12914277.939745752
2016-08-02,364677142.7174182,441541640.73082304,256195184.53464344,339837587.3038111,12914277.939745752
2016-08-03,339993519.72580975,384314660.4809037,313829938.4497006,351685109.6933627,12914277.939745752
2016-08-04,354602578.447545,379918882.97137856,327195038.5777502,348244253.39957017,12914277.939745752
2016-08-05,356148588.9735714,367374616.8752728,335504854.466613,350325101.61637264,12914277.939745752
2016-08-06,351072768.0565922,378131505.95759684,334572395.76430607,363337798.3508537,12914277.939745752
2016-08-07,380526692.2065742,417596338.27128845,349493528.27511764,383014658.07211655,25577603.303644408
2016-08-08,382768118.24874854,397079111.9254152,353204710.3394303,371881301.34059936,25577603.303644408
2016-08-09,371266873.5116098,385069228.7529037,337791428.3456352,346974371.6104096,25577603.303644408
2016-08-10,345087745.2406643,380893399.5792939,308161892.36422265,331304831.9532012,25577603.303644408
2016-08-11,330721441.49874806,359865422.6088215,307411445.3229637,322157532.0067386,25577603.303644408
2016-08-12,321564607.39752007,354401307.4187096,297156176.824688,322398202.1373901,25577603.303644408
2016-08-13,324479738.0124204,369432970.54606366,313745932.05999583,356819148.8551804,25577603.303644408
2016-08-14,364675908.48930925,394718550.00060624,327537507.3573028,354924134.90400755,8534639.87684025
2016-08-15,355866559.8002008,375873031.9536917,323288159.8985966,347680894.45711225,8534639.87684025
2016-08-16,348438391.4977012,369185973.50851446,315728814.07848203,340353910.6859964,8534639.87684025
2016-08-17,340238317.4449994,389983615.9328105,321036383.76547146,356749195.84728163,8534639.87684025
2016-08-18,362170065.730599,385332177.7082047,340007325.1730195,361807616.9887307,8534639.87684025
2016-08-19,361534436.3634877,382416088.85609984,329067992.1301363,358500367.6176945,8534639.87684025
2016-08-20,355754427.7800254,369528675.6245975,334791707.36392355,348658508.4662091,8534639.87684025
2016-08-21,354929160.89167583,391087389.3271327,346467493.9001126,360518496.1098452,5702821.88531515
2016-08-22,361296996.67756426,377059991.12464833,337263796.2110245,352789785.18314135,5702821.88531515
2016-08-23,353434722.9138521,361653181.7743787,301384646.8072128,322308164.266389,5702821.88531515
2016-08-24,324726872.91443187,334820484.1982037,300451518.8839377,315193521.2932077,5702821.88531515
2016-08-25,317583480.16938066,325867593.04694223,284997167.41250724,291000481.4407576,5702821.88531515
2016-08-26,292377931.5725219,312556844.5125542,276584942.79536206,291671160.0725205,5702821.88531515
2016-08-27,290353865.9084215,302896533.86212367,266306187.1093735,279244449.675135,5702821.88531515
2016-08-28,286690884.4059335,297574502.4151998,260085805.477088,272643830.2802164,5837160.305826912
2016-08-29,272583346.75445116,341450483.5812205,247440018.90420118,310840934.553348,5837160.305826912
2016-08-30,311657983.1734958,329028654.2588515,271238196.3673275,294018418.7702206,5837160.305826912
2016-08-31,295032905.5496558,308915052.40550417,275189187.48315346,288724843.9000407,5837160.305826912
2016-09-01,287173027.72455686,297720443.42797405,254855495.0618383,271063720.15563935,5837160.305826912
2016-09-02,270657455.1243216,291046791.1366771,259785825.39218596,273620455.39752924,5837160.305826912
2016-09-03,273028044.4979573,297542511.43504477,252149019.19578657,275088809.5741302,5837160.305826912
2016-09-04,281193104.1760902,291473331.77915764,253992574.51876065,276769622.4959466,7323641.553419271
2016-09-05,277010574.30660456,290523956.9527677,262307441.16380158,275963681.3324969,7323641.553419271
2016-09-06,276881661.7760369,283296449.6665334,260986604.25134754,270832528.4436383,7323641.553419271
2016-09-07,271501335.9303919,283087182.05762756,260614510.12270775,272681076.55741245,7323641.553419271
2016-09-08,270863453.12907743,282006243.70142245,239374681.9457224,257305487.64131242,7323641.553419271
2016-09-09,257012644.00971013,270593890.5720152,238193468.20126885,256455695.89594248,7323641.553419271
2016-09-10,256143902.5413976,278234862.1337063,249436610.5848699,267633063.3982379,7323641.553419271
2016-09-11,272499400.36670125,289369769.0442945,248472545.3578857,259518875.88292256,3518023.8650817093
2016-09-12,260665228.63581073,287785653.6158752,247882085.67044607,268099999.56733072,3518023.8650817093
2016-09-13,268613258.76623446,285820072.38166195,254438078.47579685,267551929.0541559,3518023.8650817093
2016-09-14,268071912.69241685,276508655.75988585,257733340.63214138,264863420.7518915,3518023.8650817093
2016-09-15,266180778.58826536,271339800.5946144,244337881.01137924,252175201.44849947,3518023.8650817093
2016-09-16,251803478.59666505,261522375.7342407,238695779.98439795,252533576.95861313,3518023.8650817093
2016-09-17,251800721.60629323,267799791.3838534,243281831.4755399,255758114.49791318,3518023.8650817093
2016-09-18,260221906.64485034,268311358.21255997,250398044.3487804,257000604.67156318,2689647.1469099093
2016-09-19,257044941.81842658,261169232.11690074,239906799.2046513,249787760.40121594,2689647.1469099093
2016-09-20,249120618.80906042,255592211.14283672,233223517.86053365,245126010.41685465,2689647.1469099093
2016-09-21,241455650.46115914,250624254.47886857,226359569.71713865,237148731.93680453,2689647.1469099093
2016-09-22,237139114.94291934,262707765.64980757,229600655.8722555,249008378.14114645,2689647.1469099093
2016-09-23,248107382.7186042,260085909.06201056,236094372.4918739,243611525.6819828,2689647.1469099093
2016-09-24,246559628.3115383,276580358.3086047,236406598.45385647,261175104.83833754,2689647.1469099093
2016-09-25,266704978.36586422,289084879.70992005,259562397.83573592,267448046.26072332,2338046.41270525
2016-09-26,268323831.74670953,275050369.11537623,250464803.0335329,259077226.37705866,2338046.41270525
2016-09-27,257936569.8721918,270340817.6923067,250841169.88746244,258742512.81037757,2338046.41270525
2016-09-28,256773158.68614057,261423386.31302676,244849469.41765252,252331037.72697368,2338046.41270525
2016-09-29,252217959.28812683,260999439.83112153,238857955.53068012,255176012.70030272,2338046.41270525
2016-09-30,252608083.90503165,263096841.82999918,242359395.25389636,252042882.01270986,2338046.41270525
2016-10-01,251642919.96776992,261315100.37688985,236191859.83341768,242251668.11966372,2338046.41270525
2016-10-02,247116708.68238783,255677151.53739604,236113319.88537478,245567183.68867737,3576217.6273463396
2016-10-03,244910150.76218814,264320031.84298146,240072146.35350347,250759071.12261274,3576217.6273463396
2016-10-04,249316519.2687483,255949160.4902629,234750016.87071744,242865818.46133918,3576217.6273463396
2016-10-05,241371342.38145274,253716307.11924985,232923945.86466998,244824262.20777404,3576217.6273463396
2016-10-06,243216043.38934985,250786185.11202568,234981516.0898934,239901762.7948113,3576217.6273463396
2016-10-07,241462269.48035315,248813310.3307014,228420611.0072137,237313586.15371028,3576217.6273463396
2016-10-08,235800290.48998192,245673591.40970916,228201373.65560064,234732611.46440193,3576217.6273463396
2016-10-09,313663039.98142713,328699744.2477302,294122288.00492775,307587083.3862298,4273264.1350674
2016-10-10,307446277.5078772,321000064.2817464,290827441.815611,297281574.6307792,4273264.1350674
2016-10-11,301108770.7615644,315339323.9239708,261753028.24312046,278859998.4883364,4273264.1350674
2016-10-12,279180327.3840765,300357879.076992,262874595.9053495,281856978.11389095,4273264.1350674
2016-10-13,279840941.7362477,307095519.5512266,270931901.62724906,287973767.59847254,4273264.1350674
2016-10-14,288957013.86114097,311380143.12460196,267635871.52445164,278879214.8972699,4273264.1350674
2016-10-15,277603875.0872229,288919327.0659779,266845188.02811462,275058788.22492313,4273264.1350674
2016-10-16,274085611.8716877,291452388.4005388,268298656.47543877,275336092.37049836,2391006.00649194
2016-10-17,274036821.0374301,282596856.6657762,254478931.63545465,263523264.15302092,2391006.00649194
2016-10-18,263934223.65649864,277330985.94375783,251920360.53389314,264964882.3496094,2391006.00649194
2016-10-19,262740833.62508386,274675511.3092757,252299249.98376644,261647865.98082617,2391006.00649194
2016-10-20,263391143.11549667,272823187.9568736,244496634.17245,265646990.8964802,2391006.00649194
2016-10-21,264538082.3879217,276142466.9063932,258492794.14076638,268495999.11995584,2391006.00649194
2016-10-22,268131081.71230996,287416355.1302488,249850121.62852508,268526641.2141936,2391006.00649194
2016-10-23,285866644.20771,293260907.7029955,262330258.2064771,274377397.7434534,3939793.3020011596
2016-10-24,274051294.6935127,295661152.98316747,259137298.44925442,275535534.90512276,3939793.3020011596
2016-10-25,274216370.4823467,285560828.4825419,251238909.87736547,266343232.6344408,3939793.3020011596
2016-10-26,268647756.03429025,289435340.3458724,235054916.50712457,262489981.21100596,3939793.3020011596
2016-10-27,263769988.8869289,281717169.88344955,242776988.54972157,263721306.16124463,3939793.3020011596
2016-10-28,262018454.59809074,277196636.66093177,240150081.50961378,251649649.80926046,3939793.3020011596
2016-10-29,254440888.94964626,277794124.6438707,213392815.29654646,233942588.14446172,3939793.3020011596
2016-10-30,244687708.75949413,272870937.5938241,230765632.29824594,259856535.20589635,9386609.833472382
2016-10-31,257816744.18525177,273007169.9241609,231600560.02820334,248201073.91819632,9386609.833472382
2016-11-01,245526189.41008738,267311163.3571972,218274206.5897531,246097154.20231244,9386609.833472382
2016-11-02,244706194.5887313,270381044.7886341,233137064.0467808,249020766.16284016,9386609.833472382
2016-11-03,249990840.83484685,274113616.44942313,215145527.39353752,243110229.6191123,9386609.833472382
2016-11-04,244361533.17258886,278818740.4498366,230617881.25985268,255455658.17231342,9386609.833472382
2016-11-05,254525667.52664086,306695930.4849258,245477447.50026646,282612435.45557463,9386609.833472382
2016-11-06,289545566.2144668,303217077.61810315,269499470.2783929,283895458.44978696,6974591.09806912
2016-11-07,282512765.4675238,303844026.0357058,260280194.8094967,277344908.5303739,6974591.09806912
2016-11-08,275614475.34830487,293546244.03379625,257653390.53525814,268219822.1703843,6974591.09806912
2016-11-09,267323088.75306648,293664737.00216204,240210443.81275582,264341669.38116148,6974591.09806912
2016-11-10,265637911.8268297,286932688.48584914,252963386.50930062,272645941.9966689,6974591.09806912
2016-11-11,273747847.5303463,286591811.18875474,258387611.38056576,269638683.6881539,6974591.09806912
2016-11-12,267247913.22555494,287729776.59366673,256067420.5357781,268061197.907599,6974591.09806912
2016-11-13,269682022.83328474,282959519.78242016,249485907.35617393,265896623.19075593,4499404.85620416
2016-11-14,266090836.19888636,280967547.62615794,254732792.80204734,263873439.53072163,4499404.85620416
2016-11-15,266284274.7102989,278829277.6021511,251533663.15786818,265658290.46272567,4499404.85620416
2016-11-16,264777538.1117496,282488444.55352944,234335230.9258396,253814896.03221178,4499404.85620416
2016-11-17,251853694.3851192,262871403.15170518,238051729.94276708,246582518.46057278,4499404.85620416
2016-11-18,247627638.67841855,266983024.14111403,224609411.07243994,245583354.07266656,4499404.85620416
2016-11-19,244675344.1289549,264345539.72000295,225752088.0993221,246738327.88463858,4499404.85620416
2016-11-20,249172330.5610538,263987889.75750655,224162116.7756418,237292034.6590606,3898829.2942683804
2016-11-21,239315108.28205648,253628535.58611682,231421774.583741,242787511.32233617,3898829.2942683804
2016-11-22,246729849.0054189,257314915.61288252,230165761.44616824,241688852.85449547,3898829.2942683804
2016-11-23,242056630.81318775,252838792.17627236,227350623.2737645,241314110.83412775,3898829.2942683804
2016-11-24,237083557.58730134,254853735.83039787,221328034.588874,243704944.38150924,3898829.2942683804
2016-11-25,244981151.820748,259880142.01893485,228946634.23185006,245897418.9168725,3898829.2942683804
2016-11-26,243013385.22137326,256191072.51734546,226207221.23639736,243047914.84740645,3898829.2942683804
2016-11-27,242799686.79351762,267990674.3435375,232059898.79279307,255747013.0414668,3687938.56470807
2016-11-28,252437702.6212013,267113017.13611028,231948907.6548672,248258542.82355326,3687938.56470807
2016-11-29,247014909.37610272,257980895.88807428,229671237.53965038,243947068.99045476,3687938.56470807
2016-11-30,247356681.0656764,258578367.8536015,229474368.9946118,242271561.17007104,3687938.56470807
2016-12-01,241299338.82181534,252388002.7029753,227623084.0989243,237442002.31041634,3687938.56470807
2016-12-02,238489503.98613152,256726037.28476387,218268604.9560354,237992293.12913245,3687938.56470807
2016-12-03,235978054.29281554,253636888.91309854,224229483.21116757,243128284.36299098,3687938.56470807
2016-12-04,246068293.31364137,260975978.14090592,231733353.4796076,244878733.20792186,2809894.38652322
2016-12-05,245462438.78063536,262595653.1887831,223994798.67432284,243359602.9755632,2809894.38652322
2016-12-06,242609512.69881374,278719547.4933298,217595893.13629982,244384864.42883947,2809894.38652322
2016-12-07,247193018.05265588,268234048.74589303,229675379.91979006,251028503.76649258,2809894.38652322
2016-12-08,248611890.35095415,268960444.530733,239572153.70665032,252150290.831285,2809894.38652322
2016-12-09,253061114.23044378,268127956.31254807,246335004.70644233,251799687.57579073,2809894.38652322
2016-12-10,253368133.7074209,262026936.34673637,230075473.28447643,245460754.70560613,2809894.38652322
2016-12-11,251139219.35156775,267389203.59110937,236416576.5547016,247605275.31420395,3380619.764182059
2016-12-12,248351506.15133268,260735171.75195244,240397284.5720263,249037772.53340855,3380619.764182059
2016-12-13,247493666.8404757,261007832.07247302,228499070.69511655,239063559.9282277,3380619.764182059
2016-12-14,238877884.83531782,252578608.4972725,226906211.29647285,237377642.1060067,3380619.764182059
2016-12-15,241117927.01545018,251621185.41985604,229748494.07842055,239386557.92050132,3380619.764182059
2016-12-16,240128800.41683748,254145512.57402316,230471780.10158384,245747641.61255762,3380619.764182059
2016-12-17,244398768.5238178,250592498.789819,229967126.24333245,237195936.66666698,3380619.764182059
2016-12-18,239675245.5211496,257039191.58289158,231405640.10005257,247217220.12611976,4296626.94325364
2016-12-19,245429281.26739737,262533951.98248953,232978129.9818902,247023847.04009557,4296626.94325364
2016-12-20,244885880.21061113,256607522.1033618,230599499.4139918,237401551.5883299,4296626.94325364
2016-12-21,238030869.54330856,255295261.96429524,216420538.15846562,234663767.3014053,4296626.94325364
2016-12-22,233190633.3396004,255927003.3972925,213529053.86441597,235994023.19897044,4296626.94325364
2016-12-23,234755733.2186004,260213602.7743636,212030075.3953949,235457867.72801015,4296626.94325364
2016-12-24,238113894.7127677,259018296.4417531,221431939.39230797,237282249.72179148,4296626.94325364
2016-12-25,240628542.3739291,260686767.27557656,226173739.5209011,240404265.03252354,6295856.751952641
2016-12-26,245899474.5929768,261816317.10720578,233850862.91621596,246352656.83488312,6295856.751952641
2016-12-27,248528640.1579314,267732087.53413662,228640728.77400547,247397711.6027751,6295856.751952641
2016-12-28,246135903.47027364,271996517.96112484,230238989.45699373,248474644.13310307,6295856.751952641
2016-12-29,248481475.19255444,283170279.2859959,238774345.2258115,265287082.81407982,6295856.751952641
2016-12-30,267970039.37099257,292764647.38469213,247876152.69008338,273088618.88402617,6295856.751952641
2016-12-31,276012090.30063397,292160171.83679765,260374921.21098584,276069425.75948703,6295856.751952641
2017-01-01,278303526.9568223,301903117.15586936,257617924.14420676,278318545.82994306,7565519.444129933
2017-01-02,278253886.6968376,301631187.870467,262658900.7921626,280823025.91426635,7565519.444129933
2017-01-03,282283605.02223015,310156585.9031963,270130126.95377725,293797609.757168,7565519.444129933
2017-01-04,290837458.2576067,362657270.0121958,278823201.7405701,329453990.64131933,7565519.444129933
2017-01-05,328321533.8744893,367144862.7336874,253872511.45471206,311364504.44172686,7565519.444129933
2017-01-06,312554111.90342075,346907886.9870823,254982687.59087658,286530278.8143749,7565519.444129933
2017-01-07,285573371.6176036,307748206.33140707,248215842.58694732,289931614.48453605,7565519.444129933
2017-01-08,290677825.00211996,313605510.46534,270465333.3219987,293896598.4842906,7407472.277393652
2017-01-09,293602023.2016381,302754954.9662334,268947619.708495,279409146.0448768,7407472.277393652
2017-01-10,280688766.005847,296251458.28753525,272309637.31488013,284544890.2134165,7407472.277393652
2017-01-11,285191164.36843693,309301425.3951456,234127259.83295786,254719037.71144056,7407472.277393652
2017-01-12,257614039.30164167,291542135.20460355,239950441.3216623,269538024.3583593,7407472.277393652
2017-01-13,270746203.8970127,289525008.0233615,253101334.53997898,279604656.1414164,7407472.277393652
2017-01-14,278992206.914864,290371633.30685866,266747819.26522776,278235884.2734533,7407472.277393652
2017-01-15,281901074.5307134,300490838.24479115,270027045.59103775,285182785.12347245,8322727.129118523
2017-01-16,284536206.8073095,317355173.1223677,275048674.25804394,298384679.57517,8322727.129118523
2017-01-17,295996457.4852888,338195530.5134082,276237695.2610475,309300556.1033952,8322727.129118523
2017-01-18,308508227.33511406,329943154.67113554,280696768.18365365,308803286.13850754,8322727.129118523
2017-01-19,310881191.76831037,334733105.4171103,298099086.7335142,318280062.11866903,8322727.129118523
2017-01-20,319763588.7539984,327988541.942236,304416209.94352484,314892229.26464415,8322727.129118523
2017-01-21,315264750.8699533,333123146.31247044,300586017.70868576,317667190.1964816,8322727.129118523
2017-01-22,323934747.8888289,339656270.7616612,303509533.2007967,324872971.94590646,5913898.280686601
2017-01-23,322428723.1153611,335633571.7025322,314499654.54092306,323559528.59139216,5913898.280686601
2017-01-24,320169991.8245336,332114977.63648045,294791292.5338178,305111370.9062064,5913898.280686601
2017-01-25,305664493.15708166,324887739.05834925,296580308.1134288,309331752.74534214,5913898.280686601
2017-01-26,309208373.87949556,330278261.6536305,298457356.02209026,314550921.84073883,5913898.280686601
2017-01-27,314107216.2450655,334705671.7016986,304664868.475208,322187964.3992076,5913898.280686601
2017-01-28,319321014.2980221,336042563.4848626,309523901.289678,326862928.1013108,5913898.280686601
2017-01-29,328360370.7726465,343146848.5448802,315022247.2972252,327895545.28688425,4469361.242648219
2017-01-30,332582088.21902657,345449368.2344841,320694090.43357146,336191111.0445188,4469361.242648219
2017-01-31,333639368.012772,358670386.1010134,307893232.1131436,332410654.4012849,4469361.242648219
2017-02-01,331998811.2403523,346913860.24326944,317949437.4694846,333639191.7712281,4469361.242648219
2017-02-02,333070576.2561797,347405284.91240543,314469317.5127747,332054743.2652794,4469361.242648219
2017-02-03,334195219.8615738,355023947.4046253,312781210.95076764,339319576.19053817,4469361.242648219
2017-02-04,337197950.3333063,358291389.21914476,325047517.4268691,341997253.39106804,4469361.242648219
2017-02-05,341415412.95702165,349677934.33030164,318361283.508427,333167427.9780004,4584888.336041229
2017-02-06,334220374.9757154,355368155.5696576,320011742.9710796,343658540.69437975,4584888.336041229
2017-02-07,347765023.3393766,365621119.9225715,329145264.8798707,346215126.83523756,4584888.336041229
2017-02-08,342177555.07124364,360686853.31420565,320491604.5119915,344743658.3729478,4584888.336041229
2017-02-09,345026618.27645105,369441929.05309904,289150588.5919711,329295643.3004721,4584888.336041229
2017-02-10,328400949.4187388,350014119.99831885,309124012.508967,332923845.09300417,4584888.336041229
2017-02-11,333810442.1078531,353219004.9375528,321497771.69923323,339768233.03433186,4584888.336041229
2017-02-12,342107519.3600445,348948903.5601915,324503237.9373482,338878475.13154995,4652116.49193515
2017-02-13,336696061.1545968,347478851.11550593,316804839.19904184,333184600.469255,4652116.49193515
2017-02-14,329628586.0317744,362670521.9621314,316976472.83142567,346582749.1233175,4652116.49193515
2017-02-15,347170563.9922256,369282520.97060597,330208618.0927016,358967235.5205534,4652116.49193515
2017-02-16,358369283.7001591,377375800.83506274,337137671.2865237,359089937.2224887,4652116.49193515
2017-02-17,357815266.7736276,377660945.7986624,343958680.7526962,361145919.85473776,4652116.49193515
2017-02-18,362579610.48590386,379437670.36255676,342559001.17404425,361085539.802538,4652116.49193515
2017-02-19,365411072.89833343,394885899.6909153,349453947.4742109,374301023.17729884,12320508.082814723
2017-02-20,374639345.6047199,395301968.6892058,346619334.3003237,361744822.679555,12320508.082814723
2017-02-21,362644498.4445936,391017097.1217339,325903575.6738623,352013929.3605104,12320508.082814723
2017-02-22,352183769.68683016,378321786.80327994,332638682.8904726,358714306.66210055,12320508.082814723
2017-02-23,362497295.8800992,412182486.3255678,344530513.36794096,392168635.8723942,12320508.082814723
2017-02-24,387173365.81330967,435831093.6159997,338515892.5858326,391017219.01722634,12320508.082814723
2017-02-25,387411561.68126595,419128819.5484931,345250134.122285,397960135.0187031,12320508.082814723
2017-02-26,400585755.7080748,427663941.2796024,375432601.92298764,412956165.48289937,8558812.001459759
2017-02-27,413608394.11390644,432835326.6390537,391553348.68350506,418653479.28972954,8558812.001459759
2017-02-28,417697692.9908269,467911886.4564177,382987852.6812667,438512519.3426242,8558812.001459759
2017-03-01,438408633.4203018,600329769.25601,418670753.3472801,511568347.4524876,8558812.001459759
2017-03-02,512486784.32302475,690035542.6609074,443402581.0029844,527871443.8475721,8558812.001459759
2017-03-03,524746890.75777745,616118281.5258552,472179518.05757165,564067564.997993,8558812.001459759
2017-03-04,566405792.9634354,586533071.7908727,498094512.2607377,526799368.7352017,8558812.001459759
2017-03-05,530239738.4265366,568147697.6281096,488812762.70480275,536355338.40343213,17380788.34850569
2017-03-06,530408394.5611065,587215204.6640342,509555004.0234874,569031521.8307796,17380788.34850569
2017-03-07,568614232.3958594,587235743.8151262,505404815.22737175,554382878.8405564,17380788.34850569
2017-03-08,551065055.9412676,569106005.7204399,492976832.3623498,509188669.82000756,17380788.34850569
2017-03-09,507160004.3312194,617705310.4919177,489972108.25559044,576515587.0065403,17380788.34850569
2017-03-10,576378778.1683016,722112085.5764625,430381354.927485,569319711.965545,17380788.34850569
2017-03-11,564805228.8194875,777482984.9779508,539701412.069622,744660749.4530271,17380788.34850569
2017-03-12,747035644.6206744,850358162.0741469,667301253.3889073,797474290.25784,67482512.34898381
2017-03-13,797143815.033006,884061195.5877733,722958350.9946404,808946729.0990815,67482512.34898381
2017-03-14,808692452.1472615,965754922.9374397,770884311.3195319,913844588.3647201,67482512.34898381
2017-03-15,911965607.4078445,1060479457.5564628,867421321.2612447,990020252.5710188,67482512.34898381
2017-03-16,987944101.4025233,1060360901.1709497,780280217.4529248,940302430.2901369,67482512.34898381
2017-03-17,938717941.961768,1112574400.1949594,795733900.6634058,966794114.4137315,67482512.34898381
2017-03-18,967809937.4882386,1390316239.4626627,814115514.4476573,1061913130.3313844,67482512.34898381
2017-03-19,1068217353.2793864,1259045127.691082,922702253.9394541,1093928683.6831577,131062921.12749356
2017-03-20,1088823804.0644279,1182961818.7037902,976701575.3688052,1042393955.5141878,131062921.12749356
2017-03-21,1040790014.7000612,1190337281.3537686,898120121.702828,1025499836.513741,131062921.12749356
2017-03-22,1032514385.7165195,1230174999.3967266,870179513.1135793,1074660041.4495108,131062921.12749356
2017-03-23,1072859305.6762551,1129893932.0102255,998725413.467754,1060938019.5203342,131062921.12749356
2017-03-24,1064549923.1983777,1266081913.6191926,936153779.8007839,1021197499.4230372,131062921.12749356
2017-03-25,1031920646.5196166,1120276138.4968817,901457047.2132254,1007275657.7531587,131062921.12749356
2017-03-26,1021027201.601715,1108525432.1768124,930940613.6719744,1026791719.860768,43563806.07669661
2017-03-27,1025786933.9668893,1144970707.6978498,829116871.8237637,972158746.0767883,43563806.07669661
2017-03-28,965181702.3965586,1158443013.0423932,894418393.99947,1048307237.7527035,43563806.07669661
2017-03-29,1048634611.5279218,1121427772.0159779,939783292.7670832,1020997475.635526,43563806.07669661
2017-03-30,1023197049.5734093,1092087544.5579696,919314774.7622274,986228276.6133319,43563806.07669661
2017-03-31,985767042.8205535,1122420499.8262403,840780214.4922258,956557822.380134,43563806.07669661
2017-04-01,964089207.92201,1045521664.1073881,875277806.6802588,955450389.7177849,43563806.07669661
2017-04-02,960315447.2899303,1066897243.0115561,780402598.3800535,861449817.8953409,35919084.252132066
2017-04-03,858902918.652529,1035990267.4294388,672532026.2654253,923592747.5290614,35919084.252132066
2017-04-04,925321439.5274035,1054981162.4130322,826421865.7736231,961301414.1764634,35919084.252132066
2017-04-05,966704152.9781432,1093161753.3076372,884398170.5584447,1006420569.8863059,35919084.252132066
2017-04-06,1007048072.0186708,1095039463.592058,843298927.416262,944248058.6598947,35919084.252132066
2017-04-07,943550719.0041008,1004899988.2287161,868458445.861136,926175953.4187936,35919084.252132066
2017-04-08,925820996.0051748,1026919845.5916115,888772314.3861862,951053959.9474208,35919084.252132066
2017-04-09,959704121.8495986,1039500784.6813008,886583140.3971479,941442802.96714,27749662.453849316
2017-04-10,933846437.6384008,980622968.4544442,862752653.8128213,919425778.7621456,27749662.453849316
2017-04-11,924546443.3948283,969946262.8244615,866055428.8468426,912005700.2427412,27749662.453849316
2017-04-12,911019881.5556842,1009996648.1572775,874702378.1079514,977465884.9273825,27749662.453849316
2017-04-13,977190144.028168,1133491926.213559,882378972.4494451,1031287248.5140282,27749662.453849316
2017-04-14,1028606749.3146874,1092664972.276564,942694864.3016518,1026840613.5409054,27749662.453849316
2017-04-15,1027052683.3349223,1186506096.9265308,984877028.5134008,1100470111.6884582,27749662.453849316
2017-04-16,1099596884.3060086,1189037570.5500457,1051180482.2613304,1115152447.1180391,46081106.90721688
2017-04-17,1228076704.94727,1321521432.8563645,1128720312.108518,1201464672.61855,46081106.90721688
2017-04-18,1196657898.5065749,1336298142.1775966,1112833734.5680368,1217958098.238483,46081106.90721688
2017-04-19,1214112265.5029206,1308838375.0466235,1144455451.8336556,1209892413.1161726,46081106.90721688
2017-04-20,1215036972.2429342,1290124703.1615179,1107740037.865199,1185475058.8640125,46081106.90721688
2017-04-21,1186515753.839803,1248319422.6064103,1148519604.0229647,1192448161.5296614,46081106.90721688
2017-04-22,1199451861.585835,1268416201.568097,1121994955.2913682,1190067150.999865,46081106.90721688
2017-04-23,1191590548.6680636,1267686897.2591002,1150647969.207877,1203242852.7591069,34441075.41051784
2017-04-24,1205902147.4697957,1328843184.0545712,1163305662.5247362,1254674082.4216025,34441075.41051784
2017-04-25,1255000093.812012,1353618034.7562625,1179806753.2405605,1246232909.8240778,34441075.41051784
2017-04-26,1243626945.5639544,1360923728.8839967,1189692987.1065543,1267274694.5760748,34441075.41051784
2017-04-27,1311733099.6502104,1509540895.9386625,1237215929.1807446,1412488636.8102796,34441075.41051784
2017-04-28,1407139984.6989357,1568526269.7277844,1325218136.0933042,1470156495.291259,34441075.41051784
2017-04-29,1475273529.5594668,1803239283.7773237,1431185971.9319043,1674513399.3465714,34441075.41051784
2017-04-30,1689299068.396811,1868752102.7612066,1556567777.905033,1705807359.4564557,121737179.33543092
2017-05-01,1707100741.6875625,1942681986.3042002,1412439740.4860005,1608598347.707203,121737179.33543092
2017-05-02,1611942934.2682505,1800942205.5509584,1436006429.1098716,1640527605.6821914,121737179.33543092
2017-05-03,1639012093.642794,1837215671.7706065,1536061299.085872,1745361839.9040868,121737179.33543092
2017-05-04,1747580275.1256325,2005789139.9536593,1631606808.7436163,1830447497.3837235,121737179.33543092
2017-05-05,1829954242.654158,2147041012.017963,1719909582.2767336,1870346996.6503384,121737179.33543092
2017-05-06,1871616213.498717,2124192151.942433,1790171354.5188866,2022653031.2537684,121737179.33543092
2017-05-07,2022615650.2880352,2371330184.0997562,1876912489.118885,2123173878.5675309,134527313.1290897
2017-05-08,2126955157.556701,2560865683.8024673,1836815164.449551,2242464994.4885106,134527313.1290897
2017-05-09,2235997429.776471,2563748937.0627675,1523354705.6954248,2013986120.2121944,134527313.1290897
2017-05-10,2015477516.0004911,2410437149.489777,1887593467.070195,2149314384.0440125,134527313.1290897
2017-05-11,2156900359.345971,2402318723.497195,1928198893.1435926,2120556602.24549,134527313.1290897
2017-05-12,2121755852.3968084,2307862909.050289,1824083462.348763,2030831201.287169,134527313.1290897
2017-05-13,2029601875.3252835,2227195577.2708497,1792997263.5878813,2065526002.298474,134527313.1290897
2017-05-14,2070722896.2671242,2239345113.581982,1986504183.4528763,2124209679.9234262,58117955.208888724
2017-05-15,2124130628.124698,2315562174.389268,1883829349.2468042,2105480162.2456331,58117955.208888724
2017-05-16,2106452078.4815083,2322446436.007985,1848939047.608145,2035503900.9146008,58117955.208888724
2017-05-17,2029117486.788176,2531364232.9221687,1774051648.8101718,2310386544.700467,58117955.208888724
2017-05-18,2307281843.823889,2874947069.5835075,2135941809.761888,2523626057.29345,58117955.208888724
2017-05-19,2524287238.3817935,3050834202.2136173,2365316475.295406,2771678092.214834,58117955.208888724
2017-05-20,2771982527.655075,3327324473.8605576,2610518470.6453996,3024740161.0186367,58117955.208888724
2017-05-21,3028024954.3297505,4188667150.6543818,2834692654.4931726,3851473390.477412,322258822.6836645
2017-05-22,3829977023.015694,5043085359.479624,2843248035.914877,3842985080.167693,322258822.6836645
2017-05-23,3810553182.777196,5096594613.363163,3546699183.7885537,4560523832.288194,322258822.6836645
2017-05-24,4555998453.618373,5618350879.843221,3912560958.634208,4681688083.2539,322258822.6836645
2017-05-25,4670980884.936498,5608380408.693119,3382840794.379754,4085424276.26497,322258822.6836645
2017-05-26,4050851984.497964,5111348560.374404,3218824002.1200137,3834725086.7983527,322258822.6836645
2017-05-27,3834208909.3695817,4166481828.205202,2500357701.919721,3342190686.64987,322258822.6836645
2017-05-28,3364723368.905413,4378273124.560718,3173526129.167909,3735896528.7469964,481574135.98119295
2017-05-29,3725672681.2440906,4279282591.390032,3427519996.995646,3975609265.996202,481574135.98119295
2017-05-30,3972776035.8826013,4656350710.786015,3450775074.5932918,4049190455.673803,481574135.98119295
2017-05-31,4042051300.5873537,4651486535.2907715,3645481452.9187546,4210425955.102924,481574135.98119295
2017-06-01,4205985511.6759095,4998760935.119925,4051745933.365858,4576375224.326619,481574135.98119295
2017-06-02,4577018016.446073,5785128937.384478,4410488261.177375,5417477564.953298,481574135.98119295
2017-06-03,5416955564.636918,6486123413.4263315,4987802184.159747,5615391940.713117,481574135.98119295
2017-06-04,5621357210.488332,6386763642.573692,5117084840.03098,5919394943.519919,813589614.1612929
2017-06-05,5925588503.72428,7028399914.272536,5585639832.734584,6327922926.7733135,813589614.1612929
2017-06-06,6317516747.8455,7387786264.046424,5273209645.580231,6685929265.594072,813589614.1612929
2017-06-07,6672934811.609471,7418300938.696516,5599520646.2694,6204228761.24868,813589614.1612929
2017-06-08,6197920899.683947,7052557137.829401,5755846680.203872,6702294315.859873,813589614.1612929
2017-06-09,6717453466.429165,7843229900.571842,6349855173.129351,7140449721.322762,813589614.1612929
2017-06-10,7128586975.028119,8482271706.552205,6299456387.023071,7016983653.620973,813589614.1612929
2017-06-11,7042048662.6353445,8451502063.368265,6394901827.806151,7714869283.049899,1297793415.3865905
2017-06-12,7712502329.384805,8372642654.198259,5969145863.249548,6970463245.46505,1297793415.3865905
2017-06-13,6944463414.999299,8174007664.176513,6614453528.890812,7599265581.434431,1297793415.3865905
2017-06-14,7609345937.365196,8308378354.203184,6020249534.006154,6734263838.464544,1297793415.3865905
2017-06-15,6746426952.100752,7270894278.600536,5360950393.865133,6757597208.897339,1297793415.3865905
2017-06-16,6758255572.756489,7311954502.497764,6082786785.035613,6849181690.58333,1297793415.3865905
2017-06-17,6855143197.76188,7771390232.496035,6389990676.950878,7344221762.173979,1297793415.3865905
2017-06-18,7361232409.653045,7752324707.479133,6563588876.215716,7036704162.490829,953635778.7315521
2017-06-19,7038942761.546409,7845708321.2989235,6718127517.4036255,7491810931.361612,953635778.7315521
2017-06-20,7484944971.4840975,8393604152.477731,6685734358.996982,7550207416.268114,953635778.7315521
2017-06-21,7534852601.031282,7914405631.326983,6456763417.00815,7083477586.865807,953635778.7315521
2017-06-22,7084408235.267898,7653610930.5124855,6635976655.94224,7229194485.275744,953635778.7315521
2017-06-23,7227464974.980451,7832148065.642518,6832937623.0174055,7416398386.982293,953635778.7315521
2017-06-24,7406427028.767099,7691737499.890785,6624345159.988806,6902726103.653439,953635778.7315521
2017-06-25,6920501465.711303,7264792012.781611,5909001921.788021,6377526736.909058,334609706.1080658
2017-06-26,6397688882.832498,6698151680.277476,4887595250.726679,5932308459.349358,334609706.1080658
2017-06-27,5931029340.148974,6550796005.273462,4991324757.927293,6262582570.066042,334609706.1080658
2017-06-28,6274964170.557812,6743508294.80387,5783595223.658383,6458039353.307415,334609706.1080658
2017-06-29,6441710011.822492,6689605278.5905285,5861346443.401168,6114888414.867288,334609706.1080658
2017-06-30,6112277763.069461,6441339385.71115,5631906926.684043,5858651914.688703,334609706.1080658
2017-07-01,5851947000.386301,6181045083.682217,5247698005.184331,5449123528.999035,334609706.1080658
2017-07-02,5479959919.750279,5939086478.675426,5108392654.702205,5681567126.846689,277159596.356713
2017-07-03,5687022550.406873,6144302560.524816,5406519038.591129,5860624897.8094425,277159596.356713
2017-07-04,5830085621.420632,6407089190.059574,5628730644.826289,5984147133.362747,277159596.356713
2017-07-05,5967424989.020086,6483306521.307932,5610311016.24947,6139730313.424186,277159596.356713
2017-07-06,6129258933.567785,6541921430.178896,5712208452.476348,6128719037.753125,277159596.356713
2017-07-07,6121152063.861156,6245920076.560113,5027172181.203842,5245033109.734627,277159596.356713
2017-07-08,5233219112.419477,5690611829.827858,4732321171.677603,5499629233.540133,277159596.356713
2017-07-09,5532539230.930194,5745742731.279253,5069306549.861331,5119732252.450115,301483450.46484816
2017-07-10,5126884302.804619,5267639001.557596,3718666952.5720844,4074646527.2552643,301483450.46484816
2017-07-11,4057199858.3035192,4471285461.873439,3251739442.4307747,3859042415.116287,301483450.46484816
2017-07-12,3860684871.6649356,4797395016.270405,3546904868.029283,4657371741.357924,301483450.46484816
2017-07-13,4645483517.537447,4895471085.695646,4024860247.1151633,4281143046.6715403,301483450.46484816
2017-07-14,4720945560.721883,4852457423.281083,3880206619.376464,4222593205.031952,301483450.46484816
2017-07-15,4212075938.64618,4360796416.363806,3522933226.896355,3674416108.53178,301483450.46484816
2017-07-16,3681310822.403677,3912897223.1168017,3069562041.070808,3503834142.903763,343892308.17582226
2017-07-17,3507981890.394268,4405821402.284745,3402827792.6817536,4233914667.5405283,343892308.17582226
2017-07-18,4239276253.7570977,4991808170.729424,3924138829.601576,4532203771.161133,343892308.17582226
2017-07-19,4542245669.986294,4960502655.286237,4029634898.342277,4211089371.8506737,343892308.17582226
2017-07-20,4909426791.601053,6985631585.639018,4260190042.128758,5653260132.915235,343892308.17582226
2017-07-21,5656859145.166234,6673212075.605132,5058780699.713431,5646924134.599201,343892308.17582226
2017-07-22,5633500469.692007,6748842829.757991,5372734484.606311,6373064103.136049,343892308.17582226
2017-07-23,6353572647.868201,6667167382.803792,5569401270.096418,6080178594.009126,537608052.4625324
2017-07-24,6095240857.324988,6489317812.605068,5661334531.934471,6071508902.185745,537608052.4625324
2017-07-25,6067580120.186605,6299903879.341653,4806134347.099767,5288246506.990162,537608052.4625324
2017-07-26,5277498952.210624,5625914621.970319,4589764158.525792,5261301111.324829,537608052.4625324
2017-07-27,5257873199.056907,5782691823.721629,4933743720.4725275,5360916454.997826,537608052.4625324
2017-07-28,5359988656.446702,5768502293.563749,4489748164.035848,5044278933.273277,537608052.4625324
2017-07-29,5053291014.671516,5408892214.781449,4561413788.019149,5140002434.905952,537608052.4625324
2017-07-30,5195424675.804051,5466779887.83807,4571953511.117307,4955928596.107171,194567808.17481062
2017-07-31,4961296046.871743,5458576625.979972,4581052370.281167,5044516939.421499,194567808.17481062
2017-08-01,5056264917.9429035,6086481241.050623,4504351074.333857,5499897268.121202,194567808.17481062
2017-08-02,5504843896.494884,5870837396.528084,5129120618.311766,5481322917.679493,194567808.17481062
2017-08-03,5486681469.4660635,6120767265.46212,5306777135.8419485,5890036782.916596,194567808.17481062
2017-08-04,5875988681.587517,6371939082.053993,5569790386.605051,5916723268.873173,194567808.17481062
2017-08-05,5922874356.1622305,7317384482.170597,5331159092.202194,6545335940.06445,194567808.17481062
2017-08-06,6566968973.82311,7238699916.65657,6145281937.838402,6684604906.37522,563955503.5065036
2017-08-07,6678498961.181318,7822715311.032597,6205281829.048767,7216521219.955005,563955503.5065036
2017-08-08,7216510173.132324,7860256382.444982,6469845730.8738,7267529881.388052,563955503.5065036
2017-08-09,7248361992.942776,7852955443.575699,6492863807.086897,7368777143.98165,563955503.5065036
2017-08-10,7372250527.645946,9191378563.130178,6836262888.673901,8320233389.212471,563955503.5065036
2017-08-11,8311719222.557526,9579070132.061132,7154416964.565069,8268921394.11562,563955503.5065036
2017-08-12,8287709613.070628,9489254683.722708,7122637826.349098,8246114069.978808,563955503.5065036
2017-08-13,8265092623.330332,10161925410.267988,6960732209.121656,8574548726.84686,684140964.1872187
2017-08-14,8566975649.50202,9924900983.511156,7245166313.98933,8454044866.668723,684140964.1872187
2017-08-15,8480043012.80516,9842146972.28686,6676920872.765282,8543991816.94781,684140964.1872187
2017-08-16,8556710431.847675,9856378268.974968,7483219298.721122,8613715783.413517,684140964.1872187
2017-08-17,8553160415.053768,9532927235.637297,7395730342.355233,8152726077.406028,684140964.1872187
2017-08-18,8110326705.292526,8745838196.73529,6823065872.652738,7695030391.187708,684140964.1872187
2017-08-19,7705228418.25816,9357860956.853283,6853042399.45498,8373185180.434326,684140964.1872187
2017-08-20,8382032794.105452,9628227248.38977,7905523691.445202,8761250636.760372,762699620.7819777
2017-08-21,8754487811.995768,9161077037.65399,7787664911.862834,8259637112.356034,762699620.7819777
2017-08-22,8259684402.635126,9166558670.499207,7142571323.821548,8419865934.037052,762699620.7819777
2017-08-23,8403422375.925906,9718674540.178463,8099188884.060872,8728415991.933228,762699620.7819777
2017-08-24,8869258723.518642,10238812640.983631,8470647558.604128,9413654617.650158,762699620.7819777
2017-08-25,9431304409.671785,10170363045.527012,8800152560.262114,9472359906.675165,762699620.7819777
2017-08-26,9446558391.648567,11192472652.671947,8948720914.526047,10617936056.936386,762699620.7819777
2017-08-27,10656842220.377346,11550426819.160002,9846096760.037477,10612409156.005192,790509109.657129
2017-08-28,10579350880.519424,11446753372.429989,9669510020.644886,10716180568.57808,790509109.657129
2017-08-29,10740370400.275423,12005716834.29156,9250289275.310442,10574010678.913929,790509109.657129
2017-08-30,10578006730.835625,11499412687.531404,9626818249.149498,10751143178.215443,790509109.657129
2017-08-31,10747320503.102118,11750416152.03385,10154051241.35474,11063013088.514975,790509109.657129
2017-09-01,11066670654.560034,12145691620.689396,10222998774.39552,11394970886.02512,790509109.657129
2017-09-02,11371451080.346672,12046938704.538744,9421453895.946249,10216408230.409756,790509109.657129
2017-09-03,10345519928.708601,11220866463.118492,9464273496.126497,10501697771.184551,1031942548.4742519
2017-09-04,10506852269.370972,10763601003.610111,7296899473.547675,8755282935.997713,1031942548.4742519
2017-09-05,8766387931.579298,9695890228.935007,7466893411.353428,9143418516.449387,1031942548.4742519
2017-09-06,9139838865.684101,10304157663.125647,8494510467.6751995,9650840165.303467,1031942548.4742519
2017-09-07,9645672424.512714,10947709918.989054,8961651936.90737,10300933005.560001,1031942548.4742519
2017-09-08,10289828461.582495,11024183411.215107,8358710099.56791,9360279090.948444,1031942548.4742519
2017-09-09,9388764311.845354,9756720493.986555,8520896954.068996,9101659744.049341,1031942548.4742519
2017-09-10,9157392851.186924,9540628194.368395,8041335083.692929,9004011095.670467,520280461.77639645
2017-09-11,9012387971.939093,9716639750.379229,8418709600.476518,9052803501.6722,520280461.77639645
2017-09-12,10258273097.775805,11347348500.617409,9435028033.73198,10186914745.079868,520280461.77639645
2017-09-13,10301962945.954683,10625923412.316145,8464693386.632471,9428075340.476564,520280461.77639645
2017-09-14,9421463032.419998,9899365945.749855,6933171548.004246,7347333730.908071,520280461.77639645
2017-09-15,7349826065.774423,9390572121.60302,6095617538.330203,8660448259.03778,520280461.77639645
2017-09-16,8659896875.292015,9578806580.16335,7813890601.44203,8649359946.716785,520280461.77639645
2017-09-17,8641105596.276463,9210671635.304224,7774561773.128057,8657297369.869337,434951087.40407014
2017-09-18,8648770845.591854,10386108178.549412,8365702116.062555,9761038375.381142,434951087.40407014
2017-09-19,9759149604.582357,10071706765.71385,8651565930.557493,9020205242.707762,434951087.40407014
2017-09-20,9038588819.502895,9908973516.513544,8539423866.496467,9110978454.32931,434951087.40407014
2017-09-21,9079191671.660986,9569877132.136194,7873154340.792518,8307258187.080482,434951087.40407014
2017-09-22,8286299024.22358,9245862309.454075,7911750572.624128,8633006962.376606,434951087.40407014
2017-09-23,8620273701.349657,9431130669.018715,8244588877.660148,9077068089.18408,434951087.40407014
2017-09-24,9095916902.228697,9410247094.373434,8301636890.393415,8734785414.033878,266315117.1280208
2017-09-25,8754939172.790741,10184408485.64971,8478693470.139064,9751445166.259794,266315117.1280208
2017-09-26,9757381257.519688,10295918830.387207,9302678498.099415,9755076618.754217,266315117.1280208
2017-09-27,9754937576.255583,11487790591.183245,9302460597.075678,10688157505.974575,266315117.1280208
2017-09-28,10829399398.434423,11963679702.972212,9968699462.435497,10750738731.609955,266315117.1280208
2017-09-29,10753671480.035923,11305472027.841745,9496225077.497623,10374699573.82136,266315117.1280208
2017-09-30,10401214094.862743,11528732184.936779,9841040891.2573,10880549820.40017,266315117.1280208
2017-10-01,10873544156.591187,11359911169.723013,9917252427.408722,10729528731.128756,564808998.3963588
2017-10-02,10714547797.713272,11383963412.816555,10086310476.699127,10538164294.375944,564808998.3963588
2017-10-03,10537191864.897371,10935753251.85286,9399634427.762152,10214966924.897596,564808998.3963588
2017-10-04,10186392101.616787,10727677396.369797,9323419098.78156,9852076555.368633,564808998.3963588
2017-10-05,9852073173.039833,10496224719.085836,9174805806.04735,9997590481.520859,564808998.3963588
2017-10-06,9991244323.515558,10612970651.830572,9639913725.366335,10121030073.44595,564808998.3963588
2017-10-07,10103513391.592505,10754989327.95824,9661436058.226011,10291532994.566818,564808998.3963588
2017-10-08,10313094351.71596,10996468246.85256,8839840051.66261,9471834799.878176,246088876.2810893
2017-10-09,9477618187.612244,10518197287.991854,7975109829.51899,9164696834.575102,246088876.2810893
2017-10-10,9154517932.92236,10087430091.104383,8623853665.860113,9426292412.541687,246088876.2810893
2017-10-11,9432263280.826242,10478299898.094175,9135958477.717823,9924673148.694294,246088876.2810893
2017-10-12,11034417723.902145,12928543063.307018,9179752188.157808,10738236874.896019,246088876.2810893
2017-10-13,10726312661.311348,12282184368.877937,9381838161.32952,11088627447.24576,246088876.2810893
2017-10-14,11077367614.91685,11930156520.724104,10167636027.665789,10915003788.910267,246088876.2810893
2017-10-15,10966587727.693863,11940527629.57954,9738887747.066662,11040843729.459137,317266802.2899533
2017-10-16,11067330058.80648,12482339213.22653,10228437971.060076,11080927602.320192,317266802.2899533
2017-10-17,11102476873.58498,12071052932.65862,10347941573.670223,11205545548.836824,317266802.2899533
2017-10-18,11165859004.975365,11795947599.196142,9765652459.168957,11000603339.71508,317266802.2899533
2017-10-19,10996183662.253809,11654843318.914137,10285008586.273851,10925444183.523022,317266802.2899533
2017-10-20,10935452830.30981,12321095770.15577,9530418947.709911,10429639644.359571,317266802.2899533
2017-10-21,10399559148.378496,11032971047.996191,9309921334.247952,10233678887.87157,317266802.2899533
2017-10-22,10453946487.871223,11291053980.815353,9707986663.203842,10500736642.650196,324133134.7436958
2017-10-23,10511205816.516438,11027024758.141262,9349580675.308931,10076989734.71524,324133134.7436958
2017-10-24,10085580386.548565,12355540727.97981,9193864591.222786,11112157028.853283,324133134.7436958
2017-10-25,11109814581.412764,11884869464.051323,9943519608.89388,10894892314.118095,324133134.7436958
2017-10-26,10891040773.9498,11727855192.081974,10009648796.275251,10756708012.690605,324133134.7436958
2017-10-27,10751822589.808966,11459100850.698862,10040588923.628645,10729125912.782476,324133134.7436958
2017-10-28,10727965124.121092,11150843516.539377,10025688133.812431,10388617468.29942,324133134.7436958
2017-10-29,10422959187.220436,11978001985.211884,9600212753.510872,10644328706.532036,325133190.4872529
2017-10-30,10634425634.567385,11471027833.428806,10221796310.304611,10750981215.282463,325133190.4872529
2017-10-31,10745877426.813667,11821170852.828812,9732659890.061865,10470233795.843157,325133190.4872529
2017-11-01,10477968550.652407,11437492554.277676,9256323468.953846,9966838397.6807,325133190.4872529
2017-11-02,9958338477.76376,11397875906.300764,8225916972.484358,9701956851.804579,325133190.4872529
2017-11-03,9711990598.612253,11382995608.617348,8933240686.070892,10428905864.955244,325133190.4872529
2017-11-04,10434112746.948725,11436656009.172945,9424724933.711185,10270313053.93702,325133190.4872529
2017-11-05,10710812978.241255,11535094447.235481,9938423524.868628,10678430640.04921,340085852.5572359
2017-11-06,10679707846.929276,11879448421.935738,9850140197.982956,10851823830.20135,340085852.5572359
2017-11-07,10843310689.40181,11793200188.025028,10399387858.102386,11145679880.293879,340085852.5572359
2017-11-08,11139060912.622751,14442003321.91008,10385693847.916822,12382871909.837927,340085852.5572359
2017-11-09,12396371943.723614,14121705053.43086,11593555963.218344,12942270278.903454,340085852.5572359
2017-11-10,12949888631.97384,14077464984.934385,10876562897.610159,11951232647.225498,340085852.5572359
2017-11-11,11945788654.826927,14078255781.286837,11034902704.805016,12737733124.453547,340085852.5572359
2017-11-12,12870047373.857586,15756847291.696484,10264052820.68167,13021023799.822327,1658665641.9741912
2017-11-13,13119678687.88836,16019225068.843092,11283780620.458134,13406908803.775938,1658665641.9741912
2017-11-14,13398493927.340029,14873309975.054636,12762967529.03831,13985315964.535576,1658665641.9741912
2017-11-15,13975378050.957579,15830201359.05608,12358913467.152996,14224243126.932386,1658665641.9741912
2017-11-16,14210008375.428024,16515454952.298462,12232702539.094782,13964815943.384941,1658665641.9741912
2017-11-17,13983403667.89708,16071473295.015892,12821988223.161638,14799608482.916847,1658665641.9741912
2017-11-18,14815374607.818037,17077444706.09598,13886848896.481588,15666385700.868458,1658665641.9741912
2017-11-19,15712613809.631466,17067144907.343925,14175227309.25764,15444671188.36519,1006370428.0683339
2017-11-20,15476664623.017607,17139887608.004776,14543434972.201773,15709635839.266726,1006370428.0683339
2017-11-21,15733102067.9511,16965566827.472925,14289873575.591648,15638035336.057487,1006370428.0683339
2017-11-22,15655711045.030361,17911653173.416737,14925797315.662224,16754751347.994383,1006370428.0683339
2017-11-23,16741105102.078447,17912323036.242256,15589536970.35598,16295863665.379038,1006370428.0683339
2017-11-24,16321708527.806538,18013491048.47233,14953511867.924356,16984179345.399874,1006370428.0683339
2017-11-25,17003375807.097557,19553116790.784492,16238703829.865757,18112224581.17191,1006370428.0683339
2017-11-26,18135478180.484035,19840573041.71133,16244674879.725119,18187365506.54805,1357866137.0969229
2017-11-27,18359103009.216534,20835073008.59311,17429369006.376297,19486750781.28433,1357866137.0969229
2017-11-28,19476982868.91913,21783983125.724842,18072540203.746033,20018014305.72722,1357866137.0969229
2017-11-29,20062705593.051426,24868525131.994865,15667244789.782326,18065175770.046646,1357866137.0969229
2017-11-30,18084863505.44058,21743675663.95521,15830631751.62328,19176555863.113476,1357866137.0969229
2017-12-01,19467594054.694958,24081924141.746937,17574457667.521008,21190744973.165745,1357866137.0969229
2017-12-02,21202747695.78373,22812729956.463135,19791767713.270504,21206582646.729263,1357866137.0969229
2017-12-03,21262273122.42215,24469809081.053505,19553878430.687553,21767421008.988777,1247469536.6314886
2017-12-04,21741392637.141712,24227692270.30778,20429500506.631844,23340249968.19095,1247469536.6314886
2017-12-05,23332064113.193523,25960237221.04079,21358658308.985115,23204708033.20015,1247469536.6314886
2017-12-06,23194651099.416187,28556760443.294605,17649820415.37138,21703675847.485256,1247469536.6314886
2017-12-07,21727947165.57748,29155484122.216366,15918757031.374798,20909063549.780388,1247469536.6314886
2017-12-08,20906457288.007145,27659585367.31802,15398919443.230114,22734750059.709606,1247469536.6314886
2017-12-09,22710877388.425953,27317113388.779453,17664885288.55978,22520181321.83963,1247469536.6314886
2017-12-10,22594034575.84242,25704392087.523453,17750902591.583664,21239864901.62628,1509141305.3764215
2017-12-11,21245465776.37294,27021008173.674152,19497185898.74112,24116756747.82317,1509141305.3764215
2017-12-12,24140194393.212654,32369678755.706303,22453493472.504204,27655256911.920883,1509141305.3764215
2017-12-13,27610131611.176025,32002179370.172264,23906642921.689175,28421966390.94711,1509141305.3764215
2017-12-14,28418089266.76169,33841420796.983044,26529724757.196484,31056283708.998447,1509141305.3764215
2017-12-15,31013770683.806892,35515196727.436874,24600349422.39811,31122502500.340744,1509141305.3764215
2017-12-16,31141672522.239693,39506320085.136604,28079655230.748928,33991618522.387093,1509141305.3764215
2017-12-17,34078252858.748016,42867697949.86968,31731166375.722862,37491427293.52791,3868250706.7479177
2017-12-18,37529284208.37678,47626369764.44533,34211555683.14114,43607708115.86507,3868250706.7479177
2017-12-19,43665835036.85354,53350515033.83742,37256551271.36451,45122809813.87435,3868250706.7479177
2017-12-20,45107194281.34947,55983230183.84053,36169303925.72449,48893153013.32433,3868250706.7479177
2017-12-21,49192598823.763275,58063330248.42416,42377310463.655365,48370816456.38918,3868250706.7479177
2017-12-22,48394294526.01579,51376910287.169716,27731761188.08596,39946908745.046005,3868250706.7479177
2017-12-23,39882318029.334984,53518985454.23034,37608539240.18936,45386314787.731285,3868250706.7479177
2017-12-24,45336580095.93569,49850039802.42113,36761999663.85041,45890067434.769196,4350739121.659456
2017-12-25,45762093721.08226,52976322663.870926,39818842886.48489,46326646847.14102,4350739121.659456
2017-12-26,46412642702.98527,56739341845.44872,37645317076.46222,47512647371.36766,4350739121.659456
2017-12-27,47514752035.193184,52212767274.90978,39847995491.45691,45044359293.96088,4350739121.659456
2017-12-28,45093381728.3605,49325112790.629196,36874074927.70412,44574985157.858826,4350739121.659456
2017-12-29,44268284757.827835,50539284548.409225,40620813314.62155,45945328326.028145,4350739121.659456
2017-12-30,45797906068.303734,50516676114.78416,35882149405.68383,41993914308.82162,4350739121.659456
2017-12-31,44029751474.386696,54062655004.37752,40482515458.11897,49084152741.4016,3637845503.551231
2018-01-01,48935239290.78999,55470008650.87087,42982386284.62239,50268575401.47617,3637845503.551231
2018-01-02,49953090905.81094,64370226465.54676,41691634170.681694,54764369209.48367,3637845503.551231
2018-01-03,54488623164.76412,66853957074.78425,49429085270.81234,58925655460.27956,3637845503.551231
2018-01-04,58743250393.736664,66772842580.110435,50141435848.85873,57489113507.87365,3637845503.551231
2018-01-05,57330751247.47194,75059296990.04083,46359228258.702866,58301080820.41805,3637845503.551231
2018-01-06,58034800760.00603,70925985579.74103,52561653997.838036,65110887911.230934,3637845503.551231
2018-01-07,65284035532.406876,78282984089.45862,57421695010.755615,67695991416.02227,6748096533.254074
2018-01-08,67689269699.03816,78261831019.82759,54009019082.581604,66533730933.55034,6748096533.254074
2018-01-09,66331701788.12723,78690904937.07614,59275340205.59584,68405774481.879135,6748096533.254074
2018-01-10,68246398169.339966,74294466164.72916,56939868995.64494,66244137290.901344,6748096533.254074
2018-01-11,66181584857.978035,71577317226.12279,51588300094.7312,57649870667.48244,6748096533.254074
2018-01-12,57512607677.68686,68540068557.08289,53837347612.866806,63925650106.400536,6748096533.254074
2018-01-13,63999682563.746826,74062000127.69127,60612094188.38323,67315422234.82598,6748096533.254074
2018-01-14,67257190781.93805,74893982938.09097,57977448891.71693,66447694408.17132,4461217775.15353
2018-01-15,66297032782.17658,75089629940.35573,58232550700.1194,64369069434.65409,4461217775.15353
2018-01-16,64065918046.356026,66889850766.925,36517101014.68777,48765027103.68999,4461217775.15353
2018-01-17,48812231975.96131,56333839792.13379,34302108961.274002,50824451482.99902,4461217775.15353
2018-01-18,51002332350.18686,59406035571.11946,45990903068.106155,51615232497.103165,4461217775.15353
2018-01-19,51831489194.353134,58945705627.43641,46939758825.5107,53397064772.79616,4461217775.15353
2018-01-20,53455280485.94507,64252425120.98167,49823239280.51741,59375159819.30455,4461217775.15353
2018-01-21,59568731500.16885,61692150985.12587,47735986703.13954,51779219443.874374,4498788755.680227
2018-01-22,51794939749.72456,55485840726.06323,42428713404.81462,47952629510.05016,4498788755.680227
2018-01-23,47977448956.82945,53408628968.98622,42491303404.97481,48491728292.965,4498788755.680227
2018-01-24,48527645511.28039,55662688202.23231,45238596478.976875,52072881556.062515,4498788755.680227
2018-01-25,52068274489.94567,56719680860.33769,48342291237.65548,51767546716.340256,4498788755.680227
2018-01-26,51683170714.3298,56678054493.070206,44965218450.0857,51669435717.54391,4498788755.680227
2018-01-27,51663033478.374985,56920700116.58497,48425023544.8484,53568435135.56676,4498788755.680227
2018-01-28,54194482608.8226,59642409227.840515,51236916048.86555,56330747918.32266,2449078933.430424
2018-01-29,56308347575.64874,59930678320.32525,51023101116.07591,55163945677.05029,2449078933.430424
2018-01-30,55184565302.6026,57435654387.51536,45114610016.26896,47611901406.85077,2449078933.430424
2018-01-31,47665960824.21875,53643971184.94692,42414980521.15273,49872597960.22403,2449078933.430424
2018-02-01,49800525003.64402,51833941552.75758,37718214597.02253,42718356446.87134,2449078933.430424
2018-02-02,45189423250.61989,48459439189.33536,30524341590.837784,42785070735.95482,2449078933.430424
2018-02-03,42777086824.283035,48309570577.843025,37422130626.61342,45143754030.50342,2449078933.430424
2018-02-04,45214112840.35812,46820857807.93519,34728567058.958145,37768836727.095345,2718946101.202634
2018-02-05,37752548289.70292,39425053854.81757,26472000012.482418,29247883388.06477,2718946101.202634
2018-02-06,29259174806.633358,38913460248.35336,22638436330.741356,35607840435.82239,2718946101.202634
2018-02-07,36628093583.82307,43164117937.73305,31351524543.5215,34630660238.69736,2718946101.202634
2018-02-08,34595032405.69384,41947449339.287926,33987540025.503,39273484644.34095,2718946101.202634
2018-02-09,39289307337.0173,44667203752.86307,35043367882.22504,41969786963.98104,2718946101.202634
2018-02-10,41986415420.531296,45531364269.818184,36841857184.627045,40016300624.56742,2718946101.202634
2018-02-11,40185325526.00251,41526967164.53534,34431268739.05894,37307302983.4354,2039626537.5142512
2018-02-12,37371054712.81005,44127046725.80071,36416095957.60135,41265739481.37215,2039626537.5142512
2018-02-13,41253312853.22727,43177721087.515884,37602881019.29333,39884248640.07881,2039626537.5142512
2018-02-14,39817024319.49901,46863690003.60753,38361304398.537315,44473287749.47301,2039626537.5142512
2018-02-15,44467981351.0613,49570177549.60949,40830318654.35944,45603833238.33221,2039626537.5142512
2018-02-16,45530249407.26862,49278257270.61174,42761847292.706375,47089522620.88054,2039626537.5142512
2018-02-17,47155920616.09366,53440750025.69632,43723726907.96976,49376793520.388145,2039626537.5142512
2018-02-18,49443590748.18306,51701003908.29636,42649363135.7335,45322009359.07898,2409185889.302273
2018-02-19,45417121678.79006,51051064141.959404,43295685535.70436,48176216389.34224,2409185889.302273
2018-02-20,48180795889.19046,52119112961.31539,42240282121.53286,44061682590.80072,2409185889.302273
2018-02-21,44125249483.30092,47045247883.5858,38752027558.834236,41438301155.911354,2409185889.302273
2018-02-22,41426741203.100655,45274446623.48466,37029892215.257095,39261023748.32663,2409185889.302273
2018-02-23,39226886575.99758,44465765745.360725,37268175490.01438,42062935312.11442,2409185889.302273
2018-02-24,41949812104.89528,45433320462.22726,37593120755.64924,40531341775.52757,2409185889.302273
2018-02-25,40268126170.004074,42572359870.01844,37197636977.73649,40192014126.45832,2287813715.653688
2018-02-26,40174878368.69654,46069432888.42079,37551517179.99847,42781469864.37313,2287813715.653688
2018-02-27,42791614637.4253,47139134591.441956,40261476729.122116,43391583634.26434,2287813715.653688
2018-02-28,43385973907.12391,46276687325.85574,39111844284.545135,40689992582.8532,2287813715.653688
2018-03-01,40688630494.36353,46122698109.09384,38284333377.38136,42387237291.80822,2287813715.653688
2018-03-02,42433608757.52931,44456333866.648766,39271403613.100525,41232826206.518234,2287813715.653688
2018-03-03,41235387342.0912,44095726667.4449,38030091337.29652,40506712862.737816,2287813715.653688
2018-03-04,40604416536.12578,43187813406.05054,38323243354.590416,40711655363.93204,1712697094.3974893
2018-03-05,41239416875.80516,43365913355.46646,38608420554.42087,39700605594.274185,1712697094.3974893
2018-03-06,39744199731.64746,41369068634.51156,35540087260.203316,37340398648.35577,1712697094.3974893
2018-03-07,37319430714.4316,39444591849.63355,30387224233.95674,33631812891.13897,1712697094.3974893
2018-03-08,33621877566.888306,35888893086.33802,29291905384.927658,30972240755.152214,1712697094.3974893
2018-03-09,30977564463.260456,32985924449.16717,26454345240.91659,31576938569.29737,1712697094.3974893
2018-03-10,31547539622.046555,33816589910.578636,28716253136.301823,29672598039.611576,1712697094.3974893
2018-03-11,29776580691.64652,33992627497.57412,27725755793.421005,31959680086.160965,1031338402.0970634
2018-03-12,31949578853.686974,33837666169.50601,28276506318.854862,30262921098.838497,1031338402.0970634
2018-03-13,30223821470.868717,32483912414.48223,28183091909.414814,30095641321.26152,1031338402.0970634
2018-03-14,30159889557.940002,31828159820.76088,24697346496.73676,26090867508.59811,1031338402.0970634
2018-03-15,26094977547.990665,28124770247.222626,23100391619.990772,26044573186.94915,1031338402.0970634
2018-03-16,26052512859.113773,28145650696.72155,24077835886.328342,25813915218.482727,1031338402.0970634
2018-03-17,25811813846.75041,26653753347.029213,22683156798.797142,23336000546.65656,1031338402.0970634
2018-03-18,23519940846.572056,25796506071.35243,19067606934.450577,24252850833.417446,949816400.4285551
2018-03-19,24300556855.578403,28131995118.073227,23046106630.71735,26811196437.337772,949816400.4285551
2018-03-20,26816744691.18649,29915013721.512234,24880009910.98217,28142435828.006622,949816400.4285551
2018-03-21,28140762765.64247,30851952531.579052,26659742310.174995,28195261369.868,949816400.4285551
2018-03-22,28198998068.014084,29978620909.971947,25727500499.879272,27443624611.605995,949816400.4285551
2018-03-23,27455572195.086647,29031053691.423218,24717485424.914635,27828501614.65837,949816400.4285551
2018-03-24,27819745384.428448,29561638641.756184,25874141305.896557,26864371816.579796,949816400.4285551
2018-03-25,27157661150.154842,28532700156.715343,25938457644.607872,27060337736.74972,1272161350.755009
2018-03-26,27106495188.629486,28328188464.304104,23265150955.22224,25319442869.50499,1272161350.755009
2018-03-27,25322746251.54781,26587639009.990032,22763607614.166607,23874292124.00562,1272161350.755009
2018-03-28,23876211682.621983,25821983237.314396,23089407955.640274,24202042168.244766,1272161350.755009
2018-03-29,24213029773.75768,25185541943.44635,19973019281.21501,21286655374.958652,1272161350.755009
2018-03-30,21266505761.285126,22870145222.33895,19087261485.608624,20814855786.33157,1272161350.755009
2018-03-31,20789413267.655296,22718478861.46849,20009898493.09695,20865287602.732853,1272161350.755009
2018-04-01,23956874577.19785,24926598559.686863,21199901587.774216,22999781269.46834,790397746.010059
2018-04-02,23018252035.614773,25237937924.23273,22245067728.066956,24183867912.418682,790397746.010059
2018-04-03,24181523252.25165,28040122021.875275,23577390452.80506,26662450496.32469,790397746.010059
2018-04-04,26655393795.361668,27725743097.21927,22775129240.41474,23733813668.77258,790397746.010059
2018-04-05,23751646454.26656,25376184613.81809,22064317559.809563,23659505176.90337,790397746.010059
2018-04-06,23628499346.937405,24844720062.189686,22043016677.699493,23092311604.045914,790397746.010059
2018-04-07,23178748924.76478,25662991321.61808,22576987335.20573,24183810218.259304,790397746.010059
2018-04-08,24232936916.14814,25829209200.78047,23811560961.31626,25033843948.018726,1036592582.6460382
2018-04-09,25048171837.2546,27192495608.900394,23075771887.696823,24707564809.118977,1036592582.6460382
2018-04-10,24740277871.169,26184022907.55127,23581179763.172153,25333609553.120735,1036592582.6460382
2018-04-11,25302549985.54144,27607547583.013348,24792449247.285816,26731688377.74929,1036592582.6460382
2018-04-12,26760789465.124092,32756647970.63511,24379275055.168617,30663029814.742996,1036592582.6460382
2018-04-13,30643284790.26455,35948245912.825935,28951907172.871685,30515669633.575256,1036592582.6460382
2018-04-14,30480603253.20276,33235390546.865982,29511144279.87053,31160424294.927483,1036592582.6460382
2018-04-15,31836621310.33978,35072572067.98993,31209313651.292694,34041181178.114563,1556784055.6925552
2018-04-16,34017814026.114223,36026508359.42723,30937653575.943047,33222950935.455788,1556784055.6925552
2018-04-17,33246348644.7905,35584542221.29602,31167399250.13696,32597549877.241978,1556784055.6925552
2018-04-18,32590588955.57399,36760744339.01319,32091944103.269028,35628651837.45413,1556784055.6925552
2018-04-19,35620207552.01591,39022953464.09613,34323063092.48906,37544689026.358864,1556784055.6925552
2018-04-20,37559483530.61266,41797602124.49582,35683319056.34729,39570260856.41882,1556784055.6925552
2018-04-21,39579183841.96336,41525601245.41536,35375932451.08144,38197156866.1813,1556784055.6925552
2018-04-22,38456316880.97442,41515857561.38507,37119020769.89331,38896977952.05603,1966297583.3302479
2018-04-23,38835476531.89562,42830889321.28025,38166085986.780464,41255656114.531,1966297583.3302479
2018-04-24,41247687468.930786,48605561187.66016,39852964411.85855,43930126826.174706,1966297583.3302479
2018-04-25,43922396842.16708,45499625012.16935,35916370985.83402,38602588048.13725,1966297583.3302479
2018-04-26,38584313174.35817,44196645701.51981,36777999450.04181,42467228836.5422,1966297583.3302479
2018-04-27,42457850607.92814,44621734998.51475,39328718758.82279,40669209966.2835,1966297583.3302479
2018-04-28,40649695553.029,45586625570.562546,39618858213.154724,44048820001.9932,1966297583.3302479
2018-04-29,44127844653.22747,48840668946.343605,41958733855.69132,46506860316.0948,2972103144.1508603
2018-04-30,46513807348.96794,48974520140.194595,42769231862.56409,44956734882.91322,2972103144.1508603
2018-05-01,44970967847.79018,46869512651.26552,41078223161.333145,45002101808.56173,2972103144.1508603
2018-05-02,45006153882.35528,47766773842.352104,43419390245.03396,46425866444.063416,2972103144.1508603
2018-05-03,46422119364.64322,52293794081.187485,44110335007.64877,48043511280.519714,2972103144.1508603
2018-05-04,48080503433.347084,50136120687.7004,44836263017.987686,47133992226.82633,2972103144.1508603
2018-05-05,47086911093.421486,51151373046.148186,45215081551.63999,47840039234.07563,2972103144.1508603
2018-05-06,47919648121.31842,49789808489.22883,43220523794.29034,46239085995.381355,2594852818.325452
2018-05-07,46242982677.11417,47382946755.08178,41679468386.24487,44562697607.23365,2594852818.325452
2018-05-08,44569740977.864624,49084926896.97075,41724966798.140366,44826376014.070786,2594852818.325452
2018-05-09,44874552528.117676,47662667414.01329,41087201562.57669,44912519961.94546,2594852818.325452
2018-05-10,45633807811.891396,47981762676.465294,41573410644.169624,42477196905.66701,2594852818.325452
2018-05-11,42620953912.179665,45369569944.10441,35660197640.9789,38426406093.72669,2594852818.325452
2018-05-12,38420807672.41035,41389126926.3422,35244389887.695274,38957330667.18422,2594852818.325452
2018-05-13,39242232800.434494,43328417579.61155,37742898577.50415,41691479635.11223,2151040558.486099
2018-05-14,41714065654.556625,44696612812.327576,37905149066.05619,41626665399.44793,2151040558.486099
2018-05-15,41604536056.49019,44560789726.04922,38717691591.38508,40150607291.44852,2151040558.486099
2018-05-16,40186687775.64759,41366407751.3341,36672363237.96098,39027058048.3515,2151040558.486099
2018-05-17,38988462640.11271,41481379270.22196,35744273181.77952,36772012869.6796,2151040558.486099
2018-05-18,36680298272.26364,39292581819.15906,35270326422.494446,38178123608.309586,2151040558.486099
2018-05-19,38155006508.0087,39891107580.48757,36576905435.58349,37891450022.46837,2151040558.486099
2018-05-20,38202373243.66199,41038381237.29482,37165894042.925026,39782003846.58134,1849195702.3682742
2018-05-21,39768269587.60015,40664260566.83734,37199290539.81796,38098668261.925575,1849195702.3682742
2018-05-22,38154706421.093506,38862386020.223625,34080195915.42802,34692132767.00622,1849195702.3682742
2018-05-23,34721369690.44875,36139003389.20699,30006313611.61113,31688520488.608326,1849195702.3682742
2018-05-24,31710541257.214375,34931333041.98901,29765584511.35106,33226257323.006912,1849195702.3682742
2018-05-25,33219610601.6427,34039508367.487793,30607600823.78128,31790644318.28628,1849195702.3682742
2018-05-26,31724805559.68325,33069538638.11301,30257728840.897667,31176959785.747444,1849195702.3682742
2018-05-27,31050898849.795525,31865632588.49574,29611204404.474213,30696095186.629566,1294928996.389953
2018-05-28,32264319220.509003,33185979390.95857,28709836008.918888,29219402253.039192,1294928996.389953
2018-05-29,29312079182.9201,33780256918.629757,28440629589.784637,32539670972.01198,1294928996.389953
2018-05-30,32576482645.609535,34117756393.87173,30446362159.398323,31875605077.536575,1294928996.389953
2018-05-31,31997030480.948524,34208980663.173,31077488602.085564,32855149099.97868,1294928996.389953
2018-06-01,32909756686.53731,34524112680.63091,31532032457.58089,33165986010.470467,1880627246.1931791
2018-06-02,33183392773.764793,35353113701.08341,32390462511.38588,34385786041.94768,1705089414.7334793
2018-06-03,34391370728.94653,36231323532.129395,33654534088.173447,34917955705.94063,1875271492.0344794
2018-06-04,35243833642.35746,36458985293.18132,32199812440.208267,33264633665.792652,1843595554.2943792
2018-06-05,33272041414.09345,34883160677.35096,31592577481.58591,33762184706.827515,1658063342.7473793
2018-06-06,33793058129.209072,34824150436.97529,32271818034.057037,33739734903.70894,1681275095.0408792
2018-06-07,33743456289.64059,34912754773.499985,32385882658.74029,33518433021.906616,1547270821.468409
2018-06-08,33445699187.259583,34158257037.706455,31778643268.425045,32830695734.793022,1492905078.2929792
2018-06-09,32845119642.067314,33621250612.647316,30344808364.250134,31804574082.722725,1492905078.2929792
2018-06-10,31853550528.50105,32286030346.3572,26116349130.203682,27365751533.227512,1492905078.2929792
2018-06-11,27455059616.232872,28858240042.573174,25761953779.597885,27999576482.30491,1492905078.2929792
2018-06-12,27985493482.202316,29041487934.864212,24273935249.31078,25664111664.545074,1492905078.2929792
2018-06-13,25658409943.11556,26657762143.18734,22519944928.570408,24320854458.96035,1492905078.2929792
2018-06-14,24409274357.550488,27434162582.195095,23713180984.50699,26452260415.72398,1794841765.6276093
2018-06-15,26404574902.75875,27013374439.975773,24386422297.00574,24969961927.151226,1401346487.0999794
2018-06-16,24979012176.1984,26183384943.867443,24120377833.431698,25294193861.05658,1281180457.2752793
2018-06-17,25293621140.10375,26160355258.65224,24524095547.078796,25040986124.48718,1151523669.2222793
2018-06-18,25088397567.77425,26973206287.883366,23782384405.810795,25858227818.062454,1204578763.6901894
2018-06-19,25952293080.05541,27094809529.572083,25076341874.761726,25907210995.025154,1204578763.6901894
2018-06-20,25882370127.659332,26760893122.011574,24237394569.188957,25763970209.723545,1204578763.6901894
2018-06-21,25797158939.113144,26739882939.84019,24569109448.45427,25281524113.683098,1204578763.6901894
2018-06-22,25311039654.088684,25781097440.571495,20918841872.146328,21836705253.862125,1600741684.3927312
2018-06-23,21843296523.240635,23122570266.50643,21043299656.763863,21970017599.867146,1254155327.180131
2018-06-24,21981629400.048065,22570666317.76759,18841643260.52619,20871723063.455025,1419893119.2793312
2018-06-25,20966812561.920353,23242819537.650463,20182915334.302284,21817951350.92381,1404078313.6905813
2018-06-26,21754464682.097404,22332738352.170364,19818038498.44982,20280594281.813137,1274920634.7238312
2018-06-27,20338394447.96197,21492687893.085346,19466726126.88624,20818575018.82301,1302519499.240231
2018-06-28,21043658161.313293,21661220403.520237,18999246267.904785,19435349869.65367,1109199148.954731
2018-06-29,19401341663.298985,21591316489.10223,18612420688.456566,20736792816.27521,1194427768.3983312
2018-06-30,20778099189.498276,23365541406.345654,20338794010.809406,22060500159.399933,1667234424.1091309
2018-07-01,22072253349.336983,24167051950.742268,21042540517.512714,22512447352.484856,1515817870.9705312
2018-07-02,22511326410.685432,26741050633.445335,21686905255.672455,24718872182.865383,1734616528.6107311
2018-07-03,24616638994.761814,26506822581.31163,23022558008.5687,23754905195.88906,1736935485.999831
2018-07-04,23714919427.63477,26571186738.649406,22732082171.611084,24640240129.304356,1761636639.385331
2018-07-05,24573941979.1814,25968537490.209557,22950855537.06386,23950537820.802483,1663673989.047001
2018-07-06,24003673218.490288,25037648635.813126,22412532414.46652,23916124400.876022,1749800255.941331
2018-07-07,23986052622.773796,26959015990.204,22684837324.601578,24781504104.92699,1391311327.812221
2018-07-08,24761977741.035706,26343222493.465225,23991836918.78471,24640489474.657406,1375496357.3581212
2018-07-09,24624156144.43584,26129586692.05178,23033274008.7894,23708821013.705692,1515353002.612821
2018-07-10,23994987360.100674,24622848579.55072,21162229886.095276,22015939207.87602,1674388950.4991212
2018-07-11,22065694410.548645,23520835358.277893,20871989178.06676,22548106443.191006,1432146769.7354212
2018-07-12,22569753622.620975,22909662304.868526,20337636226.819557,21495770856.366814,1261261243.937531
2018-07-13,21522000137.855515,23493272753.976788,20743257580.711773,21834379093.74712,1433370194.141571
2018-07-14,21830481317.0854,22759512910.787525,21148702652.7451,21913356077.843903,952032876.4288019
2018-07-15,21951741304.37473,23411936401.54137,21585639577.35272,22636019353.26118,1091293207.778321
2018-07-16,22661985124.90135,25101437172.25684,22167509478.284412,24418429567.62829,1454246986.1385212
2018-07-17,24449095184.120148,27914722779.94492,23108328635.554775,26115264708.856544,1820824571.340321
2018-07-18,26137592233.333595,28357206000.323944,24718875253.9121,25753001883.206158,2067809284.1961212
2018-07-19,25742467109.37208,27249219639.395706,24042731617.697666,25193317244.09337,1749437038.112621
2018-07-20,25185965108.34474,26746145405.933838,22010035299.757057,23244139742.84668,1463769685.213021
2018-07-21,23263902650.356678,24743768406.238735,22357025007.070786,23910489303.82252,1161254783.302321
2018-07-22,23885993706.569637,25252815538.923046,22982968049.41098,23630470680.286686,1205248938.285821
2018-07-23,23644647819.34108,25904373563.60428,21852110525.45722,23497758351.73837,1460161501.468421
2018-07-24,23630065596.527557,26705710568.928223,21799854592.7907,24448125170.205887,1724904817.765621
2018-07-25,24496592768.530315,26177613067.22745,22893950240.773697,24643984861.805305,1880677682.909121
2018-07-26,24651895622.99279,26047665330.725468,22871993486.554012,23725046989.93416,1360720893.8664212
2018-07-27,23722514288.73744,25424346334.62602,22616842245.64461,24235076549.164326,1745001787.324121
2018-07-28,24265753608.182373,25019271656.974335,23348571076.303368,24384952641.23062,1393202924.9847212
2018-07-29,24346103396.4776,24884293764.06866,23257047854.279537,24052857942.573265,1324443717.107231
2018-07-30,24032182353.83838,24699542671.98487,21924581252.098568,23230280117.7723,1702286044.9475276
2018-07-31,23212363892.19117,23646180072.61099,20454348902.46926,21458846265.543045,1489061986.3711517
2018-08-01,21424709026.286156,22304627774.678955,19900845022.36625,20929638037.571342,1312772022.6274242
2018-08-02,20958967644.50971,21642918365.60843,19096362438.030354,19857317971.27266,1163467806.733462
2018-08-03,20753454316.705803,21721884409.027153,19073135598.26703,20602685299.997417,1441210871.7726545
2018-08-04,20565853136.893845,21564472032.288677,18751645323.465305,19681123676.185646,1224547962.486076
2018-08-05,19713834282.039307,20811202432.01664,19080321461.220757,20329253196.396713,1066393486.1634125
2018-08-06,20348014052.11691,21507479903.87858,19086206546.373444,19950820194.25539,1449615151.173114
2018-08-07,19939560611.838734,21340321729.60071,18473810920.0258,18965416813.795826,1799044795.26639
2018-08-08,18954716195.754356,19470431031.257305,15964702389.370466,16864703656.345953,1638899632.440592
2018-08-09,16889301460.032932,18774444386.144833,16244405862.778341,17855300103.771317,1277863095.807532
2018-08-10,17835371698.81695,18303836949.0559,15478726045.873575,16208712098.019674,1151961432.740275
2018-08-11,16168661297.599682,17243201669.569717,14452549394.935318,15423019556.112846,1110192721.9687796
2018-08-12,15447674422.753258,16644455235.536402,14887709714.157736,15636468344.031088,970500497.1694627
2018-08-13,15688901700.275982,16579122471.554848,13505686254.016445,13915706789.012342,1192553786.1060717
2018-08-14,13925058748.627289,14311291793.559492,11734631737.426107,13445496206.453825,1310166720.439186
2018-08-15,13479569964.367819,15639152751.252937,12991881337.760902,13788839116.42703,1200533487.3630807
2018-08-16,13842059467.991272,15500705274.459969,13339021143.971952,14588784145.520748,1627398191.819799
2018-08-17,14627831301.573853,17758186898.00093,14297724493.360374,17221628927.833866,2266611862.268165
2018-08-18,17232064053.47693,17775676210.230206,14598495030.567194,15626437625.062807,1606320353.2928119
2018-08-19,15619396645.155396,17055968724.29921,14981124209.918356,16161685596.546263,1342065159.3804877
2018-08-20,16149576177.379652,16708437536.128733,14470912155.977903,14728949074.83311,1253613324.7085042
2018-08-21,14765750131.568316,16069050827.860815,14322277549.219795,15479363772.736874,1084716368.8888454
2018-08-22,15482249729.05064,16991853582.906204,13970769685.130564,14645435730.682886,1328198045.3706887
2018-08-23,14724190580.894367,16084932196.962954,14388393158.986197,15624266366.675655,1093225587.6807315
2018-08-24,15636748438.864944,16802513438.64322,14889733217.57325,16015447507.402617,1166296263.8727002
2018-08-25,16053379130.805101,16932120073.435434,15510431280.205858,16212257620.993534,1181652337.9352002
2018-08-26,16203907729.670107,16935795570.66437,15274709899.087612,16302356996.740927,1291575377.447114
2018-08-27,16340135226.995674,18425712672.93357,15829097156.239544,17732106616.4922,1612888284.492155
2018-08-28,17724548705.27171,19104703261.78116,17039009198.195908,18403015459.14468,1569390469.1655142
2018-08-29,18409849633.465244,18916867529.102436,16936038582.27741,17738667863.402332,1370405029.1982417
2018-08-30,17729359764.50929,18292494405.67241,16256214043.529917,17559266919.981956,1407852387.5779834
2018-08-31,17567127120.366394,18892040628.037952,16835804746.730482,18019379348.502205,1445830561.9953036
2018-09-01,18001967807.151215,20348531180.205914,17710367373.156223,19357130631.351196,1644930600.1261003
2018-09-02,19345795431.636677,20143351972.838905,17945173545.675823,18939009042.5491,1531882008.4345999
2018-09-03,18900877445.64679,19817900682.133923,18098193185.340965,19105589167.046043,1457046321.357987
2018-09-04,19073476365.307507,20327681476.876804,18632087233.09998,19507654407.74444,1442904300.0076168
2018-09-05,19441587364.786148,21125590232.30036,14505777848.353895,14864171635.616268,1905483135.8310392
2018-09-06,14846644889.513914,16036929794.531078,13399385873.564484,15170390007.45599,1572352197.5386655
2018-09-07,15199865196.109882,15878454328.642021,14185584469.25,14763421663.289036,1367113272.8054688
2018-09-08,14807656598.827765,15552832697.407932,13522938666.739641,14023857083.805916,1197244384.38765
2018-09-09,14018541034.47458,15038993116.847088,13311397529.869825,14153421223.050163,1152002035.6935916
2018-09-10,14157523111.719198,15149741765.496277,13730704967.378782,14448509733.498785,1147613001.3485324
2018-09-11,14473761197.06525,14987076224.881798,13033387841.669374,13732613727.990969,1103453512.1066415
2018-09-12,13707124012.310484,14178385253.465204,12423331273.481627,13706383561.228254,1233921706.2298253
2018-09-13,13709845640.049782,14975382040.71059,13403797904.734043,14413150616.066525,1251592693.2290518
2018-09-14,14394789730.556324,15128684604.61134,13606630292.685808,14265442575.271227,1230766222.0783162
2018-09-15,14242989315.2384,15053684485.65355,13991835802.369629,14517698887.431726,992165437.0975457
2018-09-16,14502624848.524632,14940906623.593016,13744642621.900625,14574830604.29271,1077618984.098381
2018-09-17,14592178713.934244,15055213748.313993,13150256502.494501,13558408262.71337,1113693813.8064296
2018-09-18,13546533335.765646,14519461883.780996,13167872314.33129,13942779852.823725,1118077169.840917
2018-09-19,13967884442.313011,14788335724.070457,13049956580.333164,14004014914.38359,1031016889.5817229
2018-09-20,14000706495.161222,15022566738.221073,13629177343.401718,14640096348.307858,1123998030.6657388
2018-09-21,14663407642.788794,16146633372.844002,14126494793.241177,15592018241.32295,1715151539.8291237
2018-09-22,15599838838.295296,16119095719.001722,14527713047.948418,15061086765.288765,1163635136.8184242
2018-09-23,15092633070.003014,16090490386.885569,14799405097.004337,15492715903.838192,1213816983.3858726
2018-09-24,15460925766.346169,16067196247.41484,14390040553.523537,14903024811.065739,1139713606.1999254
2018-09-25,14893762055.005072,15268227356.614763,13674270840.39359,14587973931.965149,1144589568.879326
2018-09-26,14624481673.388502,15236011045.342386,14027555295.548487,14474589077.882214,1122517876.945696
2018-09-27,14499538118.729204,15818874546.60451,14186446452.85299,15294173345.69423,1421589545.0589614
2018-09-28,15297511700.847902,16038161322.22129,14357967311.210276,15070871576.95381,1607638833.3447657
2018-09-29,15025335914.505716,15512821277.617378,14436669865.28876,15114295726.806768,1336016024.6470737
2018-09-30,15104740378.465042,15520853262.860336,14657751384.01012,15135071030.449806,1299864335.197073
2018-10-01,15154548493.783562,15610094180.536825,14553993690.24472,15063462619.291397,1435119793.3829136
2018-10-02,15104074304.641783,15699936648.751493,14563636698.594309,14950361197.574835,1202231006.7881866
2018-10-03,14930428093.003767,15161587048.019995,14235232819.765566,14719884786.357052,1242272184.8105593
2018-10-04,14699097087.20554,15367273401.112377,14460633420.928724,14952369268.280863,1286728930.4835205
2018-10-05,14958289277.283087,15558380374.305536,14622777784.466707,15135442668.694668,1112536133.1390543
2018-10-06,15237295344.581669,15610610573.739054,14703612515.224255,15031313234.705278,1115297629.546435
2018-10-07,15082999837.272371,15470598232.874596,14664256767.499691,15131502939.023058,1127451050.0569677
2018-10-08,15150810124.125376,15877604492.628864,14855061314.399181,15435915223.054617,1104402100.5063179
2018-10-09,15488280096.803383,15836676725.391283,14939346708.320826,15319175705.164907,1150501604.8723943
2018-10-10,15350748139.267492,15788703002.03596,14537104152.59812,15258521271.313581,1395002319.2942243
2018-10-11,15248337424.130823,15551127781.574148,12818774504.399849,13276504737.840961,1482734954.3953137
2018-10-12,13278124794.52022,14075157730.595253,12883513628.733564,13519568920.212057,1207004442.5583174
2018-10-13,13559194934.201488,14032801293.650682,13326203627.551735,13679211884.147161,823529678.9823755
2018-10-14,13674168377.883854,14294460227.472485,13242480875.370197,13515347622.732668,874863086.917589
2018-10-15,13517821921.222784,15095261888.247126,12744984706.514225,13961985675.503487,1604294939.3828974
2018-10-16,13986729006.044437,14514519581.361967,13607632359.952137,14161122091.495077,1088387502.9223905
2018-10-17,14197747586.424377,14802501419.638159,13753911692.0805,14294689367.895914,1412801775.8920653
2018-10-18,14293286565.737314,14754104426.970161,13645277947.968527,13991068684.752516,1201681926.652127
2018-10-19,14004408077.185654,14473623393.550816,13697386239.314827,14187415552.38992,1067407671.9743676
2018-10-20,14230123498.680738,14701024344.623997,13992758223.841465,14438893506.056677,979348887.8077819
2018-10-21,14478739171.0473,14939635673.979872,14169046504.136845,14433826505.94108,1104828118.9722755
2018-10-22,14421072762.54864,14993202053.928728,14040315969.148985,14554181082.705849,1310353719.9529374
2018-10-23,14573558299.57395,15077841442.561884,14041328914.750387,14502965539.22279,1221978075.979635
2018-10-24,14517537025.169857,15208030676.673145,14208508104.613073,14589769051.968506,1100957909.0777247
2018-10-25,14565971401.579039,14855335322.301296,14038023572.450506,14418999807.676542,1075132444.40699
2018-10-26,14412996131.517818,14818182326.01799,14059662476.545893,14445468098.073399,1121878400.2669601
2018-10-27,14441647535.486776,14764962107.076237,13988163429.675566,14225151235.82336,1058082115.9505593
2018-10-28,14251092525.580935,14672898872.519697,14034240263.929663,14390781093.356525,923640959.1451416
2018-10-29,14482476853.858456,14764248605.175568,13439492617.82048,13847547044.311821,1168187081.5028327
2018-10-30,14409163786.113441,14762577658.542652,13958113471.387365,14351881474.83207,1032227033.7633121
2018-10-31,14360260270.44989,14944333808.743626,13882810552.005724,14559208408.11113,1048251091.986009
2018-11-01,14517568507.249813,15072246902.04552,14209137233.120274,14713356391.54007,1033572848.4210244
2018-11-02,14740712395.7865,15173919532.160084,14434072637.114746,14813425049.608744,1109130930.3006306
2018-11-03,14800136802.195194,14985505661.47886,14460242699.170925,14694768729.540905,914773906.7440654
2018-11-04,14670057081.385002,15614576939.505896,14294571113.352566,15018035122.927374,1196384912.0189865
2018-11-05,15047753368.94806,15375460013.405626,14481658396.231165,14863940412.725628,1080415303.107941
2018-11-06,14881132345.729975,15507168813.212162,14570304551.516146,15269710746.617329,1198925904.384393
2018-11-07,15308216043.896683,15853643501.337545,14725007806.25678,15184389433.668158,1337789154.707596
2018-11-08,15211229282.959944,15646337495.146431,14591436759.639717,14885804213.757782,1218391821.796694
2018-11-09,14832147100.550432,15086599951.420288,14222099745.726059,14464541388.716543,1194092549.9195173
2018-11-10,14479095611.467361,14943472466.6151,14254820503.369627,14601340362.848312,1121986321.0777915
2018-11-11,14613346641.41146,14829525266.1862,13949388645.100565,14377979997.495947,1197278266.049753
2018-11-12,14418683765.727127,14886167564.490866,13919299216.494057,14338507088.234722,1128252162.8065937
2018-11-13,14462156807.3047,14674929473.373251,13747255997.907377,13927834109.007004,1099885738.7720377
2018-11-14,13970250366.19656,14400648813.759205,10754911970.740286,12189920292.445621,1727336534.9481814
2018-11-15,12304137047.193068,12734750768.235332,10831144698.558798,12262527634.356333,1642544111.2970407
2018-11-16,12192090520.12237,12598554160.281845,11513478998.073198,11904067292.534325,1178964085.8199599
2018-11-17,11919854481.85286,12230557384.309212,11415685733.536602,11784742861.249035,1129511186.160358
2018-11-18,11825085323.577988,12442515664.147327,11554669649.941216,11901555580.226587,1144610992.4548867
2018-11-19,11905291499.980925,12197182117.43494,9014389337.655445,9559836094.577307,1688116780.1461656
2018-11-20,9647115188.181427,12468694120.415733,7439271818.350471,8719782663.310127,1734068785.2016835
2018-11-21,8654988985.707613,9740237240.69429,8224815221.542601,9257965971.771044,1338051924.6663144
2018-11-22,9334245642.850931,9659882754.155079,8294511757.05829,8608783279.064201,1013431689.9828018
2018-11-23,8584270415.829379,9092128622.569849,7783091685.809889,8465584454.750004,1236738818.6112742
2018-11-24,8513092617.778406,9123753310.384445,6999561248.564225,7678326355.395838,1047642145.804818
2018-11-25,7582629365.793976,8457734923.988477,6561436832.990228,7790113859.491394,1368749845.4180539
2018-11-26,7750183975.687579,8368309137.571055,6698680957.982096,7399476260.7231045,1085807438.8074217
2018-11-27,7366083566.514709,7871404853.010129,6862419412.860569,7561254463.515013,1072582287.7617155
2018-11-28,7613086663.75279,9245321163.570805,7389873046.555849,8604479172.842787,1570153246.823448
2018-11-29,8579199394.321309,9390119225.438065,8013251206.647401,8585146553.072644,1427432660.136642
2018-11-30,8579069295.769073,9035413317.623394,7498077364.083329,8049506276.785676,1411982280.2908247
2018-12-01,8056743065.563997,8925463975.266817,7731992249.030203,8372503044.683615,1399485370.8987164
2018-12-02,8394299790.725932,8928652587.718437,8001238986.545278,8357527095.441769,1354594602.3835464
2018-12-03,8390802468.790632,8632629918.98212,7372154999.3323,7777926704.843196,1256238931.391086
2018-12-04,7782848715.768539,8705043682.390778,7326948291.510373,8135665826.102456,1294469151.5734904
2018-12-05,7961610475.163134,8170606043.238471,7100309448.453378,7324981168.825522,1261728251.3055687
2018-12-06,7313995683.02841,7760242110.316773,6230320225.307734,6437490519.202028,1338343687.891703
2018-12-07,6390092250.685962,6997643031.879766,5700026074.929545,6501977160.469301,1549607037.6036959
2018-12-08,6494403404.749082,6992288693.956626,5980728939.726413,6485097790.616149,1183055213.4475768
2018-12-09,6493700664.92115,7189869643.781724,6273468668.610496,6780877536.562428,1092197208.3909113
2018-12-10,6760409245.681724,7006524916.053381,6181134447.3528385,6410688223.878228,1036562082.3092887
2018-12-11,6394613782.637806,6652021274.91083,5998472399.564357,6254185263.080745,1086995930.4408636
2018-12-12,6247194067.259997,6760523674.806308,6081834679.46588,6426716021.806318,824396550.0647744
2018-12-13,6432907178.816141,6692173729.679175,5919567656.161522,6169372928.019202,960651782.8536931
2018-12-14,6175477675.437506,6410841904.0329685,5777425832.639836,6042468694.037075,811095152.1317048
2018-12-15,6046802970.71493,6315789302.153608,5744385243.427815,6050680283.974099,705637673.1538228
2018-12-16,6068911926.444305,6457961133.353036,5931310644.57566,6127813365.636275,741379067.6165649
2018-12-17,6105700886.470161,7239465435.004558,5980444908.068301,6805317985.324117,1150812898.2965248
2018-12-18,6809299657.838367,7562526583.7078905,6494421969.59722,7265570301.983548,1112192990.3572402
2018-12-19,7324879500.183707,8343272958.219727,7023776943.225017,7342047688.872853,1492874291.036497
2018-12-20,7396247084.186959,8896385195.27191,7017968102.969211,8276110584.22915,1772862913.2595456
2018-12-21,8347075816.02524,8941199607.449715,7351890385.15101,7808604611.214459,1480728545.6388435
2018-12-22,7803224772.596832,8580590133.33633,7452663604.120281,8208966777.053812,1226701640.8194036
2018-12-23,8213654844.029519,8867211054.397558,7904609074.0530205,8431199862.352216,1503536698.3443308
2018-12-24,8438156389.594627,9604688209.746569,8222305982.619232,8712365680.505182,1795077562.6713603
2018-12-25,8605834329.857277,8835206456.55545,7407222920.65028,7935620279.554272,1307403669.8520129
2018-12-26,7950158052.494268,8434101724.706751,7485111222.097236,8065298465.064104,1235143250.0761466
2018-12-27,8050446646.631139,8291713942.44854,7155376019.277128,7291273449.353655,1208933294.46487
2018-12-28,7327646937.123621,8458485871.927074,7082240117.166802,8053244155.116619,1300051995.520943
2018-12-29,8046775132.315811,8494182918.5037565,7492469091.023599,7747681388.912047,1124078035.6721334
2018-12-30,7729038197.341975,8213303674.560066,7480541293.559551,7931461163.562411,1006230159.1576881
2018-12-31,7950140783.576669,8119102746.516607,7245350877.948386,7516081987.765955,958249978.4443538
2019-01-01,7507244239.969951,8044758544.028956,7257795064.306703,7825750901.958629,866152279.6089594
2019-01-02,7859181732.670668,8292197115.558448,7587574816.238726,8055039434.351394,1012092573.7400224
2019-01-03,8038854173.379955,8204474867.481137,7541541341.787203,7771982532.358384,919517375.9125872
2019-01-04,7783301259.491398,8138387663.573178,7513236401.859312,7894910770.175788,1041560161.1518286
2019-01-05,7880680150.93014,8282651135.39563,7641921624.445654,7884066127.842839,1255014869.4078631
2019-01-06,7837397948.1601,8702038343.046371,7579983936.048961,8335405413.388002,1256812885.4150088
2019-01-07,8278637962.170552,8514067641.824092,7883510646.764198,8076379505.0654545,1189613619.8706748
2019-01-08,8059128582.920312,8532113535.467393,7743326831.583507,8136664582.864551,1094205315.5185602
2019-01-09,8138454173.558311,8653808458.10242,7932315297.133832,8333533905.347506,1273650990.9809575
2019-01-10,8435615938.559725,8755415876.64251,6953595652.479162,7443014555.573672,1550655058.8350716
2019-01-11,7437554699.776139,7901570135.766992,7166956217.264564,7526722280.779591,1183682003.8454993
2019-01-12,7525497537.059417,7837316704.028996,7210856067.820065,7519044958.160267,1201502855.026174
2019-01-13,7496909517.806056,7757654604.768757,6918230364.829863,7112235297.497251,1138489907.6431189
2019-01-14,7144962693.148923,7845595640.275254,7008385066.556652,7572254571.305651,1216868358.943196
2019-01-15,7587918124.258361,7860861428.360489,7096776463.3530445,7413384968.026723,1321977548.2523494
2019-01-16,7409507800.187518,7962614731.303727,7234872156.631739,7666569871.854139,1396199452.1900208
2019-01-17,7776703838.121544,8165727655.773277,7439100484.376273,7870913497.169447,1382020272.7322488
2019-01-18,7875486385.075836,8010827493.047175,7467949022.543075,7714583441.275847,1437182051.2213223
2019-01-19,7722275463.969074,8406185732.659036,7607566454.237157,7969098669.032188,1346114513.2359955
2019-01-20,7960209243.088714,8192952622.460353,7348291232.633632,7661100333.30196,1329495858.210704
2019-01-21,7649150250.493884,7972274415.631007,7401514342.449698,7691930503.305751,1135568497.8234594
2019-01-22,7654509246.660192,8187425415.348985,7226063539.123513,7850151267.727034,1276864954.4207122
2019-01-23,7929617862.201803,8251664862.904818,7561569752.133124,7808336447.032209,1256738758.6220992
2019-01-24,7851634770.6772785,8162094008.267501,7597200609.308119,7913105635.995767,1250040715.9297056
2019-01-25,7884976639.549673,8105413354.168798,7565688962.318098,7863595010.077297,1340374588.9461274
2019-01-26,7830606070.225775,8158246621.06681,7598046796.797322,7784627588.900403,1192644561.244216
2019-01-27,7778533894.13742,7942546077.3350315,7283038509.628691,7614686636.463471,1263041045.1755333
2019-01-28,7545601805.763264,7664128154.752205,6738505773.225433,7142412085.106636,2585785759.5754457
2019-01-29,7185049758.906449,7429043607.9641485,6784608645.841789,7137495496.910788,1225434091.484441
2019-01-30,7117125892.221546,7491859543.89235,6911717194.108961,7231113824.906402,1235314689.5983515
2019-01-31,7322044899.758196,7516061630.458607,6879027225.485571,7078775731.580335,1175266386.6600664
2019-02-01,7020003200.655471,7322759363.280651,6782527808.507283,7095771393.714625,1228628765.847594
2019-02-02,7147903327.237611,7382340885.976855,6921307960.155573,7169634132.779933,1127965893.178438
2019-02-03,7197842130.778284,7376208631.14999,6898863348.862407,7088286803.316615,1032409565.193228
2019-02-04,7049473021.894575,7263494220.45131,6896403951.981371,7042151224.263471,1015297783.1395556
2019-02-05,7036261392.252708,7237000411.976773,6861468851.017849,7029233043.041563,1015843019.8080505
2019-02-06,7047169225.739949,7254413659.588904,6632129509.601608,6884895755.189464,1153903026.739489
2019-02-07,6904556898.14372,7205276297.2713,6799849705.326687,7009489937.9170265,1131078713.7823114
2019-02-08,7277465851.606557,8335021095.065426,6856151823.676085,7610087697.25343,1467668767.1154413
2019-02-09,7739902326.793711,7975051992.445362,7482936699.990791,7697101502.268141,1244664972.4131784
2019-02-10,7748601768.250757,8207866342.131821,7454307043.303181,7883468851.158823,1331517923.003064
2019-02-11,7861088114.873115,8179765319.902086,7542457189.589513,7868407135.237249,1502591994.0917597
2019-02-12,7838840439.201022,8199712305.215504,7608573242.206448,7953184839.558746,1519223524.4424763
2019-02-13,7954962396.924849,8274689037.696815,7747085656.502446,7987760281.776093,1422513480.8260052
2019-02-14,8061090164.414268,8295872929.879362,7640084187.309299,7824813245.49866,1409159506.726412
2019-02-15,7825399883.202869,8222053517.351042,7630896530.421612,7865078587.255583,1711689389.122639
2019-02-16,7899216224.016126,8306530349.236955,7747964803.456534,7965984337.414777,1561416904.3252766
2019-02-17,7928341512.159902,8521910598.171307,7729068325.477584,8196882088.716812,1657892080.6783154
2019-02-18,8167739664.77441,9115533256.613426,7927169582.692567,8658741412.086567,2091916448.4741747
2019-02-19,8668988253.542482,9306100975.103846,8356649990.427392,8734978145.754225,2266095845.6389685
2019-02-20,8753153273.247292,9140955157.167858,8494684703.425577,8924478000.79876,1819577552.925113
2019-02-21,8871639934.090967,9162239577.289902,8416929103.188813,8664360821.731276,1707580666.8817651
2019-02-22,8719272663.29452,9123571145.317804,8481207272.251163,8904961109.78647,1636166381.2811189
2019-02-23,8922741370.289211,9833909979.984755,8681615170.882494,9477365382.376333,2360596952.3169065
2019-02-24,9481513902.582792,10116728748.588142,8201181523.979879,8458078836.234117,2926688444.591391
2019-02-25,8520454469.294987,9270889187.034496,8287317283.215665,8816924555.511158,2122222065.8622694
2019-02-26,8854325523.44311,9261121335.835438,8520466251.806899,8905181319.7532,1978377404.1985478
2019-02-27,8865817112.988081,9150694342.2052,8279192678.854292,8810903259.24281,1961282290.8796225
2019-02-28,8791577620.181654,9285685429.288696,8511216347.255623,8820181167.548103,1825291778.7504838
2019-03-01,8871807699.415367,9263362170.402628,8715731408.12535,8960094662.861946,1591990017.2910244
2019-03-02,8985272871.318459,9197914640.11759,8643352285.496883,8906270069.253994,1617397946.8617814
2019-03-03,8919080419.307575,9146793214.157597,8619456999.450487,8833641081.022192,1474813861.6963053
2019-03-04,8836670395.613695,9016556387.847708,8179736891.725004,8468214392.265407,2412366644.9802904
2019-03-05,8546640331.539307,9303218800.204899,8342736097.223417,9033076189.876556,1920369673.717525
2019-03-06,9037047301.216202,9357368201.139925,8741086936.145155,9037014579.350163,1733763922.5278902
2019-03-07,9081664913.711586,9560043148.87986,8840468505.598743,9289519685.359522,1998308929.3092296
2019-03-08,9279707143.373909,9831579732.450245,8730738921.62257,9181228791.055346,2435728991.011923
2019-03-09,9186568206.368963,9951692253.628296,8993041326.939228,9529796636.214943,2435283007.5772433
2019-03-10,9521764289.033936,9965727359.252613,9126166481.518108,9601317652.831537,2216976036.2667637
2019-03-11,9566024747.491425,9886986831.452175,8985275354.216227,9350752636.155464,2259468157.4513354
2019-03-12,9266744016.34797,10211623224.59368,8910511199.172468,9732639937.09901,2236076069.2515283
2019-03-13,9712851194.038437,10233788036.220396,9351773330.40132,9675438256.18952,2191603587.6990094
2019-03-14,9855114321.315332,10632644368.26448,9387918616.872742,10063570523.480688,4032312185.440019
2019-03-15,10071070457.246134,10563550841.733625,9797075075.407097,10211997437.939034,1845593772.8215976
2019-03-16,10238226627.269533,10775341985.606861,9937078531.993183,10347461846.812025,1782891878.3033926
2019-03-17,10330280255.243835,10590773684.626406,9916199263.226896,10302553099.17656,1693077383.0588841
2019-03-18,10287837659.91732,10616060756.088552,9902007171.130922,10201803461.28246,2199793959.8539534
2019-03-19,10415323261.34343,10902536380.532742,10164269597.079855,10630035395.01857,2149163579.9084272
2019-03-20,10639745073.49203,11227874726.966658,10290434966.09062,10899095232.362705,2584496334.0787077
2019-03-21,10912580450.514223,11284436362.313759,10164041515.012518,10659761713.009432,2657303142.42821
2019-03-22,10623084632.819311,11033203513.79325,10392359508.2531,10770054644.648449,2159619049.2495937
2019-03-23,10770027578.404488,11114750749.371567,10544572536.273586,10898328058.07688,1859892556.1847801
2019-03-24,10855716133.718771,11153913692.015148,10526282884.820555,10868189900.674215,1979382639.6595082
2019-03-25,10868385650.073385,11193737694.222227,10096392474.358908,10505364115.049316,2113758776.591529
2019-03-26,10512155664.718302,10844823673.841578,10075304688.694593,10490235662.211878,2200205339.333977
2019-03-27,10556150793.730934,11318195165.715267,10404633023.965223,11023059832.635082,2166335452.408378
2019-03-28,11033831630.64937,11377324925.393269,10721141253.194525,11088025594.67144,2123735173.7607713
2019-03-29,11077662815.049591,11716987632.499382,10829645486.682411,11393841933.91209,2207730671.518503
2019-03-30,11405744188.757797,11806580649.121033,10905491480.486656,11419102193.957062,2008573292.3004422
2019-03-31,11397616702.924536,11928677658.334095,11090455186.823252,11641133160.460863,2060783496.8590326
2019-04-01,11646127611.2119,12343161336.557947,11313193261.000378,11907370188.124666,2234039332.2252135
2019-04-02,11924357153.444489,14862831012.437849,10555920172.364449,13224542008.70112,4021395047.568829
2019-04-03,13243322470.71118,15413381500.639074,12217504099.286444,13149077414.186178,4897450511.749758
2019-04-04,13193408123.404577,14488590109.148863,12388760736.129623,13356391274.96716,3546676123.3096437
2019-04-05,13359608639.003347,14794121760.49065,13043289547.274887,14161776650.865955,2836691628.3064485
2019-04-06,14153481896.879135,15081791415.901142,13218662729.493095,13984217020.856718,2664361728.6800604
2019-04-07,13982008832.344448,15162490223.649649,13484190879.684786,14381950737.22165,3844343286.3662786
2019-04-08,14406834438.979658,15214063708.181479,13295646324.114838,14079083747.711403,3631747486.87461
2019-04-09,14045848816.713396,14437337328.545176,13144342021.183594,13685911347.305891,2795834799.557153
2019-04-10,13745885445.978277,14911934400.134977,13157046875.996569,13835711323.276909,2778658425.2298136
2019-04-11,13836961633.491154,14214043403.019417,11905907997.638163,12760688559.275908,3282147865.4712005
2019-04-12,12764885613.373627,13571731844.7823,11988532567.175053,12992663717.33345,2425525431.6860166
2019-04-13,12988973529.83184,13411462921.937685,12342349602.287544,12882215515.016598,1980283995.9539645
2019-04-14,12940399364.015862,13614398804.57431,12471037961.036173,13239621261.572052,1987266397.2710001
2019-04-15,13191016906.709139,13561342766.252228,12156651927.430836,12636993695.649662,2480537162.7933307
2019-04-16,12578190734.788292,13375777687.76135,12193074895.62623,12968129727.915808,2194324720.7575917
2019-04-17,12992231624.714336,13495618684.8982,12627226828.14278,13103265560.460724,2136239543.876905
2019-04-18,13102357960.929867,13774589585.664337,12892311137.839355,13330222486.580751,2410265258.1215534
2019-04-19,13352388149.160685,13889908862.30642,12820707122.85519,13355136578.466444,2334397163.502207
2019-04-20,13404084112.350058,13975557267.114801,13013074437.828283,13490029041.363205,2243419602.5375347
2019-04-21,13504674684.593039,13867266137.41422,12495121745.06268,13085262399.6485,2521174325.4210167
2019-04-22,13055569152.994589,13813432444.803833,12553758962.100391,13147406806.477644,2409797186.493763
2019-04-23,13155771578.351711,13981101494.568083,12242121565.899727,12820949316.366705,2610469796.701302
2019-04-24,12823490321.142002,13258874873.439178,11550145277.981918,12249675370.12636,2814979986.253443
2019-04-25,12261911591.452011,12908636701.353027,10908670497.716278,11423001699.096464,2478786629.8244033
2019-04-26,11456281472.197248,12107401042.989845,10723751575.24036,11428444178.93373,2596908619.8970914
2019-04-27,11410105926.458258,12072874186.048923,11102649891.197151,11631947612.941446,2021059119.6632261
2019-04-28,11669179026.248251,12115551882.49691,11211147670.028309,11551760797.627045,1944827323.112308
2019-04-29,11537027819.84131,11920630128.567955,10896706599.06743,11294066469.535572,2227880587.2235746
2019-04-30,12047361489.904222,12792392818.194187,11749561292.035706,12579178106.629612,2297083315.8867846
2019-05-01,12582823338.60068,13170257138.924562,12181882073.66364,12689863030.55682,2233412363.489282
2019-05-02,12706525985.12672,13211271140.220541,12241790677.038612,12659009528.204826,2382016760.348429
2019-05-03,12729707645.39241,13852264521.56884,12000808689.26709,13132821125.563164,2867852264.5311117
2019-05-04,13129522814.688545,13777566919.790222,12146607022.05668,12888095262.18624,2658335160.393904
2019-05-05,12854613338.073038,13228032180.775267,12319101269.47725,12703052245.700302,2153644753.9850636
2019-05-06,12676366608.453882,13273454984.029276,12082317843.106287,12734480670.967928,2581691936.6133327
2019-05-07,12817512759.050919,13692013294.12492,12134086137.849506,12423618833.487675,2790944048.8323007
2019-05-08,12393910085.496933,13133206172.813635,11785197097.017002,12618137932.307674,2313724343.4671226
2019-05-09,12550459678.245155,13258597953.501268,11442725508.189419,12124008058.785769,2536056316.2406797
2019-05-10,12154657778.959251,13212175281.20069,11500485139.132141,12416898202.323414,2919364736.0954185
2019-05-11,12428802952.505314,14908228797.479296,11582770258.328783,13508693886.619652,4431829006.886215
2019-05-12,13464219398.578905,14629505395.678082,12126920440.535458,12986932817.273787,4115535732.9309163
2019-05-13,13007046496.656208,15585754852.084534,11723764558.030542,13395497516.776361,3922860513.4048414
2019-05-14,13423972562.560263,15403669237.032778,12733026900.971418,14261163650.405993,4461811485.299658
2019-05-15,14337304930.799679,16696963815.77797,13852922541.761524,16007892415.05455,4792017201.628785
2019-05-16,16015083851.77234,17611253583.08292,14294887883.50855,15445053924.520676,6360145986.364692
2019-05-17,15413658309.182072,16168937212.560188,11924839214.47233,14680013147.68131,5536223001.057042
2019-05-18,14733694768.591694,15551541105.385101,14058711338.438925,14594054390.12666,4119746957.6722455
2019-05-19,14594983404.674156,16863858162.622005,13728101536.97256,15725837310.945724,4452912833.515036
2019-05-20,15953566506.235525,16615960333.46123,14320348595.587772,15583446728.346674,4599361611.78194
2019-05-21,15531046422.489567,16715827198.958607,14641313634.072884,15731535337.0515,4988816839.390793
2019-05-22,15797234954.198776,16626777696.929543,14391911369.037561,14936054191.58163,4368119944.103514
2019-05-23,14950744037.24415,16120545304.264286,14101717865.814137,15332463633.666397,4073830947.981506
2019-05-24,15400140736.624275,16694860946.862886,14761969985.315346,15523129615.022066,4108088871.934488
2019-05-25,15581294858.32022,16268529040.060638,14984800385.68619,15569865755.231869,3341750677.0381265
2019-05-26,15527915639.262972,17308513477.461765,14333000226.462265,16048371998.623844,4517978017.181242
2019-05-27,16071082828.223068,17211518395.82943,15547527479.029846,16435374097.569674,5216856412.827737
2019-05-28,16468341350.892136,17374180200.406307,15723179133.426834,16752559780.078611,4636788460.172963
2019-05-29,16690798951.571865,17700716586.831783,15666600253.329706,16917529471.442207,4791238060.355328
2019-05-30,16933590182.397804,19271798851.087597,15137675039.375326,16323536772.712685,6548475834.377179
2019-05-31,16323393938.073399,17661217364.17071,15593766029.71558,17160862170.251265,5160045662.584932
2019-06-01,17141435376.697674,18076858206.16662,16452722967.74645,17086939475.704704,5215039936.312159
2019-06-02,17142844841.38905,18466536241.84525,16739126649.100859,17676191415.73463,4640455686.410538
2019-06-03,17717030369.49583,18438371293.227245,16020767846.955435,16590206156.367157,5130473327.52504
2019-06-04,16571314979.189674,17231588903.00554,14686683748.304045,15626692411.402267,5449969912.1894
2019-06-05,15711999051.247116,17130442449.2992,15077405493.718323,16078730461.956581,4794347273.160585
2019-06-06,16132040669.113152,16825065450.254093,15097407737.944937,16174614256.22997,4085720596.254601
2019-06-07,16194253496.465319,17563918314.77836,15790602942.943935,16803331599.207937,4217526627.034712
2019-06-08,16801226839.60601,17530063810.877457,16056513968.0446,16708565309.847124,3886349597.4249845
2019-06-09,16705460401.76116,17242058479.880005,15425886095.503601,15990127906.599627,3755369533.40549
2019-06-10,16025581265.539751,17732514421.692276,15528763997.529867,16948678510.886286,4538493609.669825
2019-06-11,16978469802.064936,17394081930.70982,15996797325.962536,16749302277.76064,3783315418.33772
2019-06-12,16767472630.005024,17930219947.207596,16136311596.851357,17234134465.93693,4225280026.038954
2019-06-13,17242619736.02238,18384031793.27492,16558094018.51337,17444081961.615627,4657123686.430308
2019-06-14,17460523892.327858,18733843729.808857,16083950361.469532,17348664257.897274,4774304652.852945
2019-06-15,17363544524.50367,18289535213.33233,16880894037.62079,17537084653.586945,4226244186.2472887
2019-06-16,17557748036.05183,19009811047.130745,16610406024.153412,17746131543.55295,4807472749.158084
2019-06-17,17696778633.632565,19258639420.89251,17026039042.149687,18248790412.86893,3664640693.29038
2019-06-18,18214812607.29064,18851476626.263798,16940643194.377396,17710803265.18039,3764084794.4099555
2019-06-19,19381085346.011707,20411552591.50118,18846026987.66564,19589366122.628567,3147515911.1517916
2019-06-20,19599148310.686035,20480396395.902706,18376241979.97382,19255595412.851154,3375429626.245344
2019-06-21,19284885794.216457,20664643881.781624,18201532309.557926,19428443506.26011,4117761831.352136
2019-06-22,19433544929.661095,21820678235.172585,17829995640.543022,20145625762.084507,6131799361.375555
2019-06-23,20229118240.924866,21958819451.904705,19053789691.662907,20053086712.576008,4439603975.099449
2019-06-24,20017632200.818455,21215573774.330246,19111440226.71374,20337379734.433945,4144231878.7797637
2019-06-25,20622337049.628265,23098262446.127213,19399133353.66678,21425932795.812828,5456828552.101554
2019-06-26,21468570601.531185,25288203123.052685,18344394147.462982,20814317077.93733,8188568090.709696
2019-06-27,20821422509.52751,23194415558.459015,16563788311.180967,18940807466.08085,6900336604.010867
2019-06-28,19027902020.813793,21818115789.31696,17476572019.739235,20280265443.86706,5469047343.672723
2019-06-29,20248883619.03488,22373776110.655704,18667836860.42921,21035452460.12292,5857134111.201193
2019-06-30,20961782805.037796,22409518462.384743,18456372456.85226,19531969694.005764,5094150399.013726
2019-07-01,19451246369.487797,21186749173.9307,17755203186.00663,19616614630.617386,5035082436.680846
2019-07-02,19686443532.154037,21147947317.969475,17238970795.424477,19630986609.9242,5173659323.202076
2019-07-03,19643050324.38422,21616439021.00995,18118508957.379185,20002869291.989674,4433080436.835752
2019-07-04,20017236081.29444,21269348757.82491,18331601432.390285,19534537910.59431,3986677609.2174563
2019-07-05,19481961343.74042,20929760244.10852,18492619274.087162,19783846693.287476,3836832334.4283314
2019-07-06,19788329233.573616,21217746246.068245,18836608105.466587,19795659319.459064,3449263279.4234133
2019-07-07,19778822479.101345,20856283440.879765,19045176538.74881,20034132355.27111,3322345491.342506
2019-07-08,20118049753.049747,21984024128.060455,18419592605.37058,19993938206.439125,3616292631.5308475
2019-07-09,20022376436.536366,21229382969.374336,18396620537.45441,19768826870.00323,3766591975.571323
2019-07-10,19702572441.7128,21257194236.833942,16896782293.605679,18710403389.556763,4363112052.736134
2019-07-11,18733668224.495125,19567602069.657795,16345509407.71891,17594050551.509315,4132377328.4577165
2019-07-12,17693450232.361004,19764050363.446045,16673839998.805511,18323905045.578968,3513544599.834201
2019-07-13,18353126877.54347,19026886407.331116,16565731144.506567,17656517876.94402,3396769353.7547107
2019-07-14,17590229999.50232,18296103465.61838,15229762731.506521,15807057866.400555,3795893093.1244564
2019-07-15,15736992575.624178,17358954563.502197,13991707008.312967,16042900297.100706,4173118174.685809
2019-07-16,16051270081.116032,16855709302.958538,13380431824.323717,13943536667.046452,3883753455.316678
2019-07-17,14016378806.974028,15665879881.6887,13148123348.040556,14711080759.288969,4004207694.6743817
2019-07-18,14787741617.446707,16867312503.797176,13647172485.10578,15788821443.800867,4079918496.472677
2019-07-19,15684776370.305567,16403034607.338776,14494575718.366585,15578590093.58805,3202998392.8134494
2019-07-20,15616168996.851799,17219671546.20436,15049317383.973782,16047761564.581993,2986654570.21353
2019-07-21,16008714781.991493,16715441249.116417,15191393655.848312,15889328561.67568,2725874874.5940804
2019-07-22,15983766304.713003,16743849389.346008,14910168479.06108,15742288241.251871,2876413347.7467227
2019-07-23,15745017946.887499,16462689688.52946,14595344622.46177,15257379078.285622,2897315363.8687716
2019-07-24,15201879841.016806,16085825066.978884,14417500218.709808,15510276593.750849,3117912180.7294497
2019-07-25,15519697700.48988,16406754744.038898,14916223856.967596,15544156726.221062,2777898555.206143
2019-07-26,15565518040.767471,16132185429.743744,14999747260.844936,15720270048.930244,2548579009.932259
2019-07-27,15728243581.078579,16494073039.836927,14445271089.288431,15019293849.946157,2887799453.1273017
2019-07-28,15030357995.306978,15579256212.552252,14140852749.074198,15063264604.520529,2609217680.195406
2019-07-29,15672897978.828363,16788613933.651455,15054756227.368801,15985937749.935392,2592408011.5243325
2019-07-30,15964565506.667536,16926021278.213488,15299659647.549973,16144965718.310911,2293627774.9530454
2019-07-31,16175219542.590006,17225440227.34955,15383954614.122934,16285833695.27192,2500025069.369378
2019-08-01,16273864391.705112,16984916898.468573,15188819855.434116,16079213715.569317,2346991727.8627543
2019-08-02,16106929568.38529,16880619465.924652,15465133933.122252,16034571375.896553,2512081588.6093597
2019-08-03,16069646111.183102,17000199116.312244,15520989367.576174,16178302205.57758,2357665744.986388
2019-08-04,16104933822.98406,16889450468.89549,15373660741.968779,16121242300.015924,2276877934.3443193
2019-08-05,16091993536.197563,17631085555.026146,15035534966.557814,16222702202.70294,3100834084.209578
2019-08-06,16210416494.084833,17236495258.579147,14819077794.914608,15684450728.837364,3127774037.6354575
2019-08-07,15715948712.104044,16859635382.789003,14823571825.063435,15772492530.286646,3016195241.68928
2019-08-08,15736983605.905685,16716132655.581316,14765893084.538685,15640220217.337563,2852127124.2702055
2019-08-09,14268289183.515263,14749758717.795763,13308913529.329538,13813374164.612265,2746741790.842292
2019-08-10,13818902167.940722,14668017023.703,13036192706.49345,13798868809.156742,2749700301.63507
2019-08-11,13811791729.210037,14817569138.102497,13427188332.255138,14298968258.54238,2574980210.339848
2019-08-12,14351440136.803446,14691467614.18785,13599162678.22803,14056792980.521412,2339589257.965115
2019-08-13,14116795855.685211,14678524488.920277,13105891957.354435,13815010261.306953,2484172598.1951847
2019-08-14,13800074249.608742,14503464814.848942,12291379928.114107,12838469481.214304,3159748296.5274153
2019-08-15,12984243661.777542,13886188472.882814,11956621201.09551,13215304107.259533,3251784288.8324623
2019-08-16,13222465686.237219,13778377819.102116,12143399952.937939,13012212065.430332,2718969465.515998
2019-08-17,12986141476.346539,13701485235.547758,12416854402.79395,13037840282.056099,2178108388.428279
2019-08-18,13067468555.874928,13963342389.488432,12771308225.46327,13494227499.643217,2385964628.8840375
2019-08-19,13515128611.890665,14385091539.258734,12914582404.407427,13746716504.776608,2769435551.694379
2019-08-20,13780702816.44837,14136164440.921429,13015557317.494297,13516091822.978148,2980137786.942088
2019-08-21,13526603078.057022,14066295844.711933,12254396544.263697,12969781384.802292,3725754947.4114194
2019-08-22,12956122987.592855,13836756276.706163,12431390883.913406,13350724811.510132,4298027736.86081
2019-08-23,13362160652.371424,14155192318.865173,12875218455.38161,13540863592.721365,3842773978.1851096
2019-08-24,13596388835.125128,14253596435.627104,12815317737.073946,13521480897.593843,3236547384.9791503
2019-08-25,13557309251.515343,14170180076.65704,12830441717.893566,13243352191.553274,2971314912.109252
2019-08-26,13264862831.071651,14100206212.414013,12853305275.73929,13360404157.482954,3478071548.8306613
2019-08-27,13358886118.302744,13728203464.037262,12753053296.658031,13212994669.708776,2949944977.797784
2019-08-28,13422920914.867964,13856105425.621447,12124751712.575539,12609781947.834583,3702161760.8601584
2019-08-29,13384068583.90767,13926744149.258522,12369943599.952242,12910916611.775536,3489073541.856743
2019-08-30,12895819039.188292,13434649829.043875,12422677212.251644,12951568368.954834,2949786888.293171
2019-08-31,12965201665.542845,13271612757.014639,12441530306.537989,12867748213.24197,2624824816.8202457
2019-09-01,12860798113.970884,13344403496.739115,12448645552.739738,12948157447.788115,2412449605.165389
2019-09-02,12917932519.807161,13940082215.318926,12387845425.688965,13240973544.30976,3310560097.8855095
2019-09-03,13271265397.314074,13994147023.48458,12681182666.251822,13248626607.401077,3632574072.0992517
2019-09-04,13245293975.534002,13756267348.063278,12568244198.679573,13045796607.414726,2795056545.8778663
2019-09-05,13089087180.100006,13498981181.031006,12555326519.119081,12967296100.975353,3027888281.732542
2019-09-06,13002631241.998638,13794441636.340897,12158875813.586107,12646658520.177277,3298357624.614
2019-09-07,12714323703.71526,13388195484.9546,12390659455.189915,13003802722.961546,3114822771.4541235
2019-09-08,13025528734.196901,13745961996.049662,12587052421.087496,13228433560.25777,2946543052.378945
2019-09-09,13269608500.376875,13815903774.719532,12583857583.695906,13239782837.90468,3455031755.3847456
2019-09-10,13230410171.822186,13717221961.99892,12485533696.607084,12993957967.467506,3156685078.3901806
2019-09-11,13049537064.57665,13480184927.775913,12353335184.449385,12860374694.82007,3285210094.970926
2019-09-12,12896911440.346912,13692241401.149542,12385546890.118681,13035621148.91164,3225527005.5647655
2019-09-13,13086850089.543812,13504634600.368765,12550639388.60633,13067694300.694986,2875099011.60272
2019-09-14,13055434496.35375,13514448609.554462,12617278382.083258,13178591873.342533,2922001005.127461
2019-09-15,13230553175.61342,13624899123.924955,12893181363.922312,13252291658.867523,2715039472.056914
2019-09-16,13323280509.118317,13703310597.607088,12677096466.852335,13255726315.20252,3300915903.5690184
2019-09-17,13528508252.123642,14332218032.110104,13120721786.865372,13903266658.8818,3498376308.573208
2019-09-18,13606384441.835604,14533082269.56173,13280474875.839315,14002461799.552916,3856768937.7617874
2019-09-19,14024491671.961267,14968627333.528585,12857974970.89935,13963336891.03018,4237772924.224528
2019-09-20,14075187322.89712,14379189635.313889,13325535633.516687,13927442154.63972,3510085403.018287
2019-09-21,14001493600.028418,14311871147.224073,13357080555.914265,13792290858.992304,3187221774.67286
2019-09-22,13715342425.449862,14040141061.064167,13080931052.140373,13524625244.338072,2977717912.147183
2019-09-23,13472365919.061611,13871420468.9805,12693418886.817417,12971870644.837894,3051151211.3828235
2019-09-24,13030678835.469799,13619068166.615734,10228454815.493967,11203983994.985365,5101528012.2094555
2019-09-25,11247742666.797283,12074834627.00398,10667958870.105682,11448763243.015665,4499498977.194044
2019-09-26,11427123474.29995,11815066646.2436,10333633598.540936,11093475867.542662,3562145353.0854416
2019-09-27,11104773123.021341,11675709934.861462,10615545598.919504,11320100919.17491,3337244071.068136
2019-09-28,11357978252.106316,11809780519.37445,10971350793.097052,11438199818.603634,3002449929.5007124
2019-09-29,11395935964.183716,11650061710.228477,10776344248.51536,11218036382.76942,2787147815.531661
2019-09-30,11221101053.323307,11967531691.367535,10625262785.145695,11616676573.959257,3357148700.4022627
2019-10-01,11659914861.018244,12207066813.297022,11170372801.245283,11550656217.192102,2948218101.5826735
2019-10-02,11564304066.116026,12040705833.481,11202591858.707489,11779611824.599438,2600605338.1800733
2019-10-03,11802883941.455982,12105293936.95059,11174577450.618048,11665361241.238558,2632203233.256036
2019-10-04,11701410715.162422,12108996903.655485,11197393842.79221,11784635947.527313,2532229943.8295183
2019-10-05,11808831544.759289,12093899291.89707,11401135775.376627,11845499290.718328,2515905068.4976015
2019-10-06,11853595675.592482,12223792930.950796,11095621386.167944,11500444393.7273,2588124826.680899
2019-10-07,11562722760.69132,12524520538.727943,11245623971.276333,12092803089.303688,3268691065.3725
2019-10-08,12082824934.402819,12728514900.948973,11746718906.561058,12273674473.243368,3068764850.1459937
2019-10-09,12272373187.235643,13566151939.498997,11737798192.047321,12771674182.923117,3972019029.525374
2019-10-10,12780111052.06974,13216025758.091337,11636200439.974537,12674611250.60569,3840115922.7126856
2019-10-11,12699633188.540432,13307592526.288776,11540295347.560898,12316785741.189116,3479694724.997608
2019-10-12,12346809896.201124,12767381333.220757,12089021210.012743,12379876531.83578,2783797954.687412
2019-10-13,12393249828.191303,12894443332.100842,11836015154.93363,12381903042.478024,2782759267.8882947
2019-10-14,12384183633.080938,13000355913.569242,12060448934.290745,12615718771.790071,3156163398.9951444
2019-10-15,12598260371.959646,12983139740.5637,11755183380.245676,12303046525.102057,3404487138.521516
2019-10-16,12337310776.198612,12631049979.196558,11502935025.522863,11976972271.293934,3512441601.231352
2019-10-17,11988976514.958961,12588162035.528694,11688626360.488369,12235798995.145844,3094243834.801242
2019-10-18,12241411405.510277,12583791798.450102,11579062560.205372,11956059463.618227,2987867049.1903415
2019-10-19,11953058977.467934,12358168751.690779,11633935050.722757,12007956562.072601,2518256084.1124253
2019-10-20,11968110922.999432,12708358826.228834,11546746870.730415,12209301963.449926,2825955489.509654
2019-10-21,12179515212.21759,12735732577.04542,11838642705.799913,12227806268.603447,3255652320.0458922
2019-10-22,12246575959.25729,12690149292.270285,11729437634.406006,12023907852.421547,3220794922.4922476
2019-10-23,12047720634.85822,12460229542.56848,10782436127.210207,11482155909.960968,3537051979.7824836
2019-10-24,11492074279.68368,11899629866.536793,11137513856.430492,11613254878.329885,3188011034.4781704
2019-10-25,11589166092.572487,13730380372.763027,10871795143.559467,12707163388.533049,4521307502.737198
2019-10-26,12669784959.121412,15012306018.944368,11357960755.81272,12683189979.912043,6014120622.299032
2019-10-27,12726553256.77282,14481077343.283857,12125623520.977112,13478710251.827785,6179107280.89831
2019-10-28,13504001556.328812,14918089661.200146,12649901957.7264,13256750221.31439,5923177213.839332
2019-10-29,13337790287.98277,14166625191.503872,12683722605.428867,13474432049.73368,4578621917.215995
2019-10-30,13440001727.923723,13984785532.960754,12597889963.200508,13229673534.2378,4597364989.938568
2019-10-31,13287193283.982735,14067122140.356684,12654621034.275238,13384244852.21176,4307589946.915207
2019-11-01,13366253854.982187,13938948260.388554,12941891109.679363,13584621105.213444,3984620027.6990805
2019-11-02,13523472251.106586,14152488189.868513,13260806007.092485,13729607474.545101,3849696079.1762958
2019-11-03,13716058569.123945,14106389875.250742,13208264877.644352,13623935104.802847,3907461064.642412
2019-11-04,13657859674.030174,14588706733.714348,13251829463.708897,13933527508.204487,4429996690.603219
2019-11-05,13963704202.746899,14518311300.61302,13356132439.658678,14012807769.346554,4716711639.482104
2019-11-06,14047157305.441908,14664112439.025934,13708902914.878397,14180796028.505026,4678688172.31925
2019-11-07,14209017403.621382,14715918297.181885,13553617139.2658,14213527786.438953,4739195077.942339
2019-11-08,14183139024.923576,14595208047.49471,13100578470.220688,13743742411.458782,4744118624.044619
2019-11-09,13747850525.788828,14215695221.22829,13461973261.242395,13897392388.049023,3857305764.888351
2019-11-10,13875120466.726198,14785611215.868685,13503847381.382748,14201896480.686258,4326164193.708653
2019-11-11,14196742193.78909,14762245659.259665,13410338455.15115,14038291642.563442,4237410947.478734
2019-11-12,14028502969.340088,14664713989.375751,13517791470.610651,14197103019.474022,4450987595.174222
2019-11-13,14195369540.31614,14833879152.849384,13805307981.313997,14380205931.195889,4318326421.397265
2019-11-14,14378971028.189463,14869106232.666277,13757148543.076212,14268857636.620066,4540333367.155848
2019-11-15,14388012970.830166,14968403064.15491,13468569875.388712,14079101846.285383,4688464313.927546
2019-11-16,14137810181.54467,14514314488.266441,13739148701.939285,14119293905.563927,3800064767.0489206
2019-11-17,14173884878.038948,14620314224.518572,13709558839.251806,14138433024.431484,4002726749.7525525
2019-11-18,14380717238.93791,14868480752.492603,13268563758.142117,13848004287.431858,4471489205.266919
2019-11-19,13770146799.47659,14215369253.85118,13031717962.134844,13747932158.869541,4838866594.835004
2019-11-20,13625013003.9389,14161612171.440609,13061938896.521248,13560527548.802744,4381474939.166175
2019-11-21,13402563005.166164,13746066286.814793,12121190371.497551,12712042809.284746,4379164271.90451
2019-11-22,12675276472.128004,13144087679.72118,10869912615.741774,11965571217.599306,5406106171.580594
2019-11-23,11937418538.443897,12578664472.56905,11472028091.783623,12284408456.602446,4429188944.411357
2019-11-24,12296283666.533699,12540729546.670256,11093146766.225113,11385953880.312416,4403821281.551746
2019-11-25,11390664964.239773,12522645602.24875,10477236731.44984,11673271193.8219,4767156786.560262
2019-11-26,11720942972.645432,12308017697.893885,11313882048.90147,11825857406.24029,3681096897.3635406
2019-11-27,11795492516.893105,12870256918.747995,11029688271.868223,12122760744.473534,4345005359.197757
2019-11-28,12230433105.021103,12891781461.535185,11807963794.450905,12249359956.071922,3985488006.9906726
2019-11-29,12250952834.417067,13220459651.090933,11950970914.66743,12741458219.217201,3965195683.5721335
2019-11-30,12784677861.909765,13099818287.25037,12031423091.906998,12447364828.131643,3714160784.226002
2019-12-01,12322479092.130867,12730007781.92567,11674628821.36605,12213652289.524488,3682087778.760205
2019-12-02,12295721760.824556,12738764736.513334,11650014838.04422,12307990705.968447,3437793981.4362073
2019-12-03,12335459809.502995,12841559327.524063,11922070330.230703,12305935829.484287,3339820612.5488167
2019-12-04,12200211642.20005,13292929647.165894,11432024186.381786,11886714248.572535,3731982039.9419637
2019-12-05,11973709024.143675,12847991477.048645,11458245018.61022,12261631022.437548,3656603328.12019
2019-12-06,12272245955.244328,12976917715.589975,11907581293.988066,12536765016.958937,3645501582.004644
2019-12-07,12546228204.626503,12947576955.449408,12221980551.12025,12508575143.803564,3489929165.2790003
2019-12-08,12498227411.736776,12915053477.740887,12122710074.702038,12592548817.380718,3309599493.6765385
2019-12-09,12576545883.416496,13074283036.54826,11998400927.3997,12346679200.257341,3607714552.39705
2019-12-10,12326951580.29258,12700901740.709446,11452427679.130108,11987615394.525572,4039908430.5069194
2019-12-11,11975983220.395857,12665128422.178791,11630827103.160765,12105398290.131521,3669426456.2400775
2019-12-12,12100343585.882782,12523305234.241043,11579306953.511492,12079900541.84094,3641060179.5598993
2019-12-13,12097040658.102682,12574527162.66982,11825313945.261923,12189187148.706156,3500450375.5774264
2019-12-14,12258496545.55222,12498280156.106068,11701353646.78996,11961988003.141739,3425612046.828615
2019-12-15,11953546759.005476,12496866616.885637,11613557553.790064,12084725683.550955,3484612614.959689
2019-12-16,12088357309.986996,12409849745.535088,11280933453.428082,11627840861.764177,3784528042.004678
2019-12-17,11578107772.235891,11926194368.298517,10483980403.309702,10845485051.233675,4101664798.0258265
2019-12-18,10975440916.391685,12557166621.553673,10407557909.028938,11881714300.586473,5124820354.669342
2019-12-19,11925222641.919146,12316298409.525719,11193015084.988783,11745962375.554686,3889058632.74205
2019-12-20,11756562099.259409,12352402903.128096,11370266928.289745,12027561906.822155,3532909477.9617734
2019-12-21,11951573567.428387,12267771720.878305,11558564539.067665,11925957085.023895,3379701353.121069
2019-12-22,11949003660.63661,12702805289.552101,11564273335.934616,12195909684.545675,3698198250.7488728
2019-12-23,12233855274.603596,12669749241.220272,11472458068.374382,11849721726.423174,3993021302.3031936
2019-12-24,11873998292.079857,12253779261.208685,11455981432.336342,11800504853.87195,3541959334.0249715
2019-12-25,11780690888.434217,12003339720.27581,11377989198.596207,11666825680.204346,3185245443.9389477
2019-12-26,11668984367.318409,12338104361.342846,11324334164.895466,11728860653.719234,3646026618.2866073
2019-12-27,11757098509.849918,12127283640.922365,11325915719.796339,11823654522.369509,3658391124.7067256
2019-12-28,11832612083.54609,12209590718.696228,11561462854.638342,11831932505.57306,3638652837.0374193
2019-12-29,11853635149.623075,12455553612.386946,11555293263.806932,11991983007.562885,3638652837.0374193
2019-12-30,12016280772.931221,12264911097.403738,11603510293.118395,11841216473.30804,3638652837.0374193
2019-12-31,11789121650.904844,12101505046.072487,11410938538.982126,11670908478.233963,3638652837.0374193
2020-01-01,11635515413.804855,12029023824.219284,11489857423.212515,11776227435.566713,3008481461.0176706
2020-01-02,11722854341.83502,11926927591.109037,11185034619.230639,11408450908.768175,3268331115.301103
2020-01-03,11430836185.07064,12353122615.008705,11090546235.198933,11885775688.926344,3875836434.5612807
2020-01-04,11947128356.425966,12396361826.156464,11667901834.274364,12067075661.734152,3538384503.4560547
2020-01-05,12115831140.87488,12581602131.945713,11847077069.584307,12185165651.551262,3811033703.776665
2020-01-06,12168513170.351131,13192056687.182747,11924768517.736412,12733761724.032864,4259156551.640009
2020-01-07,12758871302.133163,13533095415.818405,12053970330.86498,12823706604.477537,4575457142.815458
2020-01-08,12795035877.454935,13588172651.869772,11974167770.238522,12589899467.196577,4499786742.358883
2020-01-09,12670358867.9676,13052695604.10999,12049670914.157467,12487985918.077894,4016675553.5063295
2020-01-10,12598160774.969013,13451194552.408808,12087735498.536093,12993310047.915525,5076277804.465664
2020-01-11,12983462773.650118,13700783056.372904,12518450646.448895,13038239678.025438,5151568502.737612
2020-01-12,13022700544.726032,13582512193.754269,12703613550.897684,13260207390.389654,4680163662.076216
2020-01-13,13207609811.174417,13567074233.024513,12744071479.653265,13165674363.791426,4532818181.430014
2020-01-14,13125922291.135794,15109167967.962914,12654707912.929998,14451556232.653236,8327493198.569246
2020-01-15,14479923606.897144,16659644050.832214,13829046228.917698,15490248912.258713,11084786107.343414
2020-01-16,15454485401.455536,16277754733.670763,14324265334.23166,15372654882.318226,8937242202.296265
2020-01-17,15453809447.637297,17131791607.980272,14681463153.18517,15791825730.203587,11778646847.42979
2020-01-18,17425677477.99498,18033674630.20495,16321060757.193436,16926194914.171911,9047570204.536617
2020-01-19,18486603451.764755,21028962239.304344,14807332077.605852,15769596092.75903,8319367598.078762
2020-01-20,15852042762.191616,16507465286.09934,14916849269.60049,15680678449.6685,7271563748.3023615
2020-01-21,15820218327.554161,16516927717.895721,15275238281.716782,16036088183.4578,6413150800.869209
2020-01-22,16336893523.976595,16868158837.090982,15536825460.907309,15977193149.363628,5947019177.139536
2020-01-23,16330421445.227903,16706079922.099916,14550888939.163364,15108243922.30881,6373263089.59129
2020-01-24,15241265456.216967,16218933290.268024,14543703447.756178,15491244322.917864,6302948759.649759
2020-01-25,15546160081.722742,15904924332.371166,14880648235.675402,15317103584.757936,5090602204.183622
2020-01-26,15359405953.974194,16328875215.454409,15085421575.598139,15992321078.417894,6039263321.980043
2020-01-27,15936534287.44539,17261307301.675293,15515225530.207237,16428735696.479412,8256137345.425296
2020-01-28,16433089572.692728,17682849741.580948,15864180536.353691,16942178327.394035,8824312948.531288
2020-01-29,16964989899.338717,17893261053.330276,16388464731.426575,17122972080.78919,9846293609.874575
2020-01-30,17078734479.494207,18189325090.286728,16496693732.681538,17585417895.400784,9364587260.434061
2020-01-31,17651466772.063232,18294430520.40707,16372204654.012827,17082774835.139986,8178742387.753394
2020-02-01,17375337617.70073,18068269735.576668,16920682057.185728,17557632880.11855,7264879920.079566
2020-02-02,17647748105.141384,18547386136.194958,16937857474.314777,17843843089.69136,7798134748.2163105
2020-02-03,17615553359.71513,18707735962.370358,16986799938.965746,17655575418.500225,7981465200.267685
2020-02-04,17639164111.197567,18789396903.899433,16875167500.435781,18042735565.860744,8083314303.986881
2020-02-05,18016940082.612423,19843320766.790073,17319843955.544968,18823409086.818153,9453893732.296236
2020-02-06,18878317912.984882,20149376620.44533,18049412094.863102,19216328878.452896,10140919792.382318
2020-02-07,19320279671.546566,20433063526.721645,18549333730.880367,19613359311.981647,9708688418.626217
2020-02-08,19624358275.92858,22679333379.652374,18591991107.63962,20308467553.882076,9519556754.00074
2020-02-09,19839401439.464836,20819529912.93498,19340065607.911915,20287585143.608845,9590906111.581589
2020-02-10,21335365217.944004,22837010094.57679,19932752590.39819,21104818929.08315,11334914126.813429
2020-02-11,21238418630.356075,23522161551.25021,19865672229.52648,22498203516.35384,10680644029.22018
2020-02-12,20950287762.13794,22656210393.552338,20503876758.619816,21608171995.73873,11383182043.415258
2020-02-13,21877750146.914677,23212799087.641293,20344651623.13793,21723238557.219734,12825056711.618315
2020-02-14,21805355391.50695,23517360328.16267,21037927444.64875,22703405962.535328,11028939130.931698
2020-02-15,22694090229.6607,23686852922.174854,20081378116.35668,21110144127.704178,11879615097.756704
2020-02-16,21105024733.79284,22181461448.011482,18776664005.366962,20496086481.98233,12500660653.303328
2020-02-17,20503761600.186443,21430522955.815243,18422154800.38509,20265443915.63614,11841872808.061684
2020-02-18,20352958724.114773,22290559419.090485,19446058330.686245,21304068338.477684,9711236365.061428
2020-02-19,21221176488.346947,22227183318.118774,18772258083.651154,19931586444.81001,10031286258.92135
2020-02-20,18472273383.630302,19390944742.97222,17489946403.54679,18593216080.41566,10947778651.026257
2020-02-21,20072399531.747196,21142095459.40771,19550918826.774437,20341856606.71574,9274715782.375313
2020-02-22,20408970702.01926,20888065396.803104,19616928635.080822,20194929051.533215,8774938994.673517
2020-02-23,20207648492.045967,21455912102.620594,19947166426.663773,20865023712.964443,8956151026.196604
2020-02-24,20853829245.524563,21331632629.782238,19171503256.636616,19873195260.729385,9335187847.747257
2020-02-25,19914923042.548813,20313740074.861767,18148929768.55999,18583789430.595448,9475955754.78054
2020-02-26,18534703923.02155,19259173065.730576,16016942872.12244,17164018123.296734,10799572420.262611
2020-02-27,17175249538.3853,18589102718.851532,16215842241.09708,17687671064.81699,9681885853.873644
2020-02-28,15899887369.11632,16533127676.621197,14755237685.281723,15788831747.272713,8442755993.761649
2020-02-29,15841035305.870878,16504204861.07673,15151692270.627485,15474926778.53478,7806043636.598794
2020-03-01,15446202029.6465,16460906075.494896,14880308726.10547,15523644420.410639,7552931568.845702
2020-03-02,15488054864.630754,16914226186.493618,15211061586.63936,16434098973.395182,8978445622.025389
2020-03-03,16427582512.125647,16805057948.393797,15663596588.969671,16169145675.86207,8843156246.046703
2020-03-04,16235229548.475496,16966490964.338083,15730035491.531328,16327561934.42784,7894295352.402423
2020-03-05,16319925130.22041,17510679919.932842,15972241390.242819,16752126807.63767,7524531945.423659
2020-03-06,16791450575.620348,17544485959.234505,16335855377.891085,17106678312.668701,6675626231.386137
2020-03-07,17174786697.934793,17743818256.715355,16133937494.005322,16508772329.53947,8532910191.201143
2020-03-08,16534193143.865826,16893276308.256804,14113873429.562538,14565850735.190214,7444102616.04529
2020-03-09,14588168369.933157,15443655669.337307,13447516646.422619,14517134458.110714,8229353973.364578
2020-03-10,15056265729.32249,16087817797.053663,14441617478.405966,15312751340.23096,7252002398.693427
2020-03-11,15080455208.931019,15731415163.346754,13908861886.015417,15045707250.209993,6895385785.040057
2020-03-12,14874579076.563208,15593931694.562035,8566001033.583233,9617423302.334045,8394736367.012862
2020-03-13,9022574140.7,12181170444.820385,6728017215.521021,10910841390.791897,10894254660.58752
2020-03-14,12007264224.284302,12605462991.607063,10622705325.291172,11184231605.602646,6482347931.004154
2020-03-15,10393951993.633556,12253923562.824945,9872602327.859926,10643565821.61281,6235522878.862217
2020-03-16,10756692042.939003,11050013514.752972,8555449314.193391,9874871331.747145,7040493210.683774
2020-03-17,9223064304.285849,10796613947.827652,8831554210.148474,9969064351.886858,6073181921.75236
2020-03-18,9831192485.222027,10907578530.94705,9008756096.811152,10305818532.844494,6649773141.666307
2020-03-19,10198888284.263744,13287348334.142656,9541428004.865974,11476051820.381979,8941851616.461437
2020-03-20,11556245160.466946,13746767536.948374,9991369723.005459,11350663979.441957,9261894836.51712
2020-03-21,11360422260.292257,12214938415.44541,10443867992.225842,11327543905.753107,7419799372.178706
2020-03-22,11348849468.297667,11963611077.137869,10074581966.620838,10410344397.427847,7258788554.558743
2020-03-23,10418226203.619255,12038545849.718836,9883779723.799337,11413960665.58265,7752519397.405396
2020-03-24,11467164121.341228,12617058339.691816,10901721248.279001,11752541799.988129,7486694810.945832
2020-03-25,11734044895.280987,12486923416.403452,10848496222.60321,11570587425.067936,7470849964.125052
2020-03-26,11608212272.985374,12230342470.009968,11111119858.916327,11926593773.268908,6511157422.453588
2020-03-27,12242123479.619236,12919980208.740437,10920555862.71547,11461518027.722048,6782818253.040972
2020-03-28,11616296080.016563,12061659917.849415,10674691159.056284,11480756953.040651,7206686547.6658325
2020-03-29,11667768829.599333,11971399449.914383,10688184973.571283,10955511535.102592,6330494895.291617
2020-03-30,10929736264.946972,12480498953.67909,10631304363.998634,11727881294.727983,7004224959.300451
2020-03-31,11738039272.19251,12989653374.116955,11426726616.065403,11869485257.363274,6554515511.205851
2020-04-01,11895141952.43063,12657554504.927223,11165002026.222143,12133411787.165659,6933688083.162414
2020-04-02,12160452835.81328,13419424657.176302,11655457406.612734,12319696839.415222,7819736503.899183
2020-04-03,12390879561.765148,13201656847.691423,11916520582.463573,12453292984.326847,6929263850.847473
2020-04-04,12441799143.384275,13180214052.227892,12066657462.725716,12708445067.508705,6410218288.518216
2020-04-05,12767786865.196083,13009646604.500809,12108293446.277779,12485566984.656672,6152559317.85242
2020-04-06,12497387063.324352,14198297147.973637,12269017634.721859,13842398804.236158,8301472930.585814
2020-04-07,13621927154.447407,14634322026.501963,12948303621.485495,13627533039.678175,8312067123.325587
2020-04-08,13451531709.96077,14661377942.605453,13166689550.400648,14235800222.023954,8402586367.320762
2020-04-09,13971847712.845095,14667095371.709736,13310324869.155533,14216741915.33934,7530611938.313251
2020-04-10,14035343823.881004,14453269379.926609,12488077247.540945,13240815229.570807,7836218563.71795
2020-04-11,13273611130.752035,13663977252.062725,12902468647.675203,13251847790.21138,6577997376.984125
2020-04-12,13277661037.23441,14030976235.617676,12824120213.097645,13192799932.056536,6920987539.132198
2020-04-13,13266055321.612759,13674332389.975199,12289197483.01897,13041505455.5397,7084993441.128577
2020-04-14,13168614725.343412,13691686107.826868,12719188906.217949,13128676653.897934,6590201470.579636
2020-04-15,13963168288.493954,14365472312.066694,13225647548.799202,13481165899.216335,7864067285.016369
2020-04-16,13678174743.632496,16149647045.087175,13080147335.74581,14415909423.090021,9524822101.719023
2020-04-17,14491225068.47244,14909393667.170218,13877011926.967937,14360032713.999418,7850142958.732723
2020-04-18,14476008962.617428,15334167169.634417,14050617800.135546,14869554029.256075,8654495632.945961
2020-04-19,14900800245.942389,15331164985.186241,14231697967.918173,14749888730.445194,8685315501.283035
2020-04-20,14698421979.7092,15196468015.23591,13757468443.829607,14116446403.87174,9244627733.545048
2020-04-21,14082501212.895512,14560822772.618614,13794973258.367918,14151719361.482145,7373031741.876917
2020-04-22,14146697047.988098,15052880775.632774,13944250385.268787,14715989839.794765,7378625941.227049
2020-04-23,14650194273.101711,15987852048.925457,13948139967.611244,14875303976.04342,8107629995.666588
2020-04-24,14933991263.239094,15909139291.410912,14547588526.303112,15296260731.19767,7718030729.720783
2020-04-25,16426988696.276995,17575643776.10252,16074388739.599405,16808080871.899395,8062263174.650455
2020-04-26,16822110135.625381,17630909039.703545,16325874759.178593,17093090214.681574,9123613697.617086
2020-04-27,17246906587.713394,17778803410.82743,16468388887.058825,17134297994.092857,9472945596.304876
2020-04-28,17233958711.88089,17937841016.26459,16465845149.330877,17427383358.422066,8409012525.295353
2020-04-29,17376717331.17797,20219582558.738297,16280679303.660622,18583091172.65129,12415835758.388767
2020-04-30,18686266211.300503,20368465048.45061,16966665410.295883,17860323986.950645,12840062923.666574
2020-05-01,17849901256.797527,19364215882.14149,17181213774.3081,17999951216.329266,9492677183.919682
2020-05-02,18151445368.374546,19063713927.98229,17549549805.22572,18365310046.956787,9140053256.268097
2020-05-03,18360545881.787823,19040324157.25189,17416657994.325535,18038643028.56528,9379596326.228516
2020-05-04,18061623438.71157,18607409157.226383,16842980621.461742,18034572713.970993,10399253153.494043
2020-05-05,18212695308.891026,19084429123.90407,17604527895.054295,18415446238.830807,9372469597.723276
2020-05-06,18339721477.486515,19558949170.091488,17504348634.60135,18136664230.96741,9395104203.150187
2020-05-07,18159283473.39328,20209563056.757065,17129402663.93042,19032540435.331085,10825797488.905752
2020-05-08,18934436499.827297,20284762273.646202,18123127775.772636,19198384854.773426,10695176576.718903
2020-05-09,19262141705.2258,20198863378.131725,18405436830.295017,19048334903.575066,9905633998.662224
2020-05-10,18982613687.41275,19943386479.836212,16135001253.420212,17744377388.6556,11131873418.572317
2020-05-11,18419575357.75335,20098999111.929012,16758926522.611166,18124847653.60124,9732417997.033787
2020-05-12,18179426717.97636,19594160276.521145,17553850080.873856,18688520155.938965,8089187195.154583
2020-05-13,18711402734.31699,20215540350.060604,17990588915.32277,19310408729.489326,7938557985.549686
2020-05-14,19247285002.910282,20936104026.768314,18188228755.300972,19510030818.976376,8619255550.546032
2020-05-15,19567344337.72588,20494838919.89983,18022897976.90535,18985747452.186592,7787197471.786181
2020-05-16,19011576642.544598,20061561503.925068,18423679461.169334,19212502646.64903,7045714204.886696
2020-05-17,19340109845.460083,20702767155.410286,18658139407.743965,19471717595.498753,7039217974.371911
2020-05-18,19541153428.889633,20724061921.907368,18485080986.897797,19611118887.648014,7255335320.68968
2020-05-19,19071442369.871826,19906166069.277798,18231250124.915894,19234675464.491955,6647352212.534268
2020-05-20,19205308460.986687,20079234717.09273,17765167516.03564,19087938780.773533,7205069199.179206
2020-05-21,19079390344.669743,19991181256.50855,17429019855.466415,18419677502.46471,7589550584.276566
2020-05-22,18310604780.846115,20024987789.075153,17784147878.175575,19170680661.51366,8081124382.291011
2020-05-23,19213038879.78061,20076279116.33878,18509730941.19263,19155308096.33718,6294003417.946793
2020-05-24,19188032998.491417,20240161977.586723,17973548437.943825,18565181821.51058,6764421927.158593
2020-05-25,18533784754.682827,20052973219.291023,18136997696.704838,19291909694.759205,7039735216.906886
2020-05-26,19414848405.696995,20225210922.52481,18647625709.22567,19375536143.027454,6538277076.994438
2020-05-27,19435825552.06259,20662061013.191322,18580697066.583607,19629111540.16771,6464935239.677312
2020-05-28,19641129579.345013,20778523677.101933,18858000497.745247,19983155704.43734,6294583937.275105
2020-05-29,20091596908.114582,20898775862.423946,19315677434.984962,20118498615.322865,6413648626.513895
2020-05-30,20112147946.545288,21816118248.00068,19561042576.486183,20834956259.64189,7149155856.521241
2020-05-31,20797889640.770153,21527975038.391293,19669107535.0151,20263793561.2988,7129742574.52001
2020-06-01,20743900000,23476000000,20038500000,21926500000,8082750000
2020-06-02,21965600000,23135300000,19745900000,21390800000,7842670000
2020-06-03,21373500000,22369800000,20684100000,21834400000,6028300000
2020-06-04,21871500000,23039200000,20862600000,22116000000,5874620000
2020-06-05,22051700000,22969800000,21242000000,21934400000,5721730000
2020-06-06,21938400000,22808300000,21394600000,22242800000,5141100000
2020-06-07,22221000000,23034900000,21075100000,22353500000,5585540000
2020-06-08,22195400000,22891300000,21447300000,22247800000,4767000000
2020-06-09,22293300000,23469700000,21427400000,22646000000,5044410000
2020-06-10,22603600000,23852000000,21580800000,22887800000,5525940000
2020-06-11,22902000000,23819200000,20336300000,21083700000,6443650000
2020-06-12,21165700000,22743300000,20777400000,21972100000,5703360000
2020-06-13,22018100000,22633800000,21295400000,22077600000,5010700000
2020-06-14,21976200000,22433400000,20801600000,21392600000,4720910000
2020-06-15,22018800000,22896600000,20314900000,22167700000,5813260000
2020-06-16,22158800000,23126700000,21645800000,22496400000,4978330000
2020-06-17,22456200000,23231500000,21547000000,22517900000,4888220000
2020-06-18,22496900000,23187000000,21538500000,22258000000,4600080000
2020-06-19,22203600000,22912900000,21409700000,22100000000,4608730000
2020-06-20,22048100000,22784500000,21299800000,22166500000,4419570000
2020-06-21,22137800000,22808500000,21639700000,22081900000,4254570000
2020-06-22,22258700000,23943100000,21755700000,23068800000,5228160000
2020-06-23,23061000000,24205400000,22395300000,23338200000,5263450000
2020-06-24,23339800000,24111800000,21943900000,22691100000,5040620000
2020-06-25,22669600000,23197500000,21525000000,22516200000,4254560000
2020-06-26,22535900000,23184200000,21555900000,22304400000,4336930000
2020-06-27,22309100000,22825700000,20594900000,21418600000,4345660000
2020-06-28,21434400000,22584700000,20890400000,21915600000,4112420000
2020-06-29,21965400000,22984900000,21377000000,22347000000,4249080000
2020-06-30,22274600000,22821600000,21585700000,22158900000,3662480000
2020-07-01,22251100000,23180500000,21651900000,22511900000,3968260000
2020-07-02,22657400000,23366700000,21450300000,22298400000,4050680000
2020-07-03,22384600000,23351200000,21818100000,22609100000,3791950000
2020-07-04,22585500000,23749800000,22186100000,23116400000,3954220000
2020-07-05,23092100000,23768500000,22010300000,22968800000,4681480000
2020-07-06,22997600000,24815300000,22595900000,24096100000,5401710000
2020-07-07,24094300000,25464500000,23408200000,24614400000,5135310000
2020-07-08,24050500000,26057600000,23564700000,25287200000,7540340000
2020-07-09,26013100000,30486900000,24051900000,25374800000,6182530000
2020-07-10,25430500000,26195500000,23844600000,25132000000,5014690000
2020-07-11,25231200000,26460800000,24536600000,25603900000,4613130000
2020-07-12,25589900000,27112400000,24758900000,26204300000,4864710000
2020-07-13,26382600000,28042200000,25244100000,26019300000,6665290000
2020-07-14,26064700000,27431700000,25004200000,26735900000,5803230000
2020-07-15,26746600000,28042500000,25865700000,27035600000,5351060000
2020-07-16,27103300000,27951900000,25200300000,26605700000,5792970000
2020-07-17,26652600000,27843500000,26027100000,26962700000,4575060000
2020-07-18,27002700000,27980100000,26110200000,27120300000,4428410000
2020-07-19,27168200000,28279700000,26288600000,27319300000,4080720000
2020-07-20,27293800000,28072700000,25788800000,26395300000,4449140000
2020-07-21,26404800000,28211300000,25559400000,27115000000,4902860000
2020-07-22,27167500000,28696200000,26363400000,27668800000,4559670000
2020-07-23,27840800000,29184300000,26805800000,28036600000,4810620000
2020-07-24,28054300000,28635200000,26775700000,27393600000,4411220000
2020-07-25,27384000000,28789900000,26902800000,28026900000,4585840000
2020-07-26,28125100000,29731200000,26532900000,27793200000,5150830000
2020-07-27,27744300000,31277500000,24474600000,27572400000,7181420000
2020-07-28,27605300000,29532900000,25804500000,28016600000,7174900000
2020-07-29,28021800000,29748500000,26772200000,27890200000,7174900000
2020-07-30,27897800000,29390200000,26845500000,28305000000,7174900000
2020-07-31,28373400000,29853200000,26634300000,28081900000,7174900000
2020-08-01,28069000000,30835500000,26944400000,29833000000,7174900000
2020-08-02,29861600000,31920300000,25750100000,28561300000,7174900000
2020-08-03,28564500000,30902100000,27703900000,29486200000,7174900000
2020-08-04,29498500000,31327600000,28276300000,30090000000,7174900000
2020-08-05,29856800000,31733300000,28307200000,30083100000,7140780000
2020-08-06,30096100000,31879600000,29091000000,30784400000,7140780000
2020-08-07,30764000000,31964400000,28399500000,30277800000,7140780000
2020-08-08,30282000000,33456200000,29563400000,32272100000,7140780000
2020-08-09,32309000000,34748800000,30849600000,33148700000,7140780000
2020-08-10,33158500000,35880300000,30850100000,34088600000,7140780000
2020-08-11,34117300000,35300300000,30416100000,32474600000,7140780000
2020-08-12,32515500000,36349400000,30821900000,35226000000,7140780000
2020-08-13,35271600000,38328200000,32971900000,35824300000,7140780000
2020-08-14,35901400000,37945100000,34339800000,36203300000,7140780000
2020-08-15,36191000000,38849500000,34541700000,36967000000,7140780000
2020-08-16,37134000000,39435300000,35679200000,37941400000,7140780000
2020-08-17,37921600000,41186100000,34844200000,37198100000,7140780000
2020-08-18,37135200000,39053700000,34132900000,36334200000,7140780000
2020-08-19,36285300000,37916300000,33160900000,35099800000,7140780000
2020-08-20,35109300000,38148100000,34222400000,37073600000,7140780000
2020-08-21,37054100000,39750200000,33389800000,34771500000,7140780000
2020-08-22,34681200000,37960100000,33200400000,36741900000,7140780000
2020-08-23,36790300000,38473700000,34874100000,36868800000,7140780000
2020-08-24,36928600000,39206000000,35650000000,37559900000,7140780000
2020-08-25,37589100000,38518000000,33520400000,35571900000,7140780000
2020-08-26,35569300000,38015000000,34472000000,36353000000,7140780000
2020-08-27,36391700000,37559000000,33354400000,34863100000,7140780000
2020-08-28,35798100000,38042100000,35112000000,37055400000,7375340000
2020-08-29,37109100000,39414800000,36048400000,37860200000,8966090000
2020-08-30,37880600000,40252800000,36870500000,38412100000,9400900000
2020-08-31,38394000000,39805800000,36641800000,37690100000,8495540000
2020-09-01,37721300000,40201000000,35153000000,38217500000,9650120000
2020-09-02,38264900000,39106000000,33737800000,35883100000,8810090000
2020-09-03,36083300000,37162100000,28737300000,30300000000,8667850000
2020-09-04,31464500000,34722400000,29581000000,32974900000,9889180000
2020-09-05,33027900000,34388200000,27933100000,30085200000,9686780000
2020-09-06,30145400000,34158100000,28423600000,32012600000,8583120000
2020-09-07,32040600000,33282100000,29267500000,31880300000,8848850000
2020-09-08,31946300000,33139800000,29574400000,31043300000,8301480000
2020-09-09,31080900000,33618300000,30124400000,32433500000,7474810000
2020-09-10,32576400000,34997900000,31878600000,33302700000,35608900000
2020-09-11,33338200000,34541900000,31916200000,33702000000,33758000000
2020-09-12,33743300000,35339900000,32690400000,34486600000,34936800000
2020-09-13,34572700000,35899800000,32012400000,33294800000,33942500000
2020-09-14,33477300000,35432300000,31882700000,33709700000,15700700000
2020-09-15,33790100000,35246600000,31458700000,32211100000,8824840000
2020-09-16,32223900000,33839000000,30736800000,32441900000,8852640000
2020-09-17,32583700000,34568500000,31308900000,33131100000,8813230000
2020-09-18,33294800000,34617900000,31632700000,32843700000,8836760000
2020-09-19,33075200000,34628900000,32000300000,33381900000,7409060000
2020-09-20,33400400000,34694400000,31469500000,32572500000,7908580000
2020-09-21,32766100000,33875800000,29118000000,30292400000,9985420000
2020-09-22,30374800000,31981100000,29409000000,30994500000,7400040000
2020-09-23,31065300000,31836100000,28426300000,29071900000,7772020000
2020-09-24,29305500000,32769800000,28674500000,31876300000,7683230000
2020-09-25,31845100000,33792500000,30760600000,32812700000,7981640000
2020-09-26,32888300000,34122700000,31805400000,32900800000,6661270000
2020-09-27,32982700000,34054300000,31757200000,33128000000,6552000000
2020-09-28,34055730179.583523,35787218185.34191,32781536666.6256,33781894503.32836,7155076484.698093
2020-09-29,33798652307.583775,35304977258.02643,32671343796.611732,34201572106.2449,6969922408.485269
2020-09-30,34126077330.26018,35294333538.68573,32831718718.973873,34259739947.242947,6251108330.988886
2020-10-01,34273377772.9983,35930303549.51277,32426299429.42597,33764148155.408455,7591418037.273309
2020-10-02,33710236039.92183,34363203103.18424,31092139909.12106,32694144489.26423,9573029832.449356
2020-10-03,32724447620.668667,33786864870.300003,32083218924.006256,32854771087.104504,6459748949.672531
2020-10-04,32743302249.109077,33701073895.999146,31813677252.553425,32933231547.444706,7098841604.72141
2020-10-05,32959221111.43172,33822804302.085724,31858818566.508274,32768930220.76777,7275771464.892034
2020-10-06,32500431216.281216,32995441871.216904,30087074430.82793,30583056324.72896,8447565958.67907
2020-10-07,30559866880.026276,31707049716.186325,29532702449.182976,31077041233.30352,7947461953.888974
2020-10-08,31154600354.84517,32653754930.785122,29822766840.3973,31800227987.577057,8652049415.06122
2020-10-09,31818701064.314995,33962277518.31783,31078162086.94859,32972251412.157047,10738377669.687227
2020-10-10,32928362577.12599,35102010489.56708,32126060345.05395,33334210744.684296,9637812210.89105
2020-10-11,33272828252.76896,34702795741.0738,32306193264.885902,33619661306.154984,9498789068.372023
2020-10-12,36477485430.99616,38505926493.77143,35273371131.42452,36947221277.76967,10002790781.127672
2020-10-13,37107347844.85772,38127286357.20522,35706964481.02656,36696138818.61164,8612755174.981913
2020-10-14,38876661760.07047,44659347397.11418,36561818008.333984,37756828496.87766,8433758861.466805
2020-10-15,36381809005.74813,41787889033.31434,35030572456.22177,37060608209.76792,9331149655.850264
2020-10-16,37278496778.497375,38337435424.65577,34963867197.18254,35979286004.611824,9943484513.163689
2020-10-17,35935133838.49496,37171965282.36683,35080088143.99391,36142294407.91314,7643436680.55723
2020-10-18,36213921415.41455,37739523390.56597,35396302911.76255,36641809966.18289,8590793563.91861
2020-10-19,36642299441.65663,37885995924.6397,34715999440.49196,36092228472.98921,9250693560.29083
2020-10-20,36087729597.45709,37355551581.81475,31045455682.435173,35026815200.81703,7256401893.254308
2020-10-21,35133248620.6379,38911815475.32157,33237170297.07109,35830839646.645584,8268085301.070664
2020-10-22,35964910557.14669,38459603452.829796,35023625525.50027,36765874059.59281,7430059271.5312395
2020-10-23,36688183432.46652,38273437426.81214,35253818715.74345,37001498124.24996,6985525431.734007
2020-10-24,37028256138.65291,38690568370.23209,36128493377.67521,37701339520.59361,6106239897.589076
2020-10-25,37665560484.40359,40101355747.97045,36144080602.50737,37864999388.87799,6831672365.660669
2020-10-26,37947479113.35081,39233821283.90929,35459682049.219,37044608825.6081,10881764336.429508
2020-10-27,37210557748.49797,39782421098.793594,35551687092.608955,37397093211.017845,7689860197.993407
2020-10-28,37373314043.59341,39429942278.78271,34364680823.28301,36561708730.058655,7666326986.159721
2020-10-29,36781228228.71728,38834166472.94992,34224466564.97753,35926169045.67285,10051854251.874166
2020-10-30,35942305639.16288,38251703616.99126,33584220352.69909,36291315113.62047,7591641208.213688
2020-10-31,36303462514.99208,39782324813.51486,35067983381.30681,37562426143.16855,5927533152.203286
2020-11-01,37524191235.886,44524927402.11676,35769454015.17947,37904668371.91571,5404296786.199782
2020-11-02,37909557728.61306,39269672578.73251,35212497768.63206,36690347455.6257,6969326064.209328
2020-11-03,36600096564.91314,38072761551.06255,32942265885.42362,35585723392.88241,6657633977.154139
2020-11-04,35531938699.98938,37455272693.44828,33133631547.583965,35810083271.69278,7232184835.397773
2020-11-05,35914607968.83988,39708356204.97704,32263042053.304855,35681099166.01011,7203599618.177964
2020-11-06,35667049654.00587,39758149543.19847,33858946524.167526,37769986577.943535,8046755783.329318
2020-11-07,37886736384.20144,40553828457.44832,34120622440.83074,36304411254.14375,9878971012.72305
2020-11-08,36251003246.74994,39199361491.3173,34493334589.579094,37069596447.723976,6412594390.253181
2020-11-09,37090073431.94375,40285167554.55059,34852570805.15755,37990951640.78483,6891600465.536891
2020-11-10,38150167109.83229,41162258109.73238,36282550597.43608,38574659785.77906,7660646766.429473
2020-11-11,38515929656.51021,41908601509.56012,36575606780.73413,38752789936.85298,8314654626.59196
2020-11-12,38742811925.077484,41013639736.52163,36326466364.11117,38521344602.57302,7780120616.107507
2020-11-13,38648563313.93363,42557243165.4926,36970275339.596924,40264678771.53153,7711571168.544121
2020-11-14,40225358448.40018,41492409028.57049,37528121371.926704,39470836097.64731,6914826599.753197
2020-11-15,39519604840.18693,40914644712.68498,37496042908.80842,38655800265.02939,6958804209.541533
2020-11-16,38510956136.75305,41742565331.51915,37088301913.77828,39488470426.898186,7496347963.000192
2020-11-17,38543070057.44427,42381177426.30853,35794114820.53504,39295794178.82157,9122506230.516197
2020-11-18,38766751201.42685,40909878110.97829,35205907456.59352,38005796979.860435,10969076635.124636
2020-11-19,38047615172.4819,39857801003.49304,35795408165.44088,37965925693.39074,9406434523.151623
2020-11-20,37970435880.72275,41228681694.2454,36234932906.225334,39070660608.72352,9982016383.862461
2020-11-21,38902097352.94259,42498480407.79206,37314339614.5063,41115223499.81365,12287454437.752264
2020-11-22,41181543846.3695,42638927762.71012,37012263842.72438,40057002752.54853,12482633604.4066
2020-11-23,40781099237.43924,44214850700.30279,39217019047.2949,42611534423.87339,12371921086.785414
2020-11-24,42718702217.06969,47448054513.8185,39730138355.66483,43898686602.32949,17348696062.15301
2020-11-25,45330330913.15046,48810478137.53037,41802131248.83281,43798459502.1757,15438529433.811613
2020-11-26,43892756973.54481,46302765955.12666,36391263991.08752,40764183469.0453,17623988202.130688
2020-11-27,40872737211.82749,43171277241.78054,38235247216.42897,40846432582.72099,10224518106.612589
2020-11-28,40886231585.46488,44525459530.83615,39287132067.40097,42197895324.45251,8605719703.28129
2020-11-29,42107519235.76891,44248078436.54515,40447116894.831856,42703023853.447365,7842739292.423107
2020-11-30,42785516959.86782,47085014677.01659,40723283840.59146,44401509936.10921,10545431452.56885
2020-12-01,44243646712.23594,46515205740.77203,39915630783.68285,42504382526.6826,12410619737.963444
2020-12-02,42650463056.55833,45866656875.86086,41043247124.98297,44399169820.43944,10204995616.946833
2020-12-03,44399753423.08366,46932165973.69158,42628829420.7766,45046453360.24086,9157755737.781815
2020-12-04,45116996486.037186,46959560632.272224,41573119518.38674,42768184505.45077,9469905522.443604
2020-12-05,42592154232.61661,45309238939.89673,41665822754.98984,44519338189.63556,7751621250.197233
2020-12-06,44578204091.90732,45740636019.17265,42656866494.3039,44308279440.7239,6802152768.218061
2020-12-07,44254547098.34911,46046694296.60797,42616839246.187004,44332801306.90844,6958630160.605085
2020-12-08,44857002844.057434,46259424992.857704,40944005549.67564,42510665344.8532,8220420139.313988
2020-12-09,42724885977.27796,45576205991.9343,40342987914.4533,43857737954.30258,9162421320.289358
2020-12-10,43078477333.631645,44280480840.00131,40786428979.57643,42145085062.79714,6779840217.044829
2020-12-11,42113917746.162125,42998348003.00483,39559150530.33589,41361180996.53752,7083767212.665809
2020-12-12,41397051594.74844,44520579776.44547,40777384066.38744,42965532183.75602,5646652841.70787
2020-12-13,42673502000.6177,45089067102.52933,41635606877.020996,43667931981.44691,5944639166.322173
2020-12-14,43890263525.98168,45298534986.19826,42505517640.53064,44083235646.28836,6012852765.063842
2020-12-15,44206368401.25625,45779389781.85699,42634073965.00523,44411628219.07413,6784749173.858987
2020-12-16,44204138317.165665,49473455922.18587,41764358321.782394,46218615742.010086,9551860178.314737
2020-12-17,46306362963.750885,51232977403.3345,42653648703.04428,46476199939.95516,13724318961.894766
2020-12-18,46413365329.64722,50727582542.97699,44638050805.048325,47536062202.273506,9641519031.362926
2020-12-19,47543015660.4734,51289670477.78945,45438251617.22958,47908864028.533,9271175658.40826
2020-12-20,47897316615.05635,50115343657.23705,44923288488.17897,46795369186.49922,9293114436.3396
2020-12-21,46655091639.72451,49682974935.183846,42334994063.6475,45424511838.46573,11385730581.680023
2020-12-22,45410061104.77939,48648455174.75742,43005113348.70212,46477768342.51653,10773031262.437357
2020-12-23,43582823676.54036,45609392677.33883,36631020196.218765,39708213031.70061,11772500234.96381
2020-12-24,39490542113.4333,43702436142.56785,37741678018.26434,42625159545.02708,9995064778.02197
2020-12-25,42448567799.923,45731119461.81917,39987925290.67345,42889063500.024284,8805384180.370577
2020-12-26,42897901016.62911,48167146677.18291,39804585339.808685,44054071485.212814,10070152094.855776
2020-12-27,44175388293.797424,49220717097.10271,39949197810.8792,43632471624.842896,12396248678.323025
2020-12-28,43731229155.16124,48576398979.99123,42199611412.06705,45978218606.9284,10643318860.213118
2020-12-29,46084273430.02559,48461691389.810684,42026744769.884964,45924901481.701614,9991404776.192461
2020-12-30,45804390419.7903,49724503269.60155,43217285542.58021,46411998697.74172,9443773744.677925
2020-12-31,46341139612.519264,50924649652.53745,43286983478.94587,48937797639.47568,9639117147.564718
2021-01-01,49184758992.963554,52757959030.671684,45616703931.26649,48771490802.48371,10936004102.956942
2021-01-02,48543460909.77906,56926079076.30027,43399047083.214134,49827960033.44218,15746681075.740099
2021-01-03,49997264968.43072,57071465731.77777,45420975805.82423,52086435998.29697,18683707779.21351
2021-01-04,56645610924.9066,63601583150.176636,47737114976.19659,57540544385.18098,23300688005.88807
2021-01-05,57358098116.70592,65626837829.91885,51761770374.9976,60239885850.61514,20624199646.43889
2021-01-06,60122747109.08456,68727905650.40657,55837052349.085556,63327454260.74381,23087673076.618835
2021-01-07,63846307612.39899,72830448537.24706,57901279591.90116,64211514104.91109,24938906358.92041
2021-01-08,64396740332.22449,71005245390.43721,56050787583.99601,64403463097.47589,23611996011.74022
2021-01-09,64664833438.73296,71611441496.65796,59733136385.189,67536626706.99039,21640663363.436317
2021-01-10,68160059768.78341,76323169864.12982,57371822891.23566,67961711369.45803,30480742888.112724
2021-01-11,67853637554.66103,71126499617.98007,51811474099.35891,61888216672.27224,35099183080.57826
2021-01-12,61774232564.51883,69093742931.54881,56383133004.455246,61982316526.933365,23027594516.208805
2021-01-13,62010128624.55031,71658725740.5994,57219601094.62754,67124399002.86147,19729733761.762913
2021-01-14,67429406333.45901,74841309915.84433,62794519738.66847,69142876388.55191,19398320741.781696
2021-01-15,69452795330.12918,76228755147.52686,60963225598.3769,69204326852.316,25902461725.592594
2021-01-16,69110804045.17754,77563385697.59505,65521618863.83201,71396175299.60234,24569521895.528305
2021-01-17,71610327533.72112,77824502410.55496,65923471372.64448,72618352675.43915,23012577201.671535
2021-01-18,72723373549.9713,79949927442.9203,68687290424.00663,75264829019.57382,21926372054.965923
2021-01-19,75520909317.88263,81230867433.59341,70482308009.24326,73278380208.31952,25167540627.29044
2021-01-20,73380844880.31905,78808193447.06845,66961488003.26422,75086056139.46735,25661142121.43908
2021-01-21,75227514332.28387,78859506542.76622,62688342585.15285,66115152332.76741,23236968230.958225
2021-01-22,66085002923.891556,77147682290.80269,60417072641.45784,71671658384.90909,23688236510.463245
2021-01-23,71864116108.10652,78130478586.70206,68432880687.44353,73461910524.75653,18966140748.562416
2021-01-24,73821758937.20137,76818731460.60349,70074425632.62422,76903890802.18787,21158974727.43712
2021-01-25,76922772861.88982,85216363272.45972,71266276422.7701,74893722453.97902,23067525186.425655
2021-01-26,74808689986.56534,80954293504.0703,70310480969.38934,77263061805.76228,23344516387.826954
2021-01-27,77347436914.55647,80783487392.41472,68072514121.100494,73601923468.48293,23294615581.589066
2021-01-28,73778267137.07822,89372748077.74019,69905276481.15572,82594419335.24585,28915984964.509388
2021-01-29,82887877652.38858,104915480637.13293,71482031182.46025,85297756954.94008,50848960270.24153
2021-01-30,85326807877.42535,93121571058.65686,77225552100.54245,85659630897.48102,29273533509.98235
2021-01-31,85715436493.43355,95138709236.37521,79067321014.44164,85664169351.35,29958124558.167797
2021-02-01,85440771519.24214,94468795185.91182,79537030875.57452,88598670139.3221,27704142277.115265
2021-02-02,96161262937.31598,105296260048.48996,82571962571.72682,90481050316.07481,23598112064.475346
2021-02-03,90450824186.6708,102383306390.60036,86337057321.10645,97079867498.0236,24705982269.24363
2021-02-04,97269925058.8088,111618332301.35284,90319963864.1809,101713965527.51398,40063728940.45468
2021-02-05,102669580975.91963,118508375181.94305,97524490382.40509,110520741170.48997,37078056587.19847
2021-02-06,110593646844.81976,121092443144.15517,98583898634.9096,108321489571.2752,33049691937.46325
2021-02-07,101352970332.8002,108446362303.25128,92120308733.7053,102709746426.99792,25428862741.182964
2021-02-08,102793056701.88214,129531020196.37454,92253171745.91786,112437289953.6706,32375913882.665504
2021-02-09,112821588658.652,129840683775.52132,105607274635.13664,120487874450.61804,37811989958.30517
2021-02-10,133614519985.9545,153047610723.5481,122229031585.7986,138453202238.68027,55193298217.42387
2021-02-11,138669532950.65802,160363852717.73273,128610977543.81625,146130702106.8684,49771274296.33616
2021-02-12,146376439206.1397,166127333591.88498,137195200717.96211,153769338652.61505,50102115226.41743
2021-02-13,154088998347.64505,168323328178.43753,142553742080.28265,156274851041.57,53352290298.609924
2021-02-14,156537529904.44315,168649766155.72144,140613254198.04443,150752220724.9797,46212212431.70895
2021-02-15,150914157158.57507,163933261482.69504,127596533821.09872,148579511883.01105,54236764278.1788
2021-02-16,148701376478.52927,163469245330.86987,139009084711.41373,149235823405.69498,39617476482.46031
2021-02-17,149410272430.44946,164061444058.65436,138054970109.63083,155126222709.8761,40008635852.459045
2021-02-18,155127872682.9471,170096697776.5657,148569694018.24838,160548230392.27264,36852285374.68133
2021-02-19,160827300379.991,193862541741.19077,144833831575.11133,167039315647.66782,42092103137.379074
2021-02-20,167924873228.16064,189523807626.46445,152090838971.3273,166862331463.83282,51985550671.75958
2021-02-21,166984322093.8907,194998550978.03506,159990620047.87683,172968921032.6378,38316740158.326996
2021-02-22,173455684069.06445,189149364072.84076,134049350459.08226,168180587572.2314,53473830589.05971
2021-02-23,167832712128.77625,177471066159.4983,124133273757.7038,151368569121.5236,56381819973.44878
2021-02-24,151713209751.521,174102418779.48053,142380838207.24826,157889373439.57846,39603580340.35977
2021-02-25,158689588921.00095,173571579171.60303,142994195910.14264,148366306550.6815,31923528243.304516
2021-02-26,148583274574.59076,159063781662.46817,134926773526.48077,146309565600.06903,129320883476.16106
2021-02-27,148661519146.73856,163287276212.40625,142977323747.23135,151546744543.4019,23044104512.151806
2021-02-28,151777449016.19876,156796312474.72598,132887732785.38266,145263753693.2568,26213487026.427876
2021-03-01,145611528955.12747,166060063654.77567,141172353120.1021,159954464463.2126,27423019057.470654
2021-03-02,160208393437.65933,172102154562.9377,149379177188.93402,159701133019.09726,27167387236.645897
2021-03-03,160095875527.67703,181088741123.7218,154266791062.86975,167146009399.94623,28647483399.017548
2021-03-04,167511648958.427,184081249543.66232,153841837930.41336,166320499820.877,33298446155.737476
2021-03-05,172565319272.69455,182892833818.65808,158838598931.04773,171894890358.40674,24849655731.026806
2021-03-06,172209788165.72385,180504358655.75995,163881366686.96957,173927979855.1438,18582860787.73507
2021-03-07,159114068471.37604,171312505780.27832,153035194914.4947,164137106595.18002,20976407953.706596
2021-03-08,164372296509.68817,177695489509.9851,155151421632.7901,171589601704.99884,30776697262.5073
2021-03-09,173387823846.73138,192569108711.66757,165478291072.33826,184313192171.0362,35584499801.45584
2021-03-10,185081354750.78534,198264124408.568,167182054055.58066,180914645962.08337,30286286213.908638
2021-03-11,181194891913.2104,201292152372.31458,170278070024.21573,188130105797.9318,31974100349.081203
2021-03-12,188763594707.37076,203775847149.89127,172173301626.15607,187323993247.32144,40892552222.92187
2021-03-13,187725252498.64487,211803362570.9185,175430791316.8863,197591614696.73337,41953456973.21701
2021-03-14,197506108272.07,212650181763.76422,183319090960.07477,193684367642.10196,38495844307.471924
2021-03-15,193949435906.117,214673767689.31287,176018718307.2297,192550265244.6994,40393271119.23657
2021-03-16,192638785430.8563,209884514499.52744,179014629680.56833,197878685776.7753,34711331619.18226
2021-03-17,198090560755.45322,217553550945.6743,183248234104.84567,205084037642.94888,38468319660.138794
2021-03-18,205036371404.75574,221123016864.21106,192644578607.45517,205148575783.8213,33170846723.62218
2021-03-19,206125192555.08624,223944266444.44815,196282297453.4414,210679692151.87076,31377994708.84692
2021-03-20,210871882436.9974,228799320263.20328,202517936275.20035,208914604943.46982,31478850641.05894
2021-03-21,208942454162.53232,223502619324.08453,196979112401.18933,212949463478.54385,27463273516.625435
2021-03-22,203264532593.3611,215899358962.40448,184438685085.42963,193452877619.5942,27537887313.07404
2021-03-23,193474168440.07132,206482483848.5411,181120728590.24658,192090896562.00757,31209272475.607193
2021-03-24,192473252289.57336,212349595147.78058,175723788813.48245,185341839825.10724,35089004703.40542
2021-03-25,185112374726.8974,195182026202.57404,172159953714.5669,183736187880.56067,31478534921.338547
2021-03-26,184619788107.42795,209618983767.65363,181259651301.02643,201511382101.71808,28923643453.705765
2021-03-27,201696290627.99628,217105195227.51797,191107841032.91904,204768633509.69226,34010610609.695385
2021-03-28,205077040296.81406,218804208762.6798,195722445854.97504,207601656132.6413,31583904895.967842
2021-03-29,207040807250.51294,227013083954.73563,198158975625.73566,215160240001.1071,29792552674.344635
2021-03-30,215585409820.16772,232694927346.69458,205417282127.1451,220111149647.1582,33857438093.10645
2021-03-31,220531854552.95703,236166604422.00134,204240515881.29742,223040285980.53354,41855386028.17475
2021-04-01,223620580312.08585,240918703470.60107,211318234500.10147,226192936602.23032,48868616508.64986
2021-04-02,225603398966.2973,244857959236.83878,216429266621.02115,232356233987.60867,41528159998.52834
2021-04-03,232310312921.50705,247595524340.3998,214739588535.07178,223622563439.8003,39938520692.13475
2021-04-04,230209773668.51505,256514746752.63483,224142339044.18027,245783447686.56985,41163638256.66001
2021-04-05,253974651356.2794,274945369458.6781,238052093551.2521,258090956814.02252,48969763568.31306
2021-04-06,258411537219.69717,277459184096.6078,238847482268.9218,259170386505.73425,51872067215.20553
2021-04-07,247700916170.53708,262753856870.8399,217468511963.77448,235050810990.03305,56205158104.85007
2021-04-08,235049997490.49805,258560574418.06747,228015944291.2328,249869437317.8359,35802446893.06925
2021-04-09,250297457946.03143,268139888576.5862,241139241404.89435,253833466810.7626,32927913316.139652
2021-04-10,254101104733.9383,274955804233.4289,237493223166.2559,254055662786.07162,34641460511.55512
2021-04-11,267097673211.4159,283926476031.7232,255324180922.06137,270728873516.2588,35160959687.575
2021-04-12,270825890458.44662,286570215283.1898,255080798391.87372,269231622018.3468,36388331961.90883
2021-04-13,269962104805.33276,297293816946.6018,251952565787.1389,278907963464.4774,40795281333.60136
2021-04-14,267534985678.46805,289150331733.2569,247129718323.9942,271702478061.9085,45121188214.54352
2021-04-15,271733930883.85397,299632806176.7459,261968000124.94153,284855188256.3576,42197026641.60356
2021-04-16,285592658881.0844,313527358723.8439,260592195285.65512,289970686875.6349,67229589711.27123
2021-04-17,290197577890.1665,319712597906.9469,272308806178.88785,287066487059.1223,65755593309.01785
2021-04-18,304331677123.069,329102377864.7923,231091221426.2032,289458891228.2384,74820346283.41103
2021-04-19,288840149744.7963,310812289316.7827,259047447197.65533,273170099007.3708,55665697869.91035
2021-04-20,273166658308.9308,299520751413.4244,247722986339.5095,284778867687.0125,51903451793.8668
2021-04-21,284899178893.5546,302695830601.7332,261646314306.01813,273173719764.89713,39895587012.7199
2021-04-22,273229659106.84723,299816955074.2663,243143604626.75208,259373187626.08173,50080783535.2697
2021-04-23,259413345245.27063,276675716561.2118,212585499600.90805,260099528315.473,63076978202.44476
2021-04-24,260300190832.70163,272048423922.32693,232828854713.4872,246893465608.62183,32943081465.182236
2021-04-25,247353655978.78085,268309648806.34564,228409373481.46115,250010371361.84903,28996480062.14701
2021-04-26,249654123211.7285,290475671852.735,240639603424.08728,277392101951.1491,37598416050.71678
2021-04-27,278134859540.7713,306175207818.6522,269155278033.13104,293102503847.9779,38224322298.65567
2021-04-28,293473199461.1176,310076203811.2282,270901855160.09406,289324058213.6601,38028751845.81202
2021-04-29,289464619573.4587,304405619070.5462,270339386802.3702,287834070328.6364,33392152567.12215
2021-04-30,291328311013.5958,322805378348.0107,278022511486.3618,305452353582.8139,32816532779.385555
2021-05-01,305972928293.3174,325971332916.5542,295822459032.0691,314611722726.3527,33558738140.8666
2021-05-02,314782373416.1007,326960969534.6739,297546736152.9105,310965812745.7198,33087361026.980396
2021-05-03,310892373281.5408,338702016117.4811,301693452169.3776,320067144451.2373,39661653839.71929
2021-05-04,303662195694.403,318463261651.1329,268424728341.87384,282112977859.5658,52987085327.46326
2021-05-05,301344573573.699,349716968872.5655,291840026434.5146,331901886675.5077,65980690074.16266
2021-05-06,332183291294.2107,373193042580.657,309742781873.0056,340232897472.2742,95531582428.61427
2021-05-07,340523335348.6939,378673642478.8652,318214330359.2648,342696812549.3675,92278136021.13023
2021-05-08,342888352117.6678,370622474721.9223,325514095073.9691,348646707737.7907,70791040971.17944
2021-05-09,331797564507.8872,350982791294.2936,304898579996.1389,331896585691.6122,71286816695.66443
2021-05-10,325024912329.1284,373045862413.5656,277821017724.5196,306979007913.8072,71947632100.23381
2021-05-11,307819763622.42346,349226769419.26514,298774541370.72327,348936088028.2381,64738400589.19159
2021-05-12,382983680948.2303,425574148712.8574,312091835885.6537,335790342389.9776,72643140893.47078
2021-05-13,337896584252.4719,382160255684.013,299688354690.3308,346189097659.2197,81679893351.33246
2021-05-14,347464004546.9066,390525870715.2393,334453741292.2638,366196664911.6385,57214403285.84653
2021-05-15,366490150190.0645,389557010295.7069,326637947537.9297,340146986010.1696,57706870642.23475
2021-05-16,321281656633.8879,359474491156.3172,292811905443.9519,326053385834.6023,52404509499.13532
2021-05-17,345602712543.6685,364267050186.9642,301194275292.935,327416763395.314,56889029669.98138
2021-05-18,326584387944.5644,378543618520.7863,310512461459.1395,345383125889.6613,54217355804.31258
2021-05-19,330937403033.6075,346334487530.3013,159883296384.492,224929481838.945,86058606179.57286
2021-05-20,226318699270.4262,291457920969.0329,200873944546.8169,261047379986.61856,68749436930.55522
2021-05-21,261626560336.01996,284470991977.8797,195078560695.95093,229305879290.89752,55329801375.50362
2021-05-22,228935295654.8852,242976089011.16647,194654330511.21097,213380931881.6253,39053466395.92852
2021-05-23,210446510297.79617,223207630440.83804,145571206075.48334,182850373093.0302,49587922146.77116
2021-05-24,174306014231.84988,232546623233.81253,165540715663.55847,216160739038.158,55437840748.45883
2021-05-25,217295956020.00577,237035457164.69037,191879886747.43112,219329652758.0416,49426388075.21357
2021-05-26,219754015313.5406,257327595383.5546,210651948830.52115,241821452028.6718,45052690030.6784
2021-05-27,241600028642.68375,255198652994.3584,215278827990.3301,232026537343.7817,34473894460.00978
2021-05-28,231694698406.28583,241180374375.97983,195338719718.38113,208742370872.0294,37773631947.86489
2021-05-29,208925751370.7772,225229846481.0561,184359283495.6348,198476471277.84818,29005559095.35367
2021-05-30,198419241583.33804,219787666024.78024,184313453304.49643,206828563011.1949,24886075324.78004
2021-05-31,206932721448.7881,230401026551.02695,192681342950.45633,223955591583.24393,26144566520.18344
2021-06-01,223063224089.90952,235161482767.1202,207524687021.19083,219441551039.67563,23443397945.245533
2021-06-02,220883024026.0904,240312439014.3939,212448627708.5691,229177397465.8138,22548152377.01894
2021-06-03,227205812402.93268,252214333628.919,219284437653.34024,241988276312.6621,24949601199.09914
2021-06-04,241142554760.6142,250712441846.1898,207210334753.24808,225453529106.76788,30697203304.088696
2021-06-05,224634086498.1562,240622081741.60016,207949427191.7636,219004892913.57892,22382069229.14052
2021-06-06,218978761085.17215,232365385438.71027,213604640841.78537,223839580585.21985,15751510050.268772
2021-06-07,240736794456.38403,256207624750.61252,215424249965.2705,221847034648.13788,20782273222.76097
2021-06-08,212397451653.13373,223154833594.46457,186380793947.37692,209506461948.39584,27289540066.217953
2021-06-09,220589243873.50308,253141456726.5197,200792618590.48416,232698672434.4887,25956106190.67174
2021-06-10,221769440718.1538,232795463143.65967,200348837563.95892,208977097408.01093,20037614010.640335
2021-06-11,209340388950.07837,219837683105.43335,189209935216.84396,198067681037.45416,19270778208.170773
2021-06-12,198024563278.4724,211826515259.2554,179316363864.93445,194916384118.50107,18115068437.78111
2021-06-13,195288099866.5418,220758428229.93976,184032969884.65723,209740647766.36835,16673015295.0323
2021-06-14,209940183759.4101,226227646852.78036,199977703027.066,215432702187.4699,18111449746.05306
2021-06-15,215326791436.89972,229209394307.761,203148334623.5382,214368973031.8207,18421121260.01226
2021-06-16,214326461681.31497,223942150861.45477,198078611395.06387,207168498443.12,17962972451.51428
2021-06-17,207140649796.49683,220943865217.42267,198135508051.4572,208011600814.40387,14632835226.050507
2021-06-18,208069322903.39432,213072514202.51813,185065025935.10727,194745340112.84497,15551967080.12923
2021-06-19,195705092414.41412,204252877753.60165,186001188393.0804,192057995417.38443,11946858638.13173
2021-06-20,191759692921.85632,201901908074.6829,176723045405.60947,194772082095.68317,15003770126.014404
2021-06-21,194570883824.84036,198746972373.73245,152511317170.62604,156895683804.219,21563477336.546
2021-06-22,155944674480.74118,171114781269.11572,129908952626.17278,152592460620.19363,27070155356.838245
2021-06-23,153284640597.63284,177408536880.99924,146967956689.43753,165423036571.01758,19296943170.391678
2021-06-24,165824553623.7633,180218254361.20413,153554385979.3131,169298299473.56253,14444311378.103699
2021-06-25,169732597539.98355,179665343671.96222,149012491106.1653,155097567400.6261,16496893533.158611
2021-06-26,154811059884.80283,163836255654.87277,143624432760.19257,156288473776.678,14348233753.508522
2021-06-27,156974876525.25565,172725511204.5781,149392317364.33682,165923345113.35934,13081076875.342903
2021-06-28,166152427590.1871,179117538098.874,159857049687.17334,171674083468.0623,14995714871.704866
2021-06-29,172078885119.75372,193459825645.91275,167152709212.17902,182292812926.1751,20195002527.785305
2021-06-30,182640401906.84332,191655930697.2692,167478380587.49158,183301123793.08353,21507416730.432087
2021-07-01,183701379160.48615,187023291673.11423,166651922093.02975,173796250254.89734,15910699085.76458
2021-07-02,173750392207.05594,180197432606.53348,164319888938.457,175595069079.42847,13198831712.633875
2021-07-03,175524390090.50162,185776352215.14212,170532752433.4097,180780645178.0019,13086716409.83316
2021-07-04,180773180993.7372,191774304613.19925,175111402560.02658,184132055484.14145,14105728452.087246
2021-07-05,184017836428.34,191037184603.77917,171078869412.35873,179044127723.09967,15497434812.148565
2021-07-06,179166935770.15628,194103098416.38547,176026827558.04724,185261760084.25275,18957505761.258564
2021-07-07,185061501614.09317,197053425016.6209,178961798494.65817,186707470499.39865,19820552320.07364
2021-07-08,184383512350.44168,189579763234.84467,167210404358.81458,173720622042.99918,20027478194.31406
2021-07-09,173590272354.43436,183844297131.03214,164642464797.16544,177485709537.23837,17265047541.416492
2021-07-10,177304411301.22147,182693359336.15012,168371830962.11545,174447853115.18835,14900997432.906677
2021-07-11,174488242593.56992,183438339561.05292,170661814075.1515,177800230203.73935,12842187748.75466
2021-07-12,177924321905.26407,183777416961.44952,166243467773.12543,171155508186.20065,12911355150.196571
2021-07-13,170810352806.67798,175412672145.7067,161466942429.7469,166211127993.028,13273713230.52807
2021-07-14,166079071288.864,172303736401.2153,154836384553.2055,166234455493.82388,16206763933.24892
2021-07-15,166606864114.66165,172866799023.64203,154164908035.75146,160190517366.68823,17238013511.23652
2021-07-16,159941629672.52792,166874349585.52444,148839863997.97876,152818981369.73294,15453670496.717125
2021-07-17,152748925361.81177,158979965862.77786,147872303513.23163,153167607989.19327,12762086631.767794
2021-07-18,153392908606.69733,162034905660.25992,149289065355.59705,153691900921.84427,11517176585.581242
2021-07-19,153405659113.53195,156441676622.29736,141083170858.95135,145170592784.10254,12773385299.390308
2021-07-20,145000855366.7013,149366150224.27924,131345906020.1182,137903451815.19632,14655833384.337002
2021-07-21,138001743762.65793,160470530685.4117,133961249617.59357,152409637309.04782,19022617568.86351
2021-07-22,152746889609.44864,161594055020.52267,148192039669.9071,156979393614.3234,17229650344.22099
2021-07-23,156807829275.02942,168962200554.5688,151206280259.46967,164327210483.4708,22100240414.385597
2021-07-24,164431554528.90268,177109663792.8965,159936063330.0644,169501395645.4507,23332187780.21132
2021-07-25,169006855549.89835,179104512588.64655,161000143355.27597,171750588503.97217,20204549829.96649
2021-07-26,170357478808.9716,200670627834.3849,158927326206.01358,172682009939.35303,30765150274.594475
2021-07-27,173477124387.08813,189141642068.51044,163464894852.9435,179711643685.6191,25549013709.73157
2021-07-28,179407472049.58206,190427095308.6437,170962659594.82538,180420765223.16656,19707455194.246635
2021-07-29,180298247199.41602,189904455766.15356,174115381994.05682,183919296841.0458,15911491267.981922
2021-07-30,183948637545.0019,201766436450.16595,172546033285.5582,191385008525.7297,22454256987.86824
2021-07-31,203694378974.63446,214015430059.00153,185976970455.84485,196112173029.2327,19890392727.107834
2021-08-01,196145459560.47873,210624319096.80536,183878644903.5429,192269625288.531,20723869121.161987
2021-08-02,192263039326.91525,203381102289.75073,183262481389.7689,194377093925.7759,18614962450.02846
2021-08-03,194396818865.8734,203903284602.42627,182768691335.9677,192207288199.06943,17207394472.496323
2021-08-04,192243203123.72433,206364056200.36612,184903209992.85928,200042700788.09695,18420891484.27309
2021-08-05,199861450934.06232,216918733121.56497,184939542289.58405,205111502366.3807,20352525725.327377
2021-08-06,206429678598.941,224535876777.63565,195236336875.30405,212253697339.1626,21870368838.950623
2021-08-07,212585932754.04605,232338438025.4972,206138119629.82513,222587199338.37616,27515121082.56708
2021-08-08,217920328788.04785,226506945942.0288,201284235951.45563,207883044845.63525,11217219615.433172
2021-08-09,207141938900.41373,227805841495.6658,197651273450.98373,217713369273.08945,10957997731.45296
2021-08-10,217477131100.30505,235385509138.51617,208309366096.07684,225275381602.16568,11356414180.705793
2021-08-11,225383768269.33423,249296370351.9788,220862077541.24643,233106834239.57428,11356414180.705793
2021-08-12,239414585217.7654,254391618241.48843,223280021682.15283,235397159520.24783,32818575498.34282
2021-08-13,235804474133.1837,262369204751.35773,228870104694.8508,254111068306.93552,26894733631.54881
2021-08-14,254224106544.95352,264271236134.55093,239522978281.7405,253105329096.71237,27088044391.68669
2021-08-15,254047936757.29083,268572781889.3644,240499114681.451,262099842818.67676,27793592700.494514
2021-08-16,264430345281.0599,285243270023.8037,250111063345.9536,260655526188.75055,31862125339.13968
2021-08-17,260598119058.4482,283776722461.7409,240935765877.4474,251287242341.21585,35899326894.61717
2021-08-18,251235297895.07825,270182944196.2316,237996784932.8061,256016914769.86615,31430502594.75143
2021-08-19,256099808609.2791,279773001411.1654,245227953364.02313,270009282306.35236,28872347754.19426
2021-08-20,271178607120.06033,295154921912.3333,261930279796.19028,282668889751.9313,28521873318.28549
2021-08-21,283131111669.1909,300424167541.9416,269356859688.05197,282151558639.683,32320304183.740417
2021-08-22,282243349265.6602,295894449332.7458,270374808141.964,284477746959.8507,27066831030.15371
2021-08-23,285232322596.804,305994148926.3428,278895385557.6209,293304295192.7849,33122323622.75934
2021-08-24,293692191781.2329,306434500719.6155,266145267708.48743,275694740400.6224,34285046321.817936
2021-08-25,275776363672.5695,295252518304.7587,263838906988.29037,283820602062.2087,32446086302.526592
2021-08-26,283718729752.0839,291224110834.6712,256336219506.8156,263913002187.88663,29202737434.93092
2021-08-27,263954195619.81073,291168121004.0699,255742568044.226,285211673231.6801,29957284295.85932
2021-08-28,272723029769.6621,282089476569.9625,260480374965.20657,272193454067.72955,11080922939.293474
2021-08-29,286390835142.6573,302334712155.0874,272790054624.6004,286292303176.4765,33007323352.750217
2021-08-30,271908234508.791,286234752015.7279,253304215944.97137,264063223144.4235,11092050841.205751
2021-08-31,277122815098.4967,301132273917.5222,267774808928.52765,283483057866.6331,34340227242.285374
2021-09-01,267427690101.76492,294649493928.2575,257699251211.00348,284843714430.385,11001463116.424288
2021-09-02,302298013764.9123,319175015024.989,287797273819.0843,301694363011.0003,33610845802.37917
2021-09-03,284476656392.7649,304857619925.3728,271731712391.8043,288124012687.5276,11190749509.314543
2021-09-04,288207858496.1103,310657722436.693,279869661614.5907,295088938014.4683,11190749509.314543
2021-09-05,294845487630.4986,323678302029.4619,285758264745.7214,310136027471.7873,11190749509.314543
2021-09-06,309813738738.6726,331253666921.7894,291599375598.6679,311270275035.1898,11190938270.686026
2021-09-07,333784439140.6031,349321411673.0328,234254676710.83163,283455481370.096,68355270137.92275
2021-09-08,286334288898.2982,312497225696.8885,256343874591.446,291133000594.4757,57748006899.69682
2021-09-09,266540311587.06235,296765954787.3271,257501561909.61447,277830013594.0309,10912124322.413527
2021-09-10,306696306191.7728,333408492087.6964,275362050792.7188,300844295446.3604,47280634100.65398
2021-09-11,301280790185.0916,323830824986.3571,289970400546.6296,302918932053.6702,31098151133.556324
2021-09-12,303936313886.8114,332349476652.4436,294011502761.4528,316270674402.9122,33341258925.30132
2021-09-13,316335822215.7509,334015133344.5839,279158370131.0786,302943962826.8499,40170537756.13874
2021-09-14,303261220351.3956,330402576229.4525,289326281011.7128,314241807023.7794,31675097069.81572
2021-09-15,284783946876.9376,305525730082.219,275629233095.8433,295487805884.9644,11176751363.701502
2021-09-16,325631461524.6676,342894568521.6247,305156970771.475,322620331381.4025,37584607922.22167
2021-09-17,292060307611.0732,299677410634.3625,270048474633.6447,279642376618.8335,11121854846.724169
2021-09-18,309619572198.7571,329822739061.726,299651964311.7658,315293762509.862,23808765222.43341
2021-09-19,315600359009.8988,326173480638.1332,298302723893.3784,308439294300.2602,23153958674.248005
2021-09-20,308533334833.5716,312521369464.3654,255955008589.10376,266870942439.8698,40925048591.6539
2021-09-21,267252379163.91177,286242924778.7216,237243137999.21112,251136043931.4852,35502043905.62707
2021-09-22,251424754585.99353,300374908142.0664,246096606089.19104,287232553064.6868,32093007767.888622
2021-09-23,288178412235.9279,309402684340.1174,277117963334.282,298259430944.9041,29855300347.934357
2021-09-24,299848470546.9201,310876177887.3263,255968145070.7037,282517847500.0048,39064670288.03653
2021-09-25,282658310605.9859,290564576419.3762,266171589565.35577,276698172982.4991,23895040167.851486
2021-09-26,277050454119.0141,294948227324.0504,251858096144.662,278588438159.8537,33931082148.055027
2021-09-27,278534560892.8842,297815168599.187,263893958020.0356,271261904094.08698,27034947961.97001
2021-09-28,271129495410.27203,283267581693.2987,254693096170.75708,259908167077.47623,26415002940.048275
2021-09-29,262476553551.03867,276362312140.172,258016746097.09406,265715551293.9272,25179898146.20834
2021-09-30,275995869783.5468,286577935446.2483,267574710400.84695,277911370755.3706,25904883459.824226
2021-10-01,299846372380.5172,317600153822.8158,288216141347.8202,303786112048.0388,32269029362.68106
2021-10-02,267000912968.7409,285716123190.2239,262475587140.39172,274415498577.4128,10991246538.490965
2021-10-03,274641413633.43958,296590339535.4213,267193527058.19284,282659717440.758,11035143314.758558
2021-10-04,282159126280.0496,299063322644.1006,262373806201.32928,281137487206.969,11026964253.34413
2021-10-05,316762060310.7953,345745392526.4171,301688801956.2713,323629736273.4815,35779588248.89943
2021-10-06,309915869950.924,341569311103.7773,269316996113.23743,309978573680.7361,10994536835.064653
2021-10-07,345381188175.5417,370071461153.2068,325769738932.8493,347117237183.3839,47585911530.77074
2021-10-08,311416127470.3892,337985634456.1584,299223850058.215,312797620199.2477,10980297840.238226
2021-10-09,312554184560.7552,332543342733.0388,302798523088.2002,317214028839.2326,10980297840.238226
2021-10-10,353145870056.0078,368199939451.0236,323697629004.5736,335505025106.7396,23956211916.95879
2021-10-11,300578005815.1985,324855271700.9532,283291346649.8,304742140706.4942,10996440667.451319
2021-10-12,339943386495.8202,351583212333.0222,304089472821.7215,334752998507.5037,29008827437.008526
2021-10-13,334970589853.925,357428679215.9793,315290330159.9715,340924934193.5771,26204870169.015446
2021-10-14,342015192620.568,365325631168.1452,331661607164.3549,347592063603.8345,23211992076.55303
2021-10-15,347210417730.8748,381926205821.8093,317939988817.8314,347922349236.3895,32424890341.384365
2021-10-16,352021609036.1191,371667996179.9615,338763753583.8584,352086586866.7783,20495839143.020954
2021-10-17,352399465405.1465,366274002336.2386,330325161056.3778,348893163307.632,19651663501.024105
2021-10-18,349001281816.0548,361138984022.6558,327899001259.4842,346347766216.5666,22747678551.059387
2021-10-19,346040465002.7924,367619704615.7138,329456792036.2658,351445443328.5147,19112548015.95824
2021-10-20,350839487957.5448,380240863185.6038,339848673078.9471,368989925114.3501,24072553097.350536
2021-10-21,369220459140.1922,391225447937.8263,335006579888.8613,360150816978.638,28782236281.664078
2021-10-22,360211838929.279,389050882407.2378,345297908499.1866,367270169301.7621,26747540517.77516
2021-10-23,367421211953.2945,385106821231.3748,354569298912.192,374819356181.5386,23002216849.45844
2021-10-24,375184006935.0394,389840905205.2131,354292555775.43,369976817197.6308,34523739863.53239
2021-10-25,369191943372.9679,403356964235.2536,361516062623.5832,391371685128.3283,30880464746.42569
2021-10-26,391357149064,422634998841,369170091634,394274077514,41687912841.54724
2021-10-27,409021293994.1231,429656472908.4458,354297416768.4253,376618322029.9871,49724107005.72768
2021-10-28,378194315034.9381,421290500286.4958,365258902752.2348,395664805583.445,40295319577.77169
2021-10-29,396619602308.4086,426619725011.8974,385931166295.1096,408120109735.3444,38461421099.7005
2021-10-30,407992475639.7386,431212896685.8277,384931562361.7466,407852465761.0187,65698955626.5314
2021-10-31,408117598736.2044,437049837936.05,385653734662.1618,409245731102.1861,65127142536.13808
2021-11-01,409849237662.9149,434529880861.5331,389206999254.512,415238847609.5483,50948508553.32222
2021-11-02,414222198954.2045,449351769004.7602,400302851036.7733,428051991278.1493,51361636340.27293
2021-11-03,432575672056.6397,458546878531.5284,392077723909.0104,430852557092.6048,50071141434.81604
2021-11-04,430755935182.5791,458218982170.2733,399652983633.6657,428031006720.5283,50550286926.94561
2021-11-05,427136853944.5021,464100916957.0974,407169667426.3979,432596859433.4848,45600958068.59225
2021-11-06,432656092666.7852,449391544210.9615,411218163564.8921,434704416705.3385,35522747513.50415
2021-11-07,434677670895.0647,463316164870.7305,421872521611.48,442739365476.7952,26905407730.52983
2021-11-08,442601804315.8823,484491280747.2914,413769159526.5619,453115419502.3555,36322663697.64408
2021-11-09,454596646730.9497,481877489987.5718,432324176191.8079,450549674906.1665,46839408757.72812
2021-11-10,455136800653.9561,492522399520.7753,398775469745.5573,437555263507.7455,60709254996.48465
2021-11-11,437008154867.7383,468608801670.936,424647637890.8474,448597129036.3316,42115731701.41806
2021-11-12,448978637487.4417,468122008501.0369,416573527907.1761,440888870374.3175,44180672048.3227
2021-11-13,441477279325.7707,463872730805.0792,425337329422.5932,446459599868.995,31588619619.798683
2021-11-14,445897956628.531,464018446507.9562,428956233628.0045,446845742389.9495,25221150147.039932
2021-11-15,446854086117.5971,468656558293.7651,424221514986.0297,436466877775.0149,28992342300.8344
2021-11-16,436424241678.5444,447235417631.4855,379706374512.9687,406631199038.1661,45622461314.05633
2021-11-17,406808307382.5797,427699678927.2765,386875378162.0704,414005794518.6334,39120784064.57627
2021-11-18,414577586267.5393,441656119270.2227,367952921379.0545,387137897419.0056,51825288368.70561
2021-11-19,387879903613.784,430177034519.7163,372664607315.0631,416674648627.6519,40411482406.36338
2021-11-20,417163742491.4347,443669760576.1123,399671339580.0343,427328609109.8586,31441864970.96649
2021-11-21,427579159481.6741,449400516379.3835,406948517107.7012,422397454560.511,33166977087.92282
2021-11-22,422150138202.5043,443942172168.423,392538280131.8094,412786089245.9826,36981147153.05342
2021-11-23,414843383778.6173,444293724252.7577,394577571636.6424,424051744234.01,42302509636.80543
2021-11-24,424399497256.1182,444518696415.6962,392266335933.0128,416685373280.8985,57699568485.55751
2021-11-25,418028608638.3025,463118396215.0393,405246422245.8095,437747362725.664,62070295222.66627
2021-11-26,438223801694.4541,458052304159.3227,373379079709.9837,397146630511.875,58326658382.82836
2021-11-27,396781416470.1831,427031283029.0272,387739726554.135,407136567317.6762,35408525403.43072
2021-11-28,406977499098.7888,436902756763.5905,376729920737.0783,416675139918.7019,40038048299.804
2021-11-29,416516564752,446046994669,402828256223,428738613518,35196846399.05347
2021-11-30,429530811787,462201384104,406603368334,431014897139,45312706718.58374
2021-12-01,430891450202,465284788022,415421439877,432027617721,37842334998.96913
2021-12-02,429467090236,442288533131,405514847610,421782602223,31263886129.69993
2021-12-03,423585902092,448942284625,379508341132,405051733883,37174319419.44725
2021-12-04,407102919092,433028820344,291021820115,376528995724,65345275314.1696
2021-12-05,371570035515,388166470615,337876500668,356027829256,34687955471.4299
2021-12-06,359547079244,385251592805,324749101516,371895925588,41351985229.59072
2021-12-07,372345284045,403696025343,358085747123,374035352710,31687443577.05671
2021-12-08,374044204594,401168485697,352359679069,385019960411,32516607684.248886
2021-12-09,387521834143,399897908376,348160024799,354993884613,29024199531.666855
2021-12-10,356282441423,377761671776,335177853402,341687584895,25067503153.01031
2021-12-11,343165614488,367105622154,332555976961,358171942932,20013739465.83751
2021-12-12,358707537143,376262905668,344953403657,362917026602,17689085669.195393
2021-12-13,363455488995,370854747372,315021144246,325689682653,23821869154.832085
2021-12-14,328378651760,353925021215,318306102819,342594826973,22974896602.895203
2021-12-15,346669946621,375482692811,324906222665,357497932232,28326348563.072746
2021-12-16,359185114673,377652491446,343956340564,349822762469,21349599686.98005
2021-12-17,350149656304,366473669514,328337472826,347243366228,24767568273.18257
2021-12-18,346681608906,366709406391,337845964949,357099023422,19830120604.545994
2021-12-19,357773367379,374769973304,343110601731,351399964894,16042829852.134956
2021-12-20,350798501769,362531472613,329036812933,345469818323,20864803278.442364
2021-12-21,345819299040,370800145457,336653443439,361054106642,18542887669.702816
2021-12-22,360076934393,390101678671,354171873655,371353703258,25424682137.248154
2021-12-23,371627752950,417011212315,363393488246,400432352227,32552871176.94093
2021-12-24,400726320683,430273462779,383590874796,404136971134,28865609770.78537
2021-12-25,404791671450,423701571881,395839224811,413590007088,21060049173.41049
2021-12-26,414864758852,435104379198,400886265520,422466352575,24720619998.082905
2021-12-27,423369705284,453960354173,412001347711,423439175954,24992907515.403385
2021-12-28,418841305952,427524907523,374408037942,390920716294,31968118396.31088
2021-12-29,389963101870,406696271165,363890262546,375699440137,26357253037.71335
2021-12-30,376587399018,395453028001,364245855854,381259830953,22257145495.092106
2021-12-31,380126792163,401664041838,365514006782,379572388120,29109093840.870796
2022-01-01,382487319861,403896000526,376504643542,395867617082,19432749042.636627
2022-01-02,395636000974,409260586280,383937016809,397214216490,24432179066.43215
2022-01-03,396975422707,413741619173,378675450599,396712817062,31878640261.29276
2022-01-04,395961066829,417309961453,381589095182,394871134162,42338742326.23278
2022-01-05,392293019588,414057637465,349748054448,370790422982,36708363125.14979
2022-01-06,371022254514,384351805296,352276764069,373280232404,33198549378.774834
2022-01-07,371294046688,378584276895,338020061627,351596522484,34940987215.87499
2022-01-08,352621779284,365074098041,327212084574,340708987740,26064939146.871307
2022-01-09,341192501395,361805943863,334781579718,349002223989,21894028533.05133
2022-01-10,349375488672,358678499484,320881700490,339893455282,28272118218.504906
2022-01-11,341324550847,367485476492,333353252007,356974181154,26025473051.280033
2022-01-12,358462803041,385706460394,351622781130,374931593303,27392587786.331795
2022-01-13,399198993049,414913907477,375190154919,385342218485,30074003656.11958
2022-01-14,385224795873,406917081184,378959877949,392559796939,30953675430.61889
2022-01-15,397643349320,409789674214,390123032752,398812319029,19412554442.76049
2022-01-16,398269921362,409336247832,388961471817,400461279725,19878721075.025528
2022-01-17,400691959762,404640336579,372009391678,379661761286,22311748482.619125
2022-01-18,380482119905,389982179135,361864273413,375029531620,23097386179.29159
2022-01-19,377893471144,383324274597,357554000639,364334861958,21225499122.096718
2022-01-20,364621769303,385558560230,348206020863,351346886465,13782092292.220942
2022-01-21,350844235326,358312431066,299147239950,309016939670,33720748300.901047
2022-01-22,309087294117,317194441047,258295847039,283300675745,38607982459.5865
2022-01-23,283992948283,311870331081,277795439177,297827367403,24951033548.722664
2022-01-24,297905973554,302152052869,257440792941,287722781821,34818073781.39955
2022-01-25,269616647603,286766920264,257713377130,275839556388,23187729103.306072
2022-01-26,277998021336,299945630347,262620316799,271670770294,29595056854.54192
2022-01-27,272962387788,281488284153,255464840853,268740185333,22612298366.043343
2022-01-28,268638624342,279806187677,259085825911,276183693149,20878822923.09938
2022-01-29,277332444694,289627777523,274450891550,283869947764,15956525707.754133
2022-01-30,284137317267,292409121038,273076505826,280301249683,16178887942.17041
2022-01-31,279818141883,292505969520,268410512373,287816842843,18139347105.78858
2022-02-01,287827159681,299364258633,282787352111,292035534527,16142064667.437243
2022-02-02,291687307012,299305218235,275775955487,279365385181,15812524324.240938
2022-02-03,276614873358,286242220878,268005229425,282623680209,15071980687.039038
2022-02-04,282558118376,306709134903,279065793750,304790145247,17912391978.32274
2022-02-05,305016218904,323686179775,297210553862,311374030183,20943097283.19989
2022-02-06,308803258977,325031519319,303189133049,321143702430,21462617735.384995
2022-02-07,319326553336,346974049894,312406534029,336871374259,30857944461.082157
2022-02-08,337617068931,360692550534,316356295946,336056844089,30010847444.446125
2022-02-09,336813773072,350106543230,324025641796,342602474640,21280679112.60456
2022-02-10,339910022298,346984776244,320085092746,324248281599,29031081402.862865
2022-02-11,323593216288,334067822637,302478016397,309272036358,25046195819.71364
2022-02-12,309111338645,317448153582,300304565160,308192389087,19076401158.94266
2022-02-13,309266789483,315429278236,297266174596,302009553870,14733737497.14746
2022-02-14,303426427391,311237758902,294299016300,304637391134,17243112262.332016
2022-02-15,306226594281,329358771131,303563107844,325889272765,20506837762.24653
2022-02-16,328516225202,333876303168,314930698089,324620217378,20122873900.65733
2022-02-17,324795549598,330525622660,298065281522,302068075089,22804588551.92548
2022-02-18,301381816612,310506632431,291725444497,295969773345,18502663935.70284
2022-02-19,296302732188,303444616165,288204827741,295926789227,13047950715.235638
2022-02-20,294938484830,296179141794,275562250476,280952750925,16348646361.283756
2022-02-21,281052135178,294160626284,263020657167,264955537711,23955726706.040844
2022-02-22,265185710874,276711067430,257079451146,274319912183,20848906499.3668
2022-02-23,275358097960,287635983443,265761741591,268162647772,19816248227.96223
2022-02-24,264564205555,275184706326,233969407592,262935725040,37691297216.3236
2022-02-25,263755268087,280304279769,255956739221,276131676264,22992417588.99372
2022-02-26,276634073633,288645416815,271939178203,279702962138,17590746960.854355
2022-02-27,277727029421,285507788972,261158499824,266534298149,19824144989.60164
2022-02-28,266491496012,296049569625,260897767494,293362659080,23929544870.37105
2022-03-01,293880898850,307955310821,286241475152,297951762285,30986688008.508347
2022-03-02,297756327511,306494172928,287834471067,295768664321,25866928992.52372
2022-03-03,297965343822,304066441497,281791541536,290964901427,22631990007.44365
2022-03-04,290905241827,294575517725,268914210757,273776125507,22547746928.513924
2022-03-05,272934009844,281720110638,265001363084,277918947411,22527516298.606426
2022-03-06,277666507967,280966124825,264582442758,267137665273,22527516298.606426
2022-03-07,266165364851,274518412204,255214255587,262504327175,22527516298.606426
2022-03-08,262325567961,273369622017,259535467434,266710091646,22527516298.606426
2022-03-09,267537530819,287328052974,266343214201,281300427878,22512429055.932163
2022-03-10,280779244873,286329806950,262583571896,270484009617,22512429055.932163
2022-03-11,270127716890,277651064553,260809048876,265997003634,22512429055.932163
2022-03-12,265640804623,274893841707,263656467097,267144217282,22512429055.932163
2022-03-13,266679814999,274492111674,257704422611,259796447260,22512429055.932163
2022-03-14,261475438087,272459376980,257897590388,267804011967,23762276476.315334
2022-03-15,267796952179,273412525671,259359831503,268676373625,23753391572.35439
2022-03-16,268817092666,284963569496,264882555980,281533473296,13841125221.760622
2022-03-17,282298075650,289198388210,276598742842,281432596067,16684583032.326843
2022-03-18,281561962576,291407711478,274639957370,287788502529,16684583032.326843
2022-03-19,288083157053,302402767882,284409872324,295050060882,16684583032.326843
2022-03-20,295248728635,300517402059,283179906398,288422594852,16684583032.326843
2022-03-21,288405597969,297536172375,283070955535,291620501622,16684583032.326843
2022-03-22,291759269053,307832369477,289347481685,300677422566,16684583032.326843
2022-03-23,300479043441,313745861208,295156861379,309276346209,16684583032.326843
2022-03-24,309501098286,322882261495,303822564214,317697040693,23846294009.44709
2022-03-25,321566554860,330282651863,310486204253,316680334908,29777158542.738026
2022-03-26,317246415958,328372958126,313417265051,324095416245,29777158542.738026
2022-03-27,324383885171,342491081368,319419685884,339809592872,29777158542.738026
2022-03-28,339749396576,357434059855,330441183029,336401642978,29777158542.738026
2022-03-29,336509953381,358416635106,332809000726,345126808036,29777158542.738026
2022-03-30,345337340754,358978708379,334461201364,348810175604,29777158542.738026
2022-03-31,348950427023,363622807907,331313145568,337731468026,29777158542.738026
2022-04-01,337678785914,353979156646,324358497317,347366543496,29777158542.738026
2022-04-02,348239333772,364445977491,340659578334,347157562179,32308758198.862785
2022-04-03,346340420095,364212069030,340369500858,355315499678,32308758198.862785
2022-04-04,355233306700,362093576067,333402853196,348424913250,32308758198.862785
2022-04-05,354144373700,366394599435,339228810388,345711895550,28941326741.858013
2022-04-06,344623086903,349356352981,313095226932,317184575012,28941326741.858013
2022-04-07,316308062467,331361952353,310276491678,327099277370,28941326741.858013
2022-04-08,326860097879,334635130446,310520773986,314199077895,28941326741.858013
2022-04-09,314395897488,322709620873,310275559966,319977991326,28941326741.858013
2022-04-10,319975925977,327456754380,310376310210,313167879800,28941326741.858013
2022-04-11,312576159672,316522059204,285723786327,290572136616,28941326741.858013
2022-04-12,290897194156,309925074346,286276919446,299761750724,28700117914.411377
2022-04-13,300013434052,310750123320,293465852208,306299339193,28700117914.411377
2022-04-14,306038677071,314273291996,294021251494,299632605389,28700117914.411377
2022-04-15,299752387708,307591063794,296687157624,303447068016,28700117914.411377
2022-04-16,303665887405,308540129812,297997086722,303734645837,28700117914.411377
2022-04-17,303312782551,308738609891,292464069811,295115788729,28700117914.411377
2022-04-18,294439862381,303626858349,282758338752,300865542531,28700117914.411377
2022-04-19,300905858900,311552331595,297570111801,307741058616,28700117914.411377
2022-04-20,308430133354,317644623006,299648507973,306070177839,29414749391.501163
2022-04-21,305307656264,316233597591,291560769299,296378798961,29414749391.501163
2022-04-22,296756830672,305030402905,291282363984,296214886876,29212097415.849808
2022-04-23,296149912351,301376038282,290170257134,293846221932,29212097415.849808
2022-04-24,293923232738,298906524715,287578535928,290778395646,29212097415.849808
2022-04-25,290034777781,300551698244,273125959091,295193233478,29212097415.849808
2022-04-26,295503971276,300831371077,271073035480,275043973004,29212097415.849808
2022-04-27,275134674778,286775403956,272029547445,281013458695,29212097415.849808
2022-04-28,280967523985,289805982611,274611661792,280748159490,29212097415.849808
2022-04-29,280030222596,284770570959,261995077833,266674383774,29212097415.849808
2022-04-30,266974582881,273398216628,241567242213,248465264080,29212097415.849808
2022-05-01,248492089092,262160174802,242962053601,256245051737,29212097415.849808
2022-05-02,256283881411,261789898915,245478035949,252941801471,29212097415.849808
2022-05-03,253394160323,260596857710,246076060889,251246303628,29212097415.849808
2022-05-04,251004824025,272632024080,249114277635,269856042866,29212097415.849808
2022-05-05,269955954215,275222236406,241440006747,248707066827,29212097415.849808
2022-05-06,248226254368,251786927466,238060313454,246044327470,29212097415.849808
2022-05-07,246192815818,249847321592,234237489935,240007581859,29212097415.849808
2022-05-08,239835527738,243396150459,230516612442,235109130071,29212097415.849808
2022-05-09,234843020625,240738689558,198104889676,200555315287,29212097415.849808
2022-05-10,200538439455,226572021292,195016970823,209337383051,29212097415.849808
2022-05-11,201503330943,211369207321,144742078891,159339434307,31074980059.32931
2022-05-12,164262262306,178005237463,127715951666,152617107143,31074980059.32931
2022-05-13,144501863641,171289763204,136328462952,150916307546,28971477354.093582
2022-05-14,151142774753,161679372660,141888631039,156616662378,26156008919.421062
2022-05-15,156572073948,167178505492,149951107622,163758950755,26156008919.421062
2022-05-16,163253737562,165070584909,147830573409,152751760978,26156008919.421062
2022-05-17,153690947639,163910373765,150081540426,159146825376,26156008919.421062
2022-05-18,158911586652,162997309902,143546582935,145225806230,26156008919.421062
2022-05-19,146005526386,155439271268,141251415353,151990407395,13411550471.312275
2022-05-20,151364740213,156653393861,143298618705,147612412891,13411550471.312275
2022-05-21,147113444314,152873883115,144563380637,150322971656,13411550471.312275
2022-05-22,149768589181,157048784324,147842346756,154853985451,13411550471.312275
2022-05-23,154714355649,163112126631,147910860294,150397361007,13411550471.312275
2022-05-24,150213393336,154813802857,144460715815,152220665820,13411550471.312275
2022-05-25,152441770797,156468159556,146818565391,150345998159,13411550471.312275
2022-05-26,150205563145,153899978686,135384083387,140391405087,13411550471.312275
2022-05-27,139752398550,143529875793,132237387573,136626385068,13411550471.312275
2022-05-28,136717231974,142171654340,134715600639,139953594476,13411550471.312275
2022-05-29,140221569843,144752007732,136742301931,142638862713,13411550471.312275
2022-05-30,143609531331,156788440911,141564658829,154585379715,13411550471.312275
2022-05-31,155328089078,159955436118,149125108532,153381990377,13411550471.312275
2022-06-01,153816807481,156824434006,140406873118,143143959489,13411550471.312275
2022-06-02,142755432348,148436776770,139552808571,146415294465,13411550471.312275
2022-06-03,146115500293,147903685621,138047386077,141430014557,13411550471.312275
2022-06-04,140889692074,144569531659,137359293861,142810474192,13411550471.312275
2022-06-05,142859115904,145773837392,139315265746,142646958423,13411550471.312275
2022-06-06,143099023873,152717423738,142002091621,147280478947,13411550471.312275
2022-06-07,147278577743,149309410317,138037685311,144663394787,13411550471.312275
2022-06-08,144300563641,147614910714,139699688457,142528643212,11678939236.681358
2022-06-09,142541339307,147478722117,139830509107,143504657816,11678939236.681358
2022-06-10,143131927745,145466397620,132732497202,134735473253,11266731940.274132
2022-06-11,134885434845,138162635381,123689509249,125754128466,11238562163.207588
2022-06-12,125672508982,128305993236,114878970496,117324718167,11234726817.373562
2022-06-13,116394618112,118947574124,100366560715,106313568582,11263330634.734592
2022-06-14,107028500752,113040168666,97497817924,107946116299,9558498615.487019
2022-06-15,107425886688,115829221520,97178907243,113317451975,9646804758.71482
2022-06-16,113533853887,115224688885,100761432077,102292397014,9670287378.197596
2022-06-17,102446159928,107911082113,100913913834,104651664798,9452530237.286203
2022-06-18,104328492490,106206535909,90688677032,98024144229,9379155806.123348
2022-06-19,98485802851,107742031339,93856075556,105929157161,9305548445.867746
2022-06-20,105956023129,112271231680,101774221602,109535521850,9893103355.206251
2022-06-21,109557603180,121017798409,107459728553,113618162792,9860431561.085894
2022-06-22,114014433606,118072992452,107940263421,110963853354,8806165464.585354
2022-06-23,111396714699,120689904077,110620916199,118144156862,14561079805.552454
2022-06-24,118401084492,126795882817,116810753311,123288237846,11499818582.10712
2022-06-25,123202468734,129506187389,119640382258,126124836628,11188353646.863268
2022-06-26,125813067629,130710977637,119683651689,120691850016,11206995191.409971
2022-06-27,120781988922,127686278344,117676258749,120443023569,11251986872.579506
2022-06-28,120007613973,124767262564,113030757336,114545603456,11240441135.94603
2022-06-29,114418789010,119579197918,110326060028,114083725659,11710247291.071768
2022-06-30,113147180753,115944748088,104720956744,111660272764,11841099317.13406
2022-07-01,111921479086,116481866331,107231348280,110065308370,12164979158.090857
2022-07-02,110167658282,113192335162,107607639796,110951553502,12457657063.694162
2022-07-03,110786484584,112915182749,106706486045,110195995859,11394342197.297915
2022-07-04,110229384322,116730444944,107596855136,115538488712,11430107706.476505
2022-07-05,115252878524,118563576193,109665665196,113944822191,11319727616.690693
2022-07-06,113829462279,118007109224,111618722904,116277994556,11380348235.300508
2022-07-07,116570155387,123249843999,114841231841,121307822898,11445745770.818619
2022-07-08,120779011185,124772505151,116621762029,119516606573,11400809070.35724
2022-07-09,119581168573,124712563885,118466450756,122333169975,6088154532.200017
2022-07-10,122192017770,123161648843,116391160676,118449921032,6071163746.17459
2022-07-11,118206589105,119891937165,110677962731,112287685172,6216139929.273178
2022-07-12,111681575197,114464978234,107865414507,108922902613,6192190365.336563
2022-07-13,108791510899,116276743325,105562978871,114619970878,6188308591.649405
2022-07-14,114547673369,120701079325,110774444669,118818835594,7756243521.518504
2022-07-15,118815631232,123981556016,116165117950,119967427246,7743395989.635442
2022-07-16,119587991780,126296138478,116438762874,124102557550,7743395989.635442
2022-07-17,123385705393,127017774384,119335342375,121227229858,7763693908.9811
2022-07-18,121294083574,135749832506,120674390604,133066899500,7763274291.833863
2022-07-19,133425675743,141413392263,129027916462,137043896957,7329989995.756087
2022-07-20,136862192530,142071394466,128816389419,130697190828,7697857390.72919
2022-07-21,130636197484,136262797192,126187461458,134488351128,7744697086.099406
2022-07-22,134807883989,139498349780,129864503901,131539418298,6327944191.80913
2022-07-23,131752212228,136552844511,127490839434,132083714242,8053062514.849985
2022-07-24,133297580825,137614237013,131280381176,134078461767,13138231680.203981
2022-07-25,133351070379,134825859592,123037214919,124592259804,13189751717.775492
2022-07-26,124022779424,126030136633,119084987274,124436956806,13721592515.169481
2022-07-27,124536854256,136391375034,122122367830,135716788380,13492699797.905088
2022-07-28,135947796016,146058643999,132385817598,142552493838,13510459757.828611
2022-07-29,142836955490,150235645030,138219965122,144047823997,14265481427.534245
2022-07-30,144421863226,151901126021,141052818190,144454941825,14262660664.339596
2022-07-31,144467213819,152436511920,140569994833,143406898069,14657557861.575249
2022-08-01,143166130572,148379115378,138910667422,142979194643,14137106692.300304
2022-08-02,142952493122,146292213107,135002552233,139574283220,14792550560.30053
2022-08-03,139889602621,146949051238,136741764604,141563190109,14040836224.707434
2022-08-04,140037672130,145806625853,137572624401,141336550812,12691638769.055021
2022-08-05,144673317683,153726486124,142210401742,150253654504,13521164292.610226
2022-08-06,150976310633,155203022706,145776223218,148278848346,13527841017.351984
2022-08-07,149620373698,155013285376,145389260655,150081095394,13510549724.636877
2022-08-08,151637703045,160121707413,148737126861,152918229148,13557296543.264872
2022-08-09,154946230520,158715283045,145670368673,149756878321,13487175734.98635
2022-08-10,149134467328,158535672788,145120653513,155748657377,13727239227.344728
2022-08-11,153863390931,160109793293,150621578584,152907153984,13707795324.137114
2022-08-12,152189001740,157140483530,149256719073,155636808159,14099526731.800148
2022-08-13,155645029520,160568791829,153010523674,155927911010,14105213587.912334
2022-08-14,155999562365,164826543387,151010001380,156949906429,14040041717.693441
2022-08-15,156058842373,161844518831,149457421294,152948093072,14186864414.670841
2022-08-16,152990702838,156256501664,149000716911,151735731275,14068595604.590338
2022-08-17,151515381015,156910836024,144437463347,146537385208,14068595604.590338
2022-08-18,146829104145,149996142142,139803411330,141685709788,14054875453.604485
2022-08-19,141582677332,142995779415,128395134483,130938804834,13987276235.6866
2022-08-20,129721614230,134880909379,125832738731,129758067127,13613738003.414988
2022-08-21,129980013739,136445851050,128733316786,133768221321,13584704981.318071
2022-08-22,134431381280,135542320744,127526282347,133216564337,14037146373.463634
2022-08-23,133021846924,137436537091,129496775550,135780773853,14018080862.064602
2022-08-24,135639528913,139466839856,132028513944,135617069704,14021634173.29521
2022-08-25,136558621343,141424952193,134449299122,137564398294,14021634173.29521
2022-08-26,138623612134,140743345579,125397585183,128672950052,14028854444.519018
2022-08-27,127670908179,130134618180,124340941502,127574091675,13163206117.097784
2022-08-28,127217888006,130766116048,122900035437,124116018356,13405917831.683449
2022-08-29,124056594720,133002437348,121793491451,130020738220,13193157849.750904
2022-08-30,130758228633,134495834184,124564429105,128187041438,13241055604.871788
2022-08-31,128925923058,134381708627,126610601886,129139021937,13240925803.46311
2022-09-01,129688468032,133357319864,125281371712,130921382315,13241522039.763348
2022-09-02,130069170797,133621469437,126230447983,128808799761,12826933421.470434
2022-09-03,129182800391,131285261796,126110757714,128739992206,12826933421.470434
2022-09-04,128890144381,132233521259,126774503677,130684730365,12826579615.118393
2022-09-05,130478336104,134428984878,126201743565,131839262139,12820542347.324776
2022-09-06,125672269679,129338901414,116561243867,118224658492,12382464625.188725
2022-09-07,117773984652,124465327776,115407854324,122154023551,12680432043.900026
2022-09-08,122854773488,127163611171,119648982020,123832901584,12856214156.45807
2022-09-09,125122339622,135152269788,123214481804,130288618506,13601412213.568123
2022-09-10,130429010297,134687785044,127818222246,131591429464,13132932590.111849
2022-09-11,131415673643,135485088489,127248455275,131712656476,13200155555.45645
2022-09-12,131270123586,137135803261,127119942739,131102484534,13208874659.405336
2022-09-13,130776283435,133873020577,120520191819,122392643624,13092620350.51137
2022-09-14,122045322770,126197335704,118971644886,123248682985,13159743527.2455
2022-09-15,123109248263,125930708033,116162138287,119203781335,13094421725.554289
2022-09-16,119387275285,122329906805,116182852594,120142188732,13133993121.511452
2022-09-17,119925175846,123828568520,118895892645,122509954584,13053669946.573774
2022-09-18,122215652563,123517923124,111311835573,114214619109,13052289318.424112
2022-09-19,112114969463,116545177352,108022408564,114191383425,13783198551.619034
2022-09-20,113949410287,115923936512,109128418689,110715207995,13922900522.674097
2022-09-21,111220781700,117188134463,105621203724,108872392600,13872553720.192797
2022-09-22,108404031349,116628747723,106842007468,114190430955,13953608417.528316
2022-09-23,114309807748,118106699756,109278293044,114718081244,13953608417.528316
2022-09-24,114692888017,117817381772,111444505275,113087086475,13953608417.528316
2022-09-25,112917543970,116330658231,109958597111,111650648278,14051677055.271921
2022-09-26,114036445931,117979568227,110951107802,115539107721,9578106872.603695
2022-09-27,116063903551,121878614421,112761517018,115406793306,10521219632.636633
2022-09-28,114605952545,117380946439,110422238365,114919884798,9136010113.852713
2022-09-29,115633161318,117287064428,112459476104,115993856066,6807975298.670856
2022-09-30,116040414956,119464641661,113673503835,116045946539,7125578676.775559
2022-10-01,115580723602,117163778489,113248166064,114536208720,4517818555.179455
2022-10-02,114513244284,116130570129,110888031258,112132546533,5498711715.728683
2022-10-03,111734201748,116100490064,109548273244,114290707072,6307969921.231009
2022-10-04,114734683772,118197866274,113276830699,116583215020,6129721931.900219
2022-10-05,116887667856,118137756452,112815124312,116103806725,5709880752.703726
2022-10-06,116623311075,118779291579,113799133649,115010942633,5991257760.482354
2022-10-07,115232684581,117304355476,112644159669,114779710019,6344399027.655605
2022-10-08,115060122061,116518224801,112326016431,113912535461,4002948061.8246217
2022-10-09,114285055474,116396294660,112275468936,114776752541,3906585156.3441887
2022-10-10,115968432096,117419814363,110566438089,111817263592,6147133057.214948
2022-10-11,111560808531,113305393785,107981805715,110221869493,6539159573.906693
2022-10-12,110747225638,112775097288,108636331680,110574880162,4526914757.376171
2022-10-13,111058882600,112834708938,101542284450,110277734544,9801950529.286768
2022-10-14,110295575639,114568656963,107670272423,109496000016,6395305558.659509
2022-10-15,109835882780,111961195486,107385742363,109114676375,4167674684.159997
2022-10-16,108959252139,111961622303,107580037431,110000905198,4199319017.919941
2022-10-17,110447319418,115331427264,108146833824,112487865265,5336325134.387623
2022-10-18,112595663568,115223812393,108721174128,110946401385,5872927526.40448
2022-10-19,110385343108,111811780156,105486370023,107574891228,5117363091.715662
2022-10-20,108053733789,110252097231,105037685260,107132703522,4981410081.211172
2022-10-21,106633097556,109404485669,103467953099,107969060493,5692736267.999756
2022-10-22,108212543761,110634956811,106610589494,108711182206,4162299076.036161
2022-10-23,108704750885,112066924730,106795640989,110630218648,4771461061.428123
2022-10-24,110750313145,113293690554,107305162514,109696868736,5229080746.515376
2022-10-25,110869174900,117363059087,109270690958,114672777919,7730384066.872042
2022-10-26,112781057534,118537708761,111462795524,116126574111,8694053653.402021
2022-10-27,115404753771,119198222731,112398476685,113477558811,9606400635.644064
2022-10-28,113787127867,118673569037,111867889702,116954600604,8960010380.625769
2022-10-29,117312244178,123476593266,115839787500,119713207646,11683341818.640888
2022-10-30,119547392642,123729690650,116179554575,118852831847,11904517640.097046
2022-10-31,119022882743,123265898405,116553335443,119601703051,10230254027.934847
2022-11-01,119565017751,122544032211,116700068483,119178475291,7787387939.368387
2022-11-02,118693036183,121481981368,113661869676,116502090723,10026686354.475134
2022-11-03,116317106518,122269651744,114940227447,117756786688,10361491586.386662
2022-11-04,117589809696,127887703962,115994335213,125266693807,13173419676.30365
2022-11-05,125074738296,129937748451,122363512390,125585210246,11945114955.085325
2022-11-06,125106035640,127247122070,117898407453,119250354139,9738785658.95717
2022-11-07,119014746422,123490697975,114487105062,118565114351,10603398167.995115
2022-11-08,118587684302,121287924049,94179851930,103398754415,23079128855.35662
2022-11-09,102406703439,104911860348,83328999311,86588444572,16987389855.422878
2022-11-10,87153496870,104263332459,84324362351,99986426284,17883492868.933628
2022-11-11,98211981097,100244277711,90321324608,94670967806,9701022839.561954
2022-11-12,94724516634,96202898956,88718481682,91103938690,6410790038.391911
2022-11-13,89988131275,95304732705,85151631795,87865653722,8287983617.042257
2022-11-14,85922948475,91000445624,81122795019,87392200255,9626161210.666882
2022-11-15,88129704386,93084667680,86311634931,89360775107,6997180314.506329
2022-11-16,90372730451,92977915573,85994254545,88078387679,6552013478.503688
2022-11-17,88631649592,90370614668,84698954740,86990318955,5333250038.104052
2022-11-18,88104227799,90602642049,85713068609,87869093416,4895045607.674339
2022-11-19,88674634502,90273818721,85451047333,87683487095,4716329668.946816
2022-11-20,88639956840,90231134171,82135551879,83637605583,6118142631.752879
2022-11-21,84270102468,85678027208,78658810666,81202462453,6342543951.497006
2022-11-22,82174364235,85560607702,78262291926,83050896983,6975065817.722587
2022-11-23,84697935336,89609418492,82423921294,86955552062,6270330236.550091
2022-11-24,88398583025,90642379418,85294769178,87366012005,4998500580.169289
2022-11-25,88491149993,89834729437,84034640878,86071416511,4179871978.6247754
2022-11-26,87456928389,90569013945,85311892510,86630473544,4254279114.0796175
2022-11-27,87807810280,90603405809,85518116682,86983847016,4254709182.5735497
2022-11-28,87152587297,88723767020,82302299136,84935361219,5274460732.321156
2022-11-29,86024616655,89390708825,84020066823,86042804323,4049495496.5267487
2022-11-30,86823838311,91004892617,85743990095,89637865548,5355132942.050171
2022-12-01,89697366833,91178668378,87151214052,88963116585,4434741983.46157
2022-12-02,87921284376,91774305242,86397571208,90197984002,4840503064.962095
2022-12-03,89256520823,90631157979,86399256040,87008095441,3742742010.205788
2022-12-04,87633615045,90136137833,86124904808,88772828500,3487516452.165253
2022-12-05,88987975369,92023250381,87094209702,88847122845,5273871863.393777
2022-12-06,88648664221,90600050269,86223095883,87894858795,4420091550.966076
2022-12-07,88214880259,89101782663,84137211742,85387495989,4309286530.424618
2022-12-08,85659869906,88448355219,84560151334,87390985283,4223141397.5852313
2022-12-09,88416802204,90020742625,86835673507,88168021955,3342125802.5141726
2022-12-10,88273973399,92229195934,87434028708,88600645513,3057854145.3962264
2022-12-11,88292697856,89341822822,86209526246,86747981074,2808707209.2828298
2022-12-12,86460628856,87330294207,83443539057,85970303305,3752669259.468093
2022-12-13,85162898733,88762009005,82474084319,87041876688,5023894753.5527
2022-12-14,87189268393,89267462405,85201716582,86482939208,4168748667.8301697
2022-12-15,85857013821,87128692865,83118524072,84167563799,3625144419.327991
2022-12-16,83786609405,84652603588,74301320628,75768787766,5029883441.442585
2022-12-17,75987808889,77959356369,73560462835,76983360312,3847229472.6692686
2022-12-18,76615488711,77931419162,74947098270,76182213487,2450205888.100898
2022-12-19,76233561498,77667247186,71612514760,72824742579,3393819206.0455685
2022-12-20,73491365070,76787502990,72621318903,75375135017,3146057994.6810894
2022-12-21,75308508647,76073091026,73260242550,74506799018,2625113584.4914103
2022-12-22,74840213819,76047273129,72767406299,74724423174,2975969628.318745
2022-12-23,75101393549,76051294343,74049787758,74620720824,2485757469.052301
2022-12-24,74740154600,75734981724,73719606741,74590568994,1904293594.667091
2022-12-25,74561480301,77982436487,72924917280,74102399727,2178610670.4088607
2022-12-26,73888417600,75069893869,72938564123,74232166600,2262836065.485017
2022-12-27,74642401506,75995642270,72736257330,73992578779,2950599119.735256
2022-12-28,73246818193,73818525552,69658358738,70685300784,3576598987.937577
2022-12-29,75384405044,77536377008,72315351672,74774015293,3628541862.8357553
2022-12-30,75193134987,76387314947,73134142274,75023322064,4032931476.9933367
2022-12-31,75349615853,76940547172,74270079277,75482502852,3026924191.781865
2023-01-01,75542578397,77139031570,74511481100,76028821394,2403806076.8812737
2023-01-02,76799913765,80249819973,74785570457,78358877910,3341921196.543556
2023-01-03,78175287429,80555347622,76786063051,79052335290,3356082897.8115435
2023-01-04,78968923034,83275594333,78355960657,81729973269,5744098926.409127
2023-01-05,81602258279,82960419852,79617565153,80664524649,5032807146.754764
2023-01-06,80674956467,83673552952,78520922417,82957639913,3579123204.1434255
2023-01-07,82837834370,84590016944,81441529874,82451493044,4436457401.953247
2023-01-08,82953737650,87572136555,81442213191,85575990164,3128925875.713829
2023-01-09,86219956519,92483223621,85048705031,88166954352,9567140351.517418
2023-01-10,88770364154,91292586107,86650938527,89263967047,8803033419.383722
2023-01-11,89484950105,92869671824,86398644402,91636232014,5350812131.18316
2023-01-12,92232322996,95736681642,89392215243,94218324732,7326096769.994179
2023-01-13,94667819888,99941073653,92690415796,98505779262,8836201605.058432
2023-01-14,93185439095,101596963851,90461834820,96367862960,16729565813.674143
2023-01-15,97248628654,100667928198,93854751107,98223377441,10400837546.970867
2023-01-16,97961977209,102277861780,94097247328,97660188731,11470017664.194077
2023-01-17,97625006113,101887705206,95261035500,98100050327,8304213387.640375
2023-01-18,97264648258,101913657295,91460648210,93702406378,8418693024.733062
2023-01-19,93830027454,97777514304,92146421091,96558421766,10295769962.899687
2023-01-20,96361761039,105118574614,94419277498,103740528107,6085101248.394824
2023-01-21,103288394456,107018761993,100113337509,102173458586,12922838027.476698
2023-01-22,102186203955,108527432980,100203831390,103761950841,9856550764.496063
2023-01-23,104279057042,109871060009,102403534080,106258872561,13458756083.108284
2023-01-24,105565832999,110039182989,98821403283,101858094196,11752500292.405771
2023-01-25,102126226528,109289549075,99754136444,106897918826,11502291079.630753
2023-01-26,107506473519,111519192025,104910458516,108250254915,13471846007.194044
2023-01-27,107184870490,112514882264,104218273643,110121348537,10762822329.428453
2023-01-28,109436925982,113411414022,105650359280,108711094543,11281783182.707277
2023-01-29,109555518654,114464281622,108078881745,112705301017,8191849135.561764
2023-01-30,113155928724,114848150474,104083306812,106928353895,10400660420.207584
2023-01-31,106910162459,110960987888,105178588216,108678188091,8911550533.045162
2023-02-01,109031295854,115427097032,105045061671,113571010520,8779681809.885416
2023-02-02,114263832718,119960378645,111846273334,113912760930,13115571187.813215
2023-02-03,114471144380,120635930832,112269525942,118137637431,12453687620.351086
2023-02-04,118075557119,124529844929,115673337805,120157735291,10895150238.402256
2023-02-05,119750180705,122361030120,113359618731,116704404597,9820895998.42187
2023-02-06,115171181546,120146731501,111534634786,114538009513,10570733736.603178
2023-02-07,114655290829,124216325132,113297543429,122236355418,10440212208.532948
2023-02-08,122475215824,126458679827,115637902500,120661568940,14656318739.556807
2023-02-09,119784597614,122777636254,107062439837,110074310685,14292905870.598713
2023-02-10,109983468432,113891884164,107290462742,110233800576,14631903502.86696
2023-02-11,110351881344,113612241269,108523828951,112359064571,8847909531.515596
2023-02-12,112525496144,115374443781,108935837105,110758418061,7458382806.499918
2023-02-13,110512079589,112708002113,104753088020,109181723399,10320146859.997911
2023-02-14,109534521142,114539511804,107173408523,113097601341,7833682893.772405
2023-02-15,115068204213,123717884513,113075065070,122998726494,11505755686.073542
2023-02-16,122730834618,126080528101,115538775413,116319287479,12881964330.421665
2023-02-17,116682728354,126314272471,115691767532,123751009187,14865476708.56136
2023-02-18,124292116670,128674832192,122037699683,125298429750,13676199759.764881
2023-02-19,126477367487,134696718556,123327752631,127602829438,9843658447.062275
2023-02-20,126033552606,132705153489,122574460619,128993723968,16772515554.277702
2023-02-21,129527757117,132920730034,122902723589,126237051959,14041530928.688023
2023-02-22,125852111807,128520425601,119248254193,124601584580,14454664060.078995
2023-02-23,125293612628,129149209321,122074028462,124699861101,12566372420.175007
2023-02-24,124943951775,127098048581,116608364694,119144702749,9924107465.368458
2023-02-25,119304323900,120920553672,113717744823,117459724904,10782667948.876871
2023-02-26,117660377070,121662803002,116530066759,120341690358,7400856765.062898
2023-02-27,120475555178,123030522030,116763295016,119679635310,6921970553.888347
2023-02-28,118839673313,120315430003,114048511145,115315384242,8551470452.346863
2023-03-01,115712220545,121750960551,114603061076,119957457697,8884874349.993507
2023-03-02,119008040307,120085073826,113689688476,116175297165,8686839468.888855
2023-03-03,116506903618,117078115626,106649661171,110729524555,9657186718.155682
2023-03-04,111215574654,112524863387,105755403579,108466146836,5724318290.304809
2023-03-05,108705888162,111608524083,107354059183,109208029665,6301438180.986288
2023-03-06,108615856082,110845619015,106443437654,109208644667,5713319161.488354
2023-03-07,109720228492,111650887501,105231331353,108147881673,5504995276.909854
2023-03-08,108287804262,109504287591,101279930727,102929618691,6631115418.134099
2023-03-09,103194371474,106053620820,96194143639,98725197353,7029887779.81796
2023-03-10,98388180049,101628195073,93177667690,99426800815,11583921051.003418
2023-03-11,100357043425,103451861913,91396079884,98568368629,14040903440.724548
2023-03-12,99944273459,108514902000,98027620610,107809378021,7935237886.192516
2023-03-13,107654730293,114300781547,103301984138,111334775414,13207623102.474283
2023-03-14,112259175390,121723548028,109717091754,116158678759,14294425859.548588
2023-03-15,115961876118,119137191809,105464913694,108533193076,17124836278.789787
2023-03-16,108724910795,112793523319,106684611569,110757870801,13521489966.495224
2023-03-17,110875966695,119645296457,108914890719,118803251823,10239378434.128202
2023-03-18,118497591018,123022675455,113860972686,115279345408,12471719256.252443
2023-03-19,116067862746,121964903216,114682503373,117718330330,10226644166.880173
2023-03-20,117592589037,120537759341,111920082241,113404659511,12536495186.306953
2023-03-21,113473037008,118879500473,110643801781,116549798495,9648310241.500496
2023-03-22,116065047366,118628101321,108975063535,112438695498,8597701158.807453
2023-03-23,112543711146,118065721320,110934611220,115826314321,10648316947.99288
2023-03-24,115653943626,116944898544,109265226988,111498778798,8823681475.88228
2023-03-25,109684076376,111305638267,106255615373,107847215888,6113185603.576686
2023-03-26,107920934408,111425743366,107058537012,110141430538,5123675540.098426
2023-03-27,109838151789,110895601880,103755910161,106320195554,5099011661.453674
2023-03-28,105421648531,108977146922,103568456332,107654275617,7017132769.174889
2023-03-29,107937273630,113153441817,107109065593,111294011093,7827729782.705956
2023-03-30,112183779996,114230001825,108086858721,110150580659,8706817023.38967
2023-03-31,110313665549,114078704297,108210786157,112658598756,7438876076.592992
2023-04-01,112814715394,115083882959,110270553375,113136889939,6993606178.654814
2023-04-02,112896632983,114848951670,109195311870,111024932276,6026791360.451117
2023-04-03,110560369517,113736304526,107046508172,111194679081,7000281424.999069
2023-04-04,111027156458,114355244296,109524212941,112483411875,8556171833.841646
2023-04-05,113019433580,116825800963,111414851507,113969803409,7464911616.606516
2023-04-06,113677383415,115051556492,110610391379,112453948521,7063630405.543014
2023-04-07,112577046733,114407041492,108876655635,111605272440,6077370464.266973
2023-04-08,111548535803,113350936453,108956189651,110666845057,4603229853.504951
2023-04-09,110992628648,112779959470,109019455271,111484474691,4586486378.941757
2023-04-10,111487392578,114769965646,109358126894,113804672524,4562110424.852955
2023-04-11,113719491640,116967403796,111907456421,114443001395,8515481808.051084
2023-04-12,114316763070,116281678929,110232909250,113881189258,8260020490.424557
2023-04-13,114312525701,118618076996,112732283458,117170743479,8428693517.826445
2023-04-14,117609710578,122709692387,115188316225,119961040844,10348365625.624372
2023-04-15,120019180399,122692329539,117633326476,120535083141,8889553827.656023
2023-04-16,120534813279,124294242990,118350070125,122378306848,6860162462.201173
2023-04-17,122018291984,124459666865,117992542034,120668011767,9464231084.531397
2023-04-18,120781459584,126124756936,119054294464,123896636844,9240106386.55055
2023-04-19,124273409535,125835941789,113346625567,115322450393,11015555924.220913
2023-04-20,114913592429,117524804192,110263224097,112336618938,8965460230.438402
2023-04-21,112605549811,114596570473,106038577606,107387077735,8776842250.706
2023-04-22,107483788597,110759127128,106264029431,109588737105,6963921251.241525
2023-04-23,109993433429,110619096355,105920530598,108230727413,4915198227.634645
2023-04-24,107166778202,109529664353,104325756679,107160546487,6234526401.951686
2023-04-25,106545618048,110070991706,103840532745,109041937662,6227991318.555482
2023-04-26,108916818757,113369151675,102666201200,107211689550,8650299296.081915
2023-04-27,107305504053,111315765780,106270420210,109420602014,11478394998.22859
2023-04-28,109630834033,110949911791,106893197536,109095745235,8195453360.17272
2023-04-29,109291970222,111479033966,108170503798,109951235727,4841521105.450885
2023-04-30,110076064368,112042617850,107447147781,108372014450,3884356630.533575
2023-05-01,108593223589,109614506318,104166492101,106064456971,6160174178.372298
2023-05-02,105506973023,107647362402,104170555289,106228345120,4860773729.452347
2023-05-03,106626863367,109270435259,103759245064,108237412355,5608503254.382476
2023-05-04,108239643307,109404874652,105175974960,106267865888,8159667755.680567
2023-05-05,106743820583,109408021294,105194995347,108113289121,5686564055.628731
2023-05-06,107986360057,109046464956,102558993682,104242517725,6398721718.985795
2023-05-07,104180056931,105772117428,102802403683,104081636395,4849612490.317682
2023-05-08,103378114468,104457953435,95150529240,98423778370,6115581168.10839
2023-05-09,99582763642,101350196533,97040625204,99026800680,6582877360.28043
2023-05-10,99250456415,102503344765,95765212325,100047971118,6101114074.968157
2023-05-11,100384050818,100920737217,95068579587,97149380890,7698242396.384059
2023-05-12,97642948434,100067747614,94297282053,98607761541,6948195316.522078
2023-05-13,99401549305,100128297544,97114588446,98179641792,5107904642.731217
2023-05-14,98150802390,102040482078,95433195353,97659800212,3237411632.5297856
2023-05-15,97891986443,101105043454,96725749593,98949976498,5000800574.29237
2023-05-16,105321434595,107440761320,103793105253,105835393703,5143905033.652391
2023-05-17,105235256304,108154204593,102163885994,105601459770,5562279076.117114
2023-05-18,105848734328,108189115302,102543015037,104848433719,6463955029.330888
2023-05-19,104893136399,107384888306,103679395705,105733626851,5657377399.07058
2023-05-20,105775819684,107069564324,104582421173,106233691522,4273158995.2372737
2023-05-21,105850002887,107147656903,101977615727,102785575007,3098780358.262575
2023-05-22,102897151481,104783619315,100315058934,102504818300,4630948413.266099
2023-05-23,102877839258,105443670876,101187324100,103423954375,5725596581.240581
2023-05-24,103351942866,104057283025,97873532289,99769946890,5450285866.628747
2023-05-25,100289361670,101943154817,96288797552,99671133975,7097824276.099849
2023-05-26,100201135399,102146187562,97357581784,100506642857,5066354547.93964
2023-05-27,100250245176,102067415412,98573631508,100092643491,4229616042.907103
2023-05-28,101850080018,105280340413,100014925465,102899876605,4487075418.811109
2023-05-29,103635412556,105125172343,100589832829,101997654840,6602971909.352813
2023-05-30,101968658504,105465635555,100409320762,102880773391,5620970017.035709
2023-05-31,102435518431,103883652317,98969068152,100207259794,6501221172.177908
2023-06-01,101328660610,102680631655,99055789378,100796078084,6022461131.335022
2023-06-02,100456977444,104517830995,99596949427,102938494328,6727927280.021646
2023-06-03,103028050249,104187095443,101454395331,103082663069,4796156157.519652
2023-06-04,103793548573,105712329446,101502639119,102565309695,4103292822.9394374
2023-06-05,103181349078,104403377389,93651636157,97040488641,6588130906.849398
2023-06-06,97360788279,101442541432,94950571885,99028374581,9791853524.86293
2023-06-07,99749686389,100821913052,94057167092,95343920940,8683695704.641605
2023-06-08,95977765405,98237749404,93432971108,95734677441,6307020814.093228
2023-06-09,96546168354,98058303620,93003808466,94578572451,4692559575.739542
2023-06-10,94240550253,95230628429,77377848022,84713387077,9931870012.700327
2023-06-11,85117163108,87172783681,82253063517,84163216720,5538417202.959644
2023-06-12,84990575588,86629654701,81582890583,84316163110,5266290262.197935
2023-06-13,85159034688,88231510768,83089568317,85175713538,5816292944.133963
2023-06-14,86241351035,88556242470,81877759262,83936704968,4549116771.776534
2023-06-15,83857713202,84888978515,82236274856,84341004874,6696385507.850273
2023-06-16,84261978287,87032712713,83554605558,86794253587,4798144953.517629
2023-06-17,86792620204,88849331503,86265031158,88206396504,5902196419.78588
2023-06-18,88210620796,88555280672,87053789852,87177040230,3620352170.3790746
2023-06-19,87173235031,87959978295,86208845727,87788631306,4014990743.2853975
2023-06-20,87786264070,90746192544,86389216891,90733316419,5034705497.050059
2023-06-21,90730920779,100728049179,90560328626,100426691860,9463070101.777264
2023-06-22,100982665299,104935722602,98616655071,100246460612,10861205455.562471
2023-06-23,100219024402,106012704054,99316631020,103217324597,6968227310.769334
2023-06-24,103523089861,105436944084,99876367367,102247185357,9635705902.057735
2023-06-25,102713602742,107943215746,101032317567,104024902702,10382107741.32745
2023-06-26,103808341021,106168460239,100252679034,102277956288,7446993879.836443
2023-06-27,102705064472,105384526134,100950074802,103205507072,7522507584.002026
2023-06-28,102986502368,103918402822,96315971741,98775864570,7054733809.117777
2023-06-29,98148257293,102805220744,97253077026,99587657021,5414565665.042427
2023-06-30,100260878486,105927664602,96926093517,103425744536,8089321019.932133
2023-07-01,104084483933,107968563936,102177088023,105787559675,11185888703.033136
2023-07-02,106155340675,108367681255,102586413102,105776706312,6245426325.147993
2023-07-03,106077124709,110635508167,104189022826,107743310341,7680956609.924324
2023-07-04,107875817040,110430054623,104841300055,106455445128,7695550150.199628
2023-07-05,106434588117,109110752500,102018627982,104270045895,7604294878.85596
2023-07-06,103169491948,107109712622,99669049778,100701081881,7827232279.997121
2023-07-07,100615697062,103667142134,99613112916,102452243235,7109755889.268274
2023-07-08,101693862806,103826513606,99843221415,101917560021,4467542361.619901
2023-07-09,102266777631,104077425951,100814420204,102273591546,3954350591.0454226
2023-07-10,102279204276,104924042277,99528109271,102801716366,5355072844.879819
2023-07-11,102695511285,104651007287,101248616468,103108758816,6211863493.087007
2023-07-12,103099943339,104905059710,101999195009,103484536510,5485212338.02564
2023-07-13,103476562323,112002449182,102339455234,111956509676,5828329012.041651
2023-07-14,111955055326,114376753359,110845072632,114369378836,9175818345.384512
2023-07-15,114334898901,115869126966,113587780723,114822557658,8732954406.817295
2023-07-16,114670466509,115015017088,112776566165,113185310836,4863804706.262309
2023-07-17,113056583833,114971298276,111297751171,113776018620,7305124649.497051
2023-07-18,113778505244,114433790429,110394957556,111576309050,8489247613.788177
2023-07-19,111590908961,113745513733,111449177557,112992417006,6367686839.77755
2023-07-20,112697117575,118566305532,111199810551,114554773569,6720513930.388643
2023-07-21,114887123781,118298908627,113005318740,115549286145,7947821392.647935
2023-07-22,115327768291,117632101758,111905021227,113952371223,5582162188.243929
2023-07-23,114271342060,117458062892,112461295464,115101187432,5028142078.121599
2023-07-24,114618815310,116242884055,108565965389,111400250488,7001956485.384051
2023-07-25,110872306583,113245335216,108830006021,111138098812,5552685442.310094
2023-07-26,110760199868,113892239253,108388808743,112112915462,5395285791.537743
2023-07-27,112254287834,114572337834,110301157789,112603381643,6587879282.421537
2023-07-28,112409694604,114674116225,110642924843,112696732458,5782580016.608816
2023-07-29,113348100509,115272050383,111841928664,114527588059,4929042440.819768
2023-07-30,114306912167,115874818059,110409932010,113011452104,4466422228.919546
2023-07-31,113425824037,115581209422,110142977101,112435650525,7139140180.428454
2023-08-01,112307166477,114680299440,108018249640,113027999374,8658715096.061155
2023-08-02,113035291547,114766507191,108396178692,110641944926,8933631320.380207
2023-08-03,109227062628,111123448107,107335258647,108918024137,7783677669.891849
2023-08-04,108174958435,110372326212,106123874940,108177183746,6910670478.630525
2023-08-05,107815421058,110003226250,106504082215,108830960192,6690634423.184555
2023-08-06,108639319197,110819268059,107037045314,108742129054,5190711858.296371
2023-08-07,108793688513,109740887742,106758979049,108881721029,5750165039.84079
2023-08-08,108942432540,110909400750,108221445263,110047916498,7403538323.327937
2023-08-09,110089504104,111209711424,108909854480,110163583859,9538019073.77814
2023-08-10,110203061862,110919633316,109378756421,109682818344,7321713076.627426
2023-08-11,109723923994,110014177688,108971881482,109867078877,5712653513.599732
2023-08-12,109909529557,110037318754,109314666662,109798072288,4918226433.244548
2023-08-13,109847753395,110700172009,109516702037,109747246647,4605732266.794072
2023-08-14,109724844985,115985682006,108807847485,114945997555,6681257485.56373
2023-08-15,114906563993,116406363776,108868384915,111821519196,7130766691.205457
2023-08-16,115738393862,117041721708,109221734405,111298036985,10659962198.772425
2023-08-17,114140749082,116164398493,101297598771,106971403936,9764178294.72311
2023-08-18,109321834319,112469499942,107431807482,110538298461,15757648667.469343
2023-08-19,110498531639,113356374222,109426174138,111925332683,8640294422.378054
2023-08-20,111950237140,113726412633,110761225461,112313975159,6254426701.966149
2023-08-21,114541860587,115502092302,110438871698,112597128933,6921298696.687989
2023-08-22,112600339602,113569955771,108215787982,111554598388,6967605198.55598
2023-08-23,111543034091,115716217028,110701517260,114098293400,8830960696.75074
2023-08-24,114115108239,115050314759,110775560678,112295655611,8159593696.127324
2023-08-25,117823940673,118797959780,115148295836,117157514033,7281190991.103174
2023-08-26,117254534841,118506638517,116125694166,117167431972,6213873612.442746
2023-08-27,117204263753,119059802242,116319870619,117895389355,4063144605.457532
2023-08-28,117883054382,119227394351,115270953949,117860660647,5636858300.295019
2023-08-29,117877034706,124858214334,115850658372,122649574285,5745009611.766885
2023-08-30,122710987343,123426418406,118901940994,120203654437,12539087689.294144
2023-08-31,120169758492,121544267154,115079832047,116881435413,7353328497.182053
2023-09-01,117484332285,119399004678,114327966136,116652115545,8334044158.065442
2023-09-02,116662452844,117940349339,115008761454,116481931159,7062901329.988627
2023-09-03,116463978311,117825686881,114913819747,116363793242,4805956310.327622
2023-09-04,116345670356,118512950952,114806621147,116354758961,5855726525.140387
2023-09-05,116383707209,117999464834,114544351284,116494286771,6181658133.658081
2023-09-06,116251716724,118082603678,114215682737,116779236951,6001847017.796002
2023-09-07,116811237967,118782432715,115596150077,117648489854,6106397556.021645
2023-09-08,117596506580,118675223472,115160643194,116520296917,5212258832.989417
2023-09-09,116326053556,117313418435,115353070166,116128931911,3206708790.083133
2023-09-10,116105840794,116494979963,111849793501,113783411534,3529750651.0162945
2023-09-11,113792790996,114326474903,108551584707,110268886707,4904753438.423626
2023-09-12,110259822558,115334202951,109390027317,111829740304,6269596009.277061
2023-09-13,111838811081,115123962032,110828924025,113346017022,5723282710.126734
2023-09-14,113293428328,116190693331,112402099205,114720893400,4758013104.895515
2023-09-15,114739727905,118697912173,113491520707,117158141481,4988937664.580336
2023-09-16,117231145882,120699639182,115956438701,118444582388,5249313145.676457
2023-09-17,118456190671,119389408123,114767471884,116089384368,3736516633.478209
2023-09-18,116038325353,120777238873,114908441450,117830568054,4941228608.688558
2023-09-19,117834342716,121313100143,117109171974,120129525269,4959886005.470818
2023-09-20,120654176323,121755225722,117781036795,119592154210,4854663963.958502
2023-09-21,119691657441,121200488001,116227064648,117439012375,5976784758.650648
2023-09-22,117910196003,119326466886,116468555233,118225944547,4327901674.275952
2023-09-23,118197126993,119654590546,117139160190,118318850328,3715923350.8936462
2023-09-24,118214311445,119285830295,115848745981,116442218852,3312196647.688836
2023-09-25,116398247737,118695202534,115247235290,117448970258,4640506274.823585
2023-09-26,117391758577,118620669341,115355436668,116597298933,4483463722.855997
2023-09-27,116583009974,119732915795,115333834491,117241365664,5193671959.604443
2023-09-28,117218074032,121210925008,116602363824,119829437014,5216307455.836984
2023-09-29,119852804243,121852857994,118294992243,119998261654,6132976065.373732
2023-09-30,120027192505,122053569325,119033084678,120629042543,4831105632.615271
2023-10-01,120679198285,124812349807,119697106870,123740727898,4812973034.512335
2023-10-02,123763589107,125497738760,118928945977,120421497476,6618075801.671031
2023-10-03,120349473703,122465421854,118075829206,119310374464,6947877788.222241
2023-10-04,119424474338,121281684687,116441227264,119590895791,5586747199.598344
2023-10-05,119547596524,121134871429,117323786605,118505894838,5189000052.975613
2023-10-06,118521243441,121618893162,117785641091,120352561441,5358387818.566756
2023-10-07,120574982854,122132543910,119029943921,119987691870,4215778564.9557705
2023-10-08,119997556415,121146845472,118310218737,119412939634,3365939097.479492
2023-10-09,119441743772,120124527410,113672924757,115632487018,4470065725.687701
2023-10-10,115643367725,117378506759,113957932782,115277878346,4892331941.200896
2023-10-11,115211074314,116099135591,112756364792,114448550476,4227039333.6626687
2023-10-12,114421563313,115475867309,111744322329,113377934923,4014313353.562658
2023-10-13,113387587884,115949515301,112618195280,114498799436,4487627698.822256
2023-10-14,114520080330,116186336897,113958753025,115055842368,3596793932.724414
2023-10-15,115080899793,116689922994,114365330845,115496339494,3759221517.4444337
2023-10-16,115514246667,121165791430,114866615817,117385672545,5547895794.375881
2023-10-17,117376313490,118685350957,113816616191,115824922965,7046752177.602288
2023-10-18,115818123280,117770824495,113754067718,114869695156,5542277824.677437
2023-10-19,114640636626,116946884014,112525687412,114990978408,4139319832.192538
2023-10-20,115026161828,120091735125,114395613435,117794361671,6011623633.895252
2023-10-21,117871197507,123125037322,117166787734,121563203606,4257607335.147002
2023-10-22,121571446528,125184437308,119693486077,124092476834,6864345411.618245
2023-10-23,124120327284,131901744607,122601591091,130100581214,8481293421.487029
2023-10-24,130485383786,136188516799,126147948930,130247075424,14425265584.816566
2023-10-25,130078878783,135192317042,127995931697,132228444478,10970192541.462366
2023-10-26,132357556195,136659572683,128232114042,132137959215,11083440666.711956
2023-10-27,132049541550,133559946878,127707515418,130369780544,8455737280.233569
2023-10-28,130317200989,134413210773,129549264296,132342825241,7748663718.441668
2023-10-29,132344399397,136536525333,130589230111,134809163268,5105511738.487019
2023-10-30,135215495374,139016154778,132906609558,136850586735,9603094841.92926
2023-10-31,136852006506,140074708236,131897127202,136271495349,10752194091.44878
2023-11-01,136174519801,141695866585,132195276624,139971664941,9186070834.543747
2023-11-02,140020793914,143550936431,134450692281,138109423370,14656767560.056034
2023-11-03,138297456517,141116228431,134260520250,139507933238,11765598349.91726
2023-11-04,139445556680,143295809686,137940923530,141744940356,8712700750.513683
2023-11-05,141750673576,148075163035,140167867076,144935104669,9596760103.51946
2023-11-06,145005155792,152619204797,142970287937,150302545991,11203965870.799618
2023-11-07,150373432823,153170653850,143438818170,148887792123,11915660449.320696
2023-11-08,148998007162,155613939777,147211399675,153334643495,11367481659.092098
2023-11-09,153279181858,162001827596,142957592255,154461941772,14796212169.77029
2023-11-10,156288903379,164367126929,152502025727,161266458071,23780759530.33666
2023-11-11,161319297112,168355494318,155633172522,162774289387,17166485891.574633
2023-11-12,162758852535,170085027593,157069681257,165991128208,17621540522.7617
2023-11-13,167197852834,173517547502,158407612569,160016820656,16212126330.909304
2023-11-14,160330735527,166819394210,152332691363,159368030055,18415522646.213223
2023-11-15,159797232886,172190773920,158144269863,169567067761,18975017342.084805
2023-11-16,169588088520,176751296805,160248782245,163896776005,19943980873.862663
2023-11-17,163775227099,170810989538,156505659330,164544549533,18595868930.26433
2023-11-18,164521557585,166965750213,155765025488,163695354314,13801566324.896685
2023-11-19,163704560286,169650401522,159705418467,167959108089,10910448990.43464
2023-11-20,168119698168,171993151838,162440849871,164676903224,11390844986.779799
2023-11-21,164662353722,168341657891,152532348321,153554538036,12802276503.326256
2023-11-22,153784078515,167476249676,153238255974,164607131229,17886519582.889
2023-11-23,164458748014,168663557431,161354647410,164524044847,14027644943.968739
2023-11-24,164648720405,170949249118,162719716509,166964193759,11953447899.23809
2023-11-25,167252080548,172415630184,165255143239,169963188325,12481984207.519964
2023-11-26,169716363973,172503295799,163582864223,168072631706,9152441515.605038
2023-11-27,168096688686,171076543352,160122389672,164465287372,15213084241.891768
2023-11-28,164416548463,169035980713,159855538622,166528725172,12777589189.881176
2023-11-29,160735470333,164792171951,157461549495,160124960643,13888640911.569563
2023-11-30,160225940511,163854370023,157865206125,161176841224,12935466925.207956
2023-12-01,161289815024,166862869138,159689031832,164735289996,11820465573.693941
2023-12-02,164891199984,171451248176,163753646917,169393410417,10624089603.124308
2023-12-03,169262800913,174092751249,165570623381,169757965084,13694853160.629324
2023-12-04,169788576763,179365872250,164551561249,173951625868,21354405211.897034
2023-12-05,174325334851,180659559695,168183325632,176904098420,22097337501.951664
2023-12-06,176781282376,184888658126,170316520028,175170398951,25183544071.94986
2023-12-07,175034394611,183450838337,170865735042,178731599042,18820658615.687885
2023-12-08,178734831874,189488946457,176355584754,186624582038,17596441683.532963
2023-12-09,186666835063,197121929484,182712044788,187066681192,19412547957.822323
2023-12-10,187096245294,197067569964,183384760130,193043479941,17406047041.144096
2023-12-11,192423492632,196580057943,170225399932,182909693782,22036528714.361683
2023-12-12,183791887691,195460652925,179467472228,187217055055,22646957327.084576
2023-12-13,187906112199,196279899184,177736119979,192317212438,19279073425.554955
2023-12-14,192125535942,201037269357,185590108075,196191469134,18980600100.85588
2023-12-15,196529081351,201989031999,186347370312,189043622213,19325265629.15541
2023-12-16,189393728263,204731265729,186245135922,196148527219,16855342481.447895
2023-12-17,195906540992,200009449406,187538180937,189714112230,15691405771.266857
2023-12-18,190673469493,196362669541,177763974929,192710647675,18099506002.414867
2023-12-19,192778587086,199421007916,185732598609,189598554240,17249898150.84475
2023-12-20,189798804510,202907353063,187192141155,197163846454,17493108922.670864
2023-12-21,198531928188,210559837056,194930289865,206188121135,20387437076.87106
2023-12-22,206103861014,216705773272,199934160864,209016590870,22002561817.40923
2023-12-23,208941981385,215999375610,201083442380,211997210099,16121409603.516253
2023-12-24,212175451925,221799639160,205161571763,211601001057,18345515294.71078
2023-12-25,211557451596,223881904018,207751113497,219134598510,19173387277.225727
2023-12-26,219191639492,227353135740,201609092897,216110955518,22114484191.572327
2023-12-27,216133975970,226394678071,207428608440,219893986673,23107083218.76601
2023-12-28,220234339843,229399776418,210243061359,215340689927,23906156616.430267
2023-12-29,215139317116,223043777066,206298651092,213935075186,20585930248.476444
2023-12-30,214241363729,222065713582,207991506823,214855908726,16703276741.468016
2023-12-31,214698074799,224359558361,207783116323,213426163642,14138201651.322218
2024-01-01,213357105680,226028580125,209529961322,223263504810,16421734118.338282
2024-01-02,223372275296,232904820928,216161936705,220235118279,20597757684.144287
2024-01-03,220231402093,228731131731,180909409206,205050800831,26762088414.972958
2024-01-04,205306903313,217466583396,200370908444,211866027111,25546841175.889744
2024-01-05,211948684225,215815937337,196934213799,204992265271,21468545144.38143
2024-01-06,204989859455,206934439085,191232082190,198065507524,16532487521.43204
2024-01-07,198037884668,204414713804,188918094741,191717057314,12690286675.112728
2024-01-08,191799237910,206440591595,179900773498,203953000928,18837277366.465065
2024-01-09,204181413305,209507367260,190716618181,198526202223,20180131676.97992
2024-01-10,198806184652,218807930267,192496872040,214081211786,21390923250.229355
2024-01-11,213722970093,227322624450,207936169051,217404510068,31990628060.356663
2024-01-12,217437237795,223670050802,199871787476,206831401562,26931951626.923885
2024-01-13,207062113940,213990726008,200814975530,210454060252,23749627442.245865
2024-01-14,210456560330,216183781331,202631000412,204439449470,13520281470.598816
2024-01-15,204643844514,214807958329,203325691304,208838939211,15514358512.376684
2024-01-16,209008273774,215821782835,205198709466,211368401292,16368305732.373156
2024-01-17,211490000064,215463539597,204599164851,208435046552,16108000262.392933
2024-01-18,208546543558,211107214917,194649713495,198633170583,15244490476.091055
2024-01-19,199044312879,203077328780,188054204587,198650060380,16385050277.74932
2024-01-20,198901021455,202578140716,194322574322,199458219545,15314794434.028812
2024-01-21,199916185609,203670906300,196481390981,197774910851,8127982478.46265
2024-01-22,197555678053,200048504993,185160826592,187298444190,11895394791.023085
2024-01-23,187405562985,192452212884,174242713328,186684651462,19598381696.154514
2024-01-24,186704600463,192839055293,182914941443,189822307896,16608295243.635418
2024-01-25,189788842312,192209705546,182710031353,187093514199,12535580874.053865
2024-01-26,187559096705,198378072016,185547126604,195600790417,12847504356.008177
2024-01-27,194977775859,199917387898,192417892514,197176231314,13530945617.378975
2024-01-28,197227351287,203164498573,193038053825,196121430449,9999199881.809479
2024-01-29,196709071161,204655688405,193878498271,202419924028,10113128476.557148
2024-01-30,201923639859,207176745234,196741258757,199234316461,15205167437.346449
2024-01-31,199194096724,202436791174,190671797496,193038851372,15619501307.04802
2024-02-01,193713774793,199020855030,188714711505,196484901097,16603328999.578896
2024-02-02,196443973281,203979126567,194404856735,200086906642,14047931647.624344
2024-02-03,200385979370,204287144308,196529575100,198670496795,11554939985.023144
2024-02-04,198798800387,201986101970,194128117510,196261663243,8580037063.007378
2024-02-05,196795491210,203139875649,193054059487,197881182741,11181976282.397045
2024-02-06,197433883119,201502705198,192751605593,196458102348,12986644850.530457
2024-02-07,196379237379,204365691770,193465142590,202152765656,11364257286.616661
2024-02-08,202556408217,208314898041,199848339813,203561141125,14430033008.546558
2024-02-09,203461192440,213787598168,202521415836,210619486929,16827836551.20486
2024-02-10,210687363182,217048096523,206909440403,212523312034,16367642074.987108
2024-02-11,212538926096,219441859029,209211084269,213250305105,12745231991.646812
2024-02-12,213399393436,223333256972,208733689117,220631823575,13075920166.884552
2024-02-13,220940853891,225876681719,213369845925,218811418830,19539773886.999622
2024-02-14,218857062274,230172546130,216046851369,227156809161,19499495109.29597
2024-02-15,227721155056,237180870324,222589371498,229647199569,21083963371.003544
2024-02-16,230451256571,237305071224,222794084389,229347304561,22585182810.28074
2024-02-17,229639257571,234898711691,220775805350,229790803888,15944098824.706423
2024-02-18,229662773166,239228423845,226378724814,235652090048,15457927537.997461
2024-02-19,236134949973,246660211857,231914181471,240138326237,19093376800.891415
2024-02-20,240479602863,245521730294,225530069817,236943740045,21791169412.491165
2024-02-21,237166357435,240480495012,220601634581,230739143256,26995887231.913433
2024-02-22,231396874001,240632856625,224735597228,231570488171,23535473222.85904
2024-02-23,231873183514,241399538147,223345678365,231771357003,20652586600.616062
2024-02-24,231884163265,243443512507,226918731207,238367887629,22904923194.08668
2024-02-25,238400178364,244775168550,233324176781,240574299500,16529825273.668314
2024-02-26,243890088797,256347713307,236440772553,252313843858,17349629219.87427
2024-02-27,252217342344,264233156820,245566403331,254343160421,32160764902.060226
2024-02-28,254363445643,275185124435,238443390488,261375858617,34063300707.235706
2024-02-29,262247066877,282108915334,252824259253,261933860327,55596260019.13237
2024-03-01,262496746618,283732054589,260321817833,277662165180,36171643769.99271
2024-03-02,277768441838,303168873481,271833859844,296532108842,42973714447.49147
2024-03-03,297070965029,310115776457,272769141843,296401353344,40534495544.31459
2024-03-04,296054473131,321510130367,284483355021,306828968694,42676983270.27288
2024-03-05,306805725204,334123001018,252139040484,293992529171,76099268335.46205
2024-03-06,293957567893,327593309477,280626658465,314594636686,86789471187.13144
2024-03-07,314648018022,332618806247,303701960497,320614314407,54905382031.29815
2024-03-08,320613653595,339838252126,306544678357,326262914159,45733058470.66956
2024-03-09,326306207818,344885327825,319832601855,333005124746,56612748595.91456
2024-03-10,333067174988,346886886160,316616476821,330390406276,38028302472.72316
2024-03-11,330678042938,355297382943,313613240684,345089262037,51325329022.13824
2024-03-12,344926086532,361335208522,319238082279,347206933567,48430790334.04533
2024-03-13,347435472667,365011229267,337265876386,352081043857,52236224927.36942
2024-03-14,352094687855,367146740366,325892887551,348021244832,46250615681.03427
2024-03-15,348257781995,356340066053,302911162002,331909219234,66594808033.75889
2024-03-16,331862354860,342258222628,295790050099,304502725875,45751320095.90261
2024-03-17,304530869755,332267268044,291241942099,324899542860,47374520728.99387
2024-03-18,326074985125,336665761211,302056376816,312205435031,39008385786.41062
2024-03-19,314142188151,322722274947,279546075105,291927318295,56632059915.70846
2024-03-20,291645432857,324891227189,279353633450,320565431359,43626850859.40788
2024-03-21,320232984582,331048194343,305385431905,314684870082,39818422723.79543
2024-03-22,314539536405,327661629368,298516442249,310912446285,30838513465.921528
2024-03-23,310977303523,327858751630,305133374603,315323410324,27064250141.86761
2024-03-24,315414025819,332800199042,311548210728,328902725680,20657807172.52195
2024-03-25,328871470262,350987312202,323584543663,341293837445,24107558078.97504
2024-03-26,341347161249,358633985810,332395496129,342887196772,31693839919.224407
2024-03-27,342765894565,357564983734,327233971115,337804300124,32637996496.34336
2024-03-28,337806984730,352613345789,329677865863,343384620699,36591451355.2231
2024-03-29,343124196377,353029966726,330921107227,341323663926,27306106216.77735
2024-03-30,341615508316,351752291117,333286028282,339127472504,23559537625.60364
2024-03-31,339191314349,355768880977,335495446023,350648504427,18613189909.642567
2024-04-01,350200593635,356956679043,322769028550,335512388504,21846914600.91402
2024-04-02,335509570747,337924271815,305084040574,313270942805,21846914600.91402
2024-04-03,313322983122,326282772732,300025191859,310057194352,21847821745.844585
2024-04-04,309992305241,328014370346,303118777460,317416245691,21601678221.32518
2024-04-05,318923817754,325387349321,301408667490,312876182576,28532462583.536312
2024-04-06,313178519615,326845595545,310323234305,321693827763,20064638573.4398
2024-04-07,321756327019,332202431312,317957968976,326031232854,16523012946.142221
2024-04-08,326222759978,346627652184,319993354283,339958152805,22334446098.03078
2024-04-09,339679299805,346999141786,319321172610,324073854838,26508464534.320217
2024-04-10,324028382728,330966994635,306642954848,322627687950,28209413462.537766
2024-04-11,325113991034,335480943589,313594718079,321275468373,26624478905.332123
2024-04-12,321281433227,328587517415,251189218112,280244424834,22172515512.02209
2024-04-13,281121545340,288518542804,220598123309,251604107724,43494428455.24543
2024-04-14,251653474657,277050434811,241106493890,273498793629,51379430463.86657
2024-04-15,273655725006,288826400969,254085998266,263848844995,33372027482.92059
2024-04-16,263878146148,270582244018,246557655345,262357182597,32563823475.919445
2024-04-17,262153132634,268661795411,245967980930,253788607297,24543742363.026543
2024-04-18,253754811473,266934396323,245817554279,262259144311,26508263682.05991
2024-04-19,262072460714,273811026193,241941949006,261744828074,28381861886.810287
2024-04-20,261777546040,285581040459,257885694522,282622080862,19192776875.138786
2024-04-21,282645280905,289538774258,272286325478,279194926127,20246800119.147243
2024-04-22,279267149685,294242719502,275507155142,287480980451,19959580087.63853
2024-04-23,287555714910,298243210259,277179270215,285743307573,21175550458.495483
2024-04-24,286307541831,298185840425,270084586761,274215959632,28331983273.93044
2024-04-25,274310332620,282259331945,263387254262,274047399315,28727724938.317215
2024-04-26,274120259845,278753982570,263941072124,267301174170,22838027585.95668
2024-04-27,267341253790,274175578008,256710018143,268995985125,17280310043.406925
2024-04-28,269031491601,278116120112,264293854238,266945665928,15158912290.28195
2024-04-29,266968132370,272368118925,255977383969,265700431056,16758198367.379627
2024-04-30,265570530721,269662591513,240840168563,249928865092,21294996099.884617
2024-05-01,249906350910,257870885978,233121032384,251960946876,27057476937.173767
2024-05-02,252995082557,263048930111,244042792114,258145384028,24542063106.624775
2024-05-03,258044797871,275605447876,254357747716,271319934799,20015095665.66854
2024-05-04,271260529746,280105313678,267934319369,273196141210,20749247243.680492
2024-05-05,273181555214,281838156777,266730684324,277084590308,14352983956.259184
2024-05-06,277171471749,289242877934,269910986757,272766289508,19820658842.17429
2024-05-07,272897454192,281060593288,264843664488,266262980353,20938696059.64369
2024-05-08,266360334486,272304605690,257663449362,261728812332,19266225055.23253
2024-05-09,261718079332,275275376692,258211285533,272168998504,20060803728.093918
2024-05-10,272171701049,280864524894,260115135886,264869220645,18348506990.155186
2024-05-11,264953386905,271061459783,260820425071,264442716956,17804484610.315777
2024-05-12,264504112994,269590380523,260858638679,263967675628,10567971648.492575
2024-05-13,264035985689,273940832521,252915912327,263744837996,17562335189.6521
2024-05-14,263822121727,268806764355,252932803080,255956023313,22413223300.77853
2024-05-15,255603755431,277532677041,252942791093,273612406634,24066241727.299194
2024-05-16,273880761405,281015340159,263257861176,271754299411,27861581518.78754
2024-05-17,271645874809,285127895278,268124978713,278462803456,22921178431.04422
2024-05-18,278585740492,284851029495,273299495672,277932399723,18320254661.92034
2024-05-19,277869504293,282098435261,267193711992,269703998658,14318489306.83962
2024-05-20,270974286232,297648510788,266937055310,295444782811,16715364058.83993
2024-05-21,295710878413,305282588809,287031859843,295670346480,28819803303.755795
2024-05-22,296076288156,303282776731,284960420432,292053479310,32612428855.10517
2024-05-23,292100819543,301009352251,273017695528,286787852834,31123910420.20388
2024-05-24,286751070245,294795433675,277112573145,287759889366,38654115909.65821
2024-05-25,287492249822,297457654605,285063210632,292565872411,21267345554.291687
2024-05-26,292603580021,298178082300,284982873339,289037184274,16411606685.986496
2024-05-27,289114862569,304301786329,286540330917,298042651197,22115190812.475956
2024-05-28,298292925213,303891893809,285831831845,295173623288,31061917681.882893
2024-05-29,295056666682,303358305833,286764498848,290165228232,27925217649.62212
2024-05-30,283227400588,291528517074,273184545613,280014747646,25440052496.240776
2024-05-31,279980337474,287217818771,272573898261,279164339388,21906295921.555664
2024-06-01,279294903074,284903858339,276094471758,280194421389,18059881928.626774
2024-06-02,280221219020,288007973999,272557182471,278690179168,15745222819.507372
2024-06-03,278717624509,289696421887,273766276028,280367389949,24985274429.342384
2024-06-04,280521599639,293074299066,275781765113,289456376785,21479770551.255676
2024-06-05,289452674090,300438341507,285810054958,293591732298,27910841867.12427
2024-06-06,293976902485,299153243462,284507332429,289831593302,21370338722.356968
2024-06-07,290177419961,298543287845,252956463043,273077669418,23094990677.234516
2024-06-08,273305174164,278516100424,261520436280,265091837063,30476009924.195553
2024-06-09,265129892317,272203592251,261533291506,269294160174,17064825368.295507
2024-06-10,269503680115,273164228000,259832875433,264324625976,17254879720.133545
2024-06-11,264105312048,266269229725,245672963202,252359108526,23430102654.809013
2024-06-12,253248155496,273545542039,247312942120,264967881608,23408542825.15949
2024-06-13,265033537197,267108096828,248281664649,252080284430,23841790854.41125
2024-06-14,251980273167,259973664288,238775263972,247263437265,17819751758.422424
2024-06-15,247325101627,254669343132,244015217077,249672336508,18727972202.03145
2024-06-16,249666643967,256020894706,244987004982,252939034205,11133128908.061033
2024-06-17,252951059110,254866734922,231154729416,236897412733,15137407439.344744
2024-06-18,236847549575,238568343213,209989777616,223666640209,24994091470.805332
2024-06-19,224000878150,235051565744,220493920596,228447477394,22089782693.673347
2024-06-20,229015598518,240271627497,224796182836,229299821896,16982533464.596666
2024-06-21,229684787257,234829081386,222942233317,227926413295,16938622319.840609
2024-06-22,228196613882,232333390091,222626729827,227354153693,12892462884.978931
2024-06-23,227377029825,232889844730,220211034170,222768967386,7758243772.029438
2024-06-24,222629000434,229076040937,210234631115,225278359961,16149350989.76389
2024-06-25,225191500556,236447301842,223103984698,231433690535,19224454311.950554
2024-06-26,231444840278,236937763299,224469519521,228610084508,15069905822.08725
2024-06-27,228766676753,238718170244,224434647319,234495624326,13255264227.06193
2024-06-28,234459187583,238527477270,225249511606,227100931564,14166711783.582184
2024-06-29,227124712688,232671584153,223560548323,225897143512,11835169041.512913
2024-06-30,225814017559,234959471095,222191909454,232977626854,8700051696.06539
2024-07-01,233096982679,239397065652,228612246607,231677931119,10461446333.981768
2024-07-02,233696626868,240008051311,229705147130,235226558403,12282742318.980421
2024-07-03,235188934490,236806163141,219072829084,222057387859,15007879684.612886
2024-07-04,222290154237,224569731599,201858986144,203585277874,21171842758.619064
2024-07-05,203702546484,207867538569,180054627553,201574443172,29126164926.879635
2024-07-06,201673588753,218295499355,199299583596,215830543523,17077179738.577658
2024-07-07,215853304580,217161652616,199284794309,200538906706,14492179468.456133
2024-07-08,200587173515,215281156457,192469720340,207057592506,19231238933.297108
2024-07-09,207035090584,215713700139,204280579918,212258443851,21482303565.17419
2024-07-10,212323046980,219172852205,208219065652,213286370024,14316520158.628035
2024-07-11,213252771452,220689843299,207330017468,210702253621,12015730333.277683
2024-07-12,211127234735,217667997542,206426956455,215249130996,13736149483.77964
2024-07-13,214856916220,222261882040,212642495921,218726467634,10361526906.798717
2024-07-14,218768627273,227400307361,216689569684,224856773497,10502055053.02411
2024-07-15,225051441812,241336387741,223638950539,239816952971,12716097482.093794
2024-07-16,239841036167,246383015841,228488385174,239612820388,21244460059.54905
2024-07-17,239596504306,247998919982,233413588932,236056902895,19317647953.08354
2024-07-18,236193130634,243197157649,228338237746,234450890537,15804862665.72317
2024-07-19,234424348598,245196602030,228863123810,242511994795,15149868882.238913
2024-07-20,242551507900,248028381804,238054468222,243747072700,15220757637.591291
2024-07-21,243758766082,250966131721,234165142838,248187279853,10728748432.843615
2024-07-22,248426048986,251394180928,235761174158,238174131688,17486480581.761536
2024-07-23,238562069900,244043686894,228195554305,233430828316,19510249668.908733
2024-07-24,233433212246,239619600535,225483215043,227962320539,15622779188.293707
2024-07-25,227813690021,230014547152,214632673580,223421363037,16495793942.279736
2024-07-26,223666237201,235119390848,222557287061,232373285644,15564809143.965574
2024-07-27,232402727511,239074955258,226450001126,231729261402,11253712249.93964
2024-07-28,231734583174,234092816689,225057498527,228492100860,13244034394.259748
2024-07-29,228515122340,239085428367,225114159543,227972965842,11441206665.29887
2024-07-30,227967233173,232998400187,220924838387,224463629670,13959604327.037912
2024-07-31,224817701857,230196906127,217879640598,219997241504,12363614802.378212
2024-08-01,220265677469,223882945495,206544210605,218624067508,16919832080.92381
2024-08-02,218672311161,220626788596,200481533589,202854521633,18432202365.405308
2024-08-03,202884691714,206360048287,189826421196,194870466977,19315346672.741917
2024-08-04,194891435667,198616431696,179439285633,185014132791,14175382083.065172
2024-08-05,185174733256,187845537519,150487826414,171321515835,40177045962.56539
2024-08-06,171280362248,187135163233,170749911086,181301901484,29443394593.299427
2024-08-07,181323952370,188924194818,172474294881,175708783180,21302150393.15941
2024-08-08,175708546275,198803549471,172949155053,196554119725,20182063758.425472
2024-08-09,196648111676,200512021161,188249603479,194526270288,18445794491.76742
2024-08-10,194555684292,199696026986,191522857391,196079661532,12366575679.305735
2024-08-11,196098838580,200584573679,183665623283,184943955299,9046863151.656155
2024-08-12,185165193181,197642878093,183200190171,193317370261,13808060647.062946
2024-08-13,193821141600,198748928682,187904580202,195849767676,14646516198.8275
2024-08-14,195593108112,200940591576,189160006960,193079819840,13127353032.581305
2024-08-15,193341019670,196515154914,183944338530,187385826319,13477725065.209555
2024-08-16,187492637623,192427642898,182143031014,187000271675,15080833587.74022
2024-08-17,187109996957,191086402066,184961939860,189176748837,10600703361.390558
2024-08-18,189209757441,194770086263,186123643637,188696756921,8105365393.581816
2024-08-19,188812061643,193919373659,185274267786,192139294229,9847553894.135668
2024-08-20,192633768756,200192853695,189537667539,194181241493,11988255685.860023
2024-08-21,194356303059,204124593423,191194303808,200821887115,11095306794.366224
2024-08-22,200991160475,206972297226,197842553999,204241164194,13646076699.051628
2024-08-23,204443022344,220710390619,203415308752,217817294683,11492416516.403648
2024-08-24,218091059549,226980526593,211655108628,219104092518,17322330001.24307
2024-08-25,219166098009,221345141560,208049684135,214597107052,15570505465.338495
2024-08-26,214714852140,217521296570,203550614950,205360951020,12464411009.43472
2024-08-27,205375215641,212165401142,191783780152,196183795937,13736003936.399105
2024-08-28,196111693750,202888220107,188228702799,194084778976,17759362579.43653
2024-08-29,194003247517,201547894075,189832809556,192879857486,15255165404.641924
2024-08-30,192719055831,196321873162,185068465600,192928858208,12168943132.288628
2024-08-31,192920442013,195108035980,188107892773,190320767221,10439634857.759031
2024-09-01,190460153532,191713335036,180813314949,182496641463,6702072188.803637
2024-09-02,182581600029,191163604124,181017615537,189653465176,10973513829.421843
2024-09-03,189569191563,192845784951,180699425203,181327625299,9424782893.162155
2024-09-04,181192389495,188216182650,173352395520,183958781327,12987231404.811317
2024-09-05,181959924298,184423919990,174979993334,177625548340,11581787529.189634
2024-09-06,179286599680,183574523395,169204790264,174999352381,11596033288.499352
2024-09-07,175014337341,181242198040,173619935039,177784870167,13931286382.850416
2024-09-08,177800580143,184931982395,176544513171,182509982351,7376484790.718547
2024-09-09,182519563251,193129135739,180880706597,190164944627,9522649443.858107
2024-09-10,190112916314,196774985250,187063866939,194241871399,12545287964.396597
2024-09-11,193912953184,195993409539,185017820189,190881299603,12651358679.84249
2024-09-12,191515959951,198078563294,189972879513,195739231167,13285891405.935953
2024-09-13,195765984427,203320099801,191802185888,200642765046,11393918991.618334
2024-09-14,200680387283,203275248285,195950029676,198802015454,12266993352.834751
2024-09-15,198869641729,202064265440,191398437329,193130720322,7834636105.403504
2024-09-16,193334185891,194945958989,186797180494,189570988694,12623569070.189495
2024-09-17,189632986697,198170104112,187101761773,193692805860,11896854510.514088
2024-09-18,193787831327,200039481119,187378431475,199390985121,14531995197.146885
2024-09-19,199407773856,210704309028,198237841532,205537487520,20372236185.386353
2024-09-20,205570513014,214875871206,202206026780,209290942604,18905005070.73666
2024-09-21,209513738331,216126728404,205196558236,214417955500,12642341722.641228
2024-09-22,214438163043,217229589526,204380611681,210635573465,11562347347.245005
2024-09-23,210675850218,220512144936,206242021412,215702551828,16049141572.235853
2024-09-24,215839145332,224390343626,210831253395,221472068454,15833062244.995718
2024-09-25,221562517402,228039171318,216621744285,219609241342,17782948635.10053
2024-09-26,219462658266,235220338421,215642693016,229683206979,17985711055.27785
2024-09-27,229751866033,242424285034,227529544503,236558949910,21450653946.568073
2024-09-28,236700769928,241268625117,227981917019,233164715262,17273567553.78366
2024-09-29,233152565371,239003747724,226819527540,233059958229,11366214306.259073
2024-09-30,233364092124,236481937323,220588528339,223511305921,17757945530.61654
2024-10-01,224013411022,233939696457,204271180978,210844410957,16911321821.025496
2024-10-02,210832258444,219680323917,202626259813,206833247351,29565482654.695114
2024-10-03,207052418062,212829311412,197922445848,205014306630,21733580648.37663
2024-10-04,204954234210,216817583163,202988480790,214128088333,18566160484.912273
2024-10-05,214197260900,217714593241,207874357968,211989471652,17185784756.974983
2024-10-06,212024354936,220215288838,209421895635,217846397248,8945398741.676455
2024-10-07,217987423524,227051514766,212043387925,215286547321,16913539145.34224
2024-10-08,215356328260,220338105507,209896658355,213608792060,20040469165.688286
2024-10-09,214045064598,222135518813,204878353917,207456264800,15783862422.439737
2024-10-10,207843905503,213112359350,201663280400,209123133556,15400405177.351526
2024-10-11,209120235441,220241974258,207240312829,217341566619,15369491282.46255
2024-10-12,217365572466,226014063043,215568723758,221704637252,15436456235.011612
2024-10-13,221838456412,225168946095,214028286812,220091204531,12544454979.273123
2024-10-14,220187866022,234011282958,216883927564,230637694854,17381321069.393814
2024-10-15,231081840995,236199900508,219718049837,226447424596,21369911472.564526
2024-10-16,226389642516,230952968219,219785034011,224355553469,24290723047.438343
2024-10-17,224390066233,228009325404,215491358045,219937596566,16247123133.516066
2024-10-18,219922229647,228657620504,218109566732,225952531963,15795287066.68212
2024-10-19,226003895566,230425007547,222148715842,225638933681,13491330257.733437
2024-10-20,225650185318,234257484485,221982640649,232634321895,10350014927.682087
2024-10-21,232838915902,236811373407,222048843952,225049905521,17380840551.01635
2024-10-22,225042985244,230543884001,219642354625,224429013571,16300774050.277601
2024-10-23,224426197825,226237244345,212594614508,219364878271,13590711198.288832
2024-10-24,219463571271,227002400513,216519904188,222662502912,16447695940.878632
2024-10-25,222650838957,225294357016,198425865462,206372128033,14781976597.471834
2024-10-26,206331914431,212809981977,202642967178,209457038120,20011650814.53723
2024-10-27,209484394258,215542307254,207014182460,212479412649,9156745057.429295
2024-10-28,212474923399,217559915005,204733135151,214492545060,12938953744.068142
2024-10-29,214432867240,226309114052,213115458870,222059106721,19123097786.213078
2024-10-30,221930948813,225721474160,215153446135,219188867525,19258059925.456932
2024-10-31,220020655206,222495936153,208113796491,210877819322,14966654379.223602
2024-11-01,211078875004,216085142069,204178249659,208049569511,16352724708.005713
2024-11-02,208120725939,211106005335,201917740169,204542022794,13782284196.546305
2024-11-03,204576065286,206039088860,191599759070,198861081206,11201888560.447308
2024-11-04,198830316632,202106841548,189402381676,193276495986,15085528735.827637
2024-11-05,193275260937,205788281387,192152920953,201730505772,15381493019.07608
2024-11-06,201937255207,228082620844,201685957552,224430389628,35682349464.00366
2024-11-07,224458499977,234591643419,219344388880,228010696031,27247732988.307976
2024-11-08,228059298559,236476919051,221159005884,230788197289,25020812798.87193
2024-11-09,230846860919,246839404123,225945599587,242922859660,25403599559.720387
2024-11-10,242981394154,269616481201,236695597824,256771673259,34588965341.3574
2024-11-11,256854587583,283171015890,249340023279,278281774728,66081034378.07838
2024-11-12,278315533736,292248326941,249805895552,267180994305,86946712523.33656
2024-11-13,267300158258,282085434546,243713946752,264984241274,55758349929.40444
2024-11-14,265024601331,279978566274,248789331654,254662957417,85003535670.59096
2024-11-15,254975206557,276603872370,246718860472,271612771026,50172486223.54523
2024-11-16,271779869249,298491705499,265103657471,286794098555,47277397088.54747
2024-11-17,286833445099,300623293718,268067146161,279508069484,50723547998.52753
2024-11-18,280138201663,305734491519,273892777732,293969701300,42286552688.4288
2024-11-19,293871037994,303625594855,279857631540,288009300401,45098140601.31042
2024-11-20,287997219760,298618414128,271897619410,279612400102,41654227261.98256
2024-11-21,280532581147,304104850876,270731644069,294639419788,50089945928.43684
2024-11-22,294723055947,317197750027,284824059802,310063092854,52728010911.15269
2024-11-23,310093692520,350931785341,303507339312,330329309213,66163346422.40775
2024-11-24,330352668181,358276521777,307616638393,337822276169,80078277607.96452
2024-11-25,337959282958,355730318450,315375882493,324772275479,69239741571.83382
2024-11-26,324746664510,338129377859,302219684797,322852975043,65377719383.99052
2024-11-27,322572295972,347382698811,314491383853,340328331745,49866758512.77504
2024-11-28,340512909657,351864636302,326945847687,341001770400,50480992228.23797
2024-11-29,341055616748,360143366049,334031105476,354198052992,40367053692.36959
2024-11-30,354252437334,374695032916,345381389703,362671814170,50447547968.58629
2024-12-01,363137830749,384491802653,350729268256,372282055051,49751788408.973
2024-12-02,372600514083,405229915581,347961962834,389661202553,72498889001.4762
2024-12-03,389567233512,424521968016,364527804973,401939737891,92109994580.22363
2024-12-04,406712438238,441877494442,392991725420,414922084134,94950592739.34988
2024-12-05,414961928726,439508338686,390644681768,412425668230,96758821408.72176
2024-12-06,412629739172,446667854281,402104036250,433981349471,73852484237.97856
2024-12-07,434129996144,451279063245,420235808568,432826138863,58622170999.34615
2024-12-08,432934241307,446721051150,419198372046,435988531333,47460559005.68533
2024-12-09,436072888230,440195061821,331962811068,374850987692,52280848533.18594
2024-12-10,374661987775,389718122138,338452245924,370234558913,91291686083.0319
2024-12-11,370287202455,405334366628,354489250030,398377633603,63656965553.21046
2024-12-12,398475741018,426883724989,388958249271,404126548609,57178459228.46864
2024-12-13,405079575706,419525772343,392703451131,409103954685,50791887972.42962
2024-12-14,409581255064,418695071586,385325366766,395087861447,37770884287.4776
2024-12-15,395297462063,411218889862,383888364358,406455975468,31999410639.954514
2024-12-16,406654630441,419190591352,386540839410,395829476136,40833980809.95249
2024-12-17,395935060978,408589081813,378867627699,386093904116,41548258033.40628
2024-12-18,386306215446,394343008057,349510546619,354215189487,41748219318.86629
2024-12-19,355739289303,368293982038,317805764208,329694653602,60378300570.41962
2024-12-20,329761889784,349164338984,288607496139,342530148445,76521803904.61559
2024-12-21,343277812797,362844761606,320527365851,326344765091,51521999119.32198
2024-12-22,326402029797,339049195090,314907157910,325996353784,36703510475.68778
2024-12-23,325902119900,352987565734,316244534061,347263262833,34820255673.92833
2024-12-24,354532943879,374386176336,343067315774,366785512173,37305190499.71332
2024-12-25,366833279887,375344172344,353243049786,360978646435,35469302178.71454
2024-12-26,362751166262,371013170921,335978840663,344208253889,28812476560.277435
2024-12-27,344260412803,362707305459,335684278645,344353474286,27593001098.68061
2024-12-28,344422439040,359359380969,336958328845,353145276241,23277087307.33205
2024-12-29,352874916858,357137356944,333008036511,337511803316,19134352665.35492
2024-12-30,337530585236,351623539044,325376100781,335549528617,23061401309.453144
2024-12-31,339364082175,351390368326,326681237032,335334774256,30576343422.964447
2025-01-01,335733186536,357802281760,328932381017,352250374201,23394083703.700493
2025-01-02,347498320530,368576205932,343084113426,357417175056,30870365487.348625
2025-01-03,357457477278,383716719048,351010638563,378459338001,28281518615.175644
2025-01-04,378480802503,389390409380,368800092499,379591252736,30835733079.061707
2025-01-05,379624863585,386151334794,368245236510,378441533529,23869300742.7511
2025-01-06,378403623790,394503684493,369914913571,381979832681,25663301658.808273
2025-01-07,382180241927,388471788452,347943052431,350595167639,32055591303.30018
2025-01-08,350495220639,356480113746,322220754985,340611727163,39616960977.01285
2025-01-09,342091615795,347421874710,320300355740,328623557973,34040115164.630257
2025-01-10,327433643235,346849267076,324122996669,338457416794,30695534703.673607
2025-01-11,338896794397,348330022249,330522285855,340507676070,27173441961.51355
2025-01-12,340563433349,344960668317,328946027195,333599499404,16793759892.808908
2025-01-13,332368254036,341642489039,301238102030,324041279804,25280388156.79187
2025-01-14,324028904770,339774615736,320359034436,334522689481,28247699724.755672
2025-01-15,334545543993,362002743751,326670356159,358932044477,23311648114.529808
2025-01-16,358820148370,370028701223,343777342634,355755181890,34557851717.62197
2025-01-17,357365436983,384311059933,355775089644,376222931956,36120837844.02635
2025-01-18,376415489770,385269595779,345919334750,359543635800,37427797935.91165
2025-01-19,361890283938,376327007864,324395974687,334036274806,40523083858.01762
2025-01-20,334519965032,367460779219,321941573233,338666431841,66752293098.34358
2025-01-21,345388757772,368624531445,330634746745,357606595084,93573957781.30836
2025-01-22,357632442144,367513058372,343460149595,347960336063,44489736842.18215
2025-01-23,347764158682,356282006228,331917863505,345078499444,30300364639.750286
2025-01-24,345170465056,358810145668,332706805469,340473631990,41347171101.64236
2025-01-25,340515526461,350354704071,332534686161,342353312966,26963696400.01384
2025-01-26,342381649649,355513503024,330541654743,333038882105,23319233927.548733
2025-01-27,333020732393,337844315996,302563187013,327222887235,36917269234.94319
2025-01-28,327243817617,335489430478,306192645484,310699070398,43773154416.05645
2025-01-29,311084627367,330406402029,306162920337,318637036274,27012122402.566902
2025-01-30,318651646555,344408371436,315619472145,334813203426,29737181174.725273
2025-01-31,334837913313,350145424518,325700652891,334135727284,25189896253.77948
2025-02-01,335192749634,341728483375,306910508116,309510833109,26946353275.265984
2025-02-02,310754094916,318697837525,265979408947,279983663233,27806074499.892544
2025-02-03,279799476075,299092398700,217999235800,293064305760,69879154538.81708
2025-02-04,293011286755,298258665367,265329106777,275723423679,47718828186.91047
2025-02-05,275925584777,285259180160,265472052854,269568061702,31541965137.871937
2025-02-06,269675921872,279198517125,256075691456,259578697733,22670845930.870827
2025-02-07,259945348460,277181399508,251581451501,259415555011,26099983858.37497
2025-02-08,259467609657,267276168487,253419483453,263738416069,23980958298.5027
2025-02-09,263761068423,272401345212,251401990300,261531202219,15445749895.66267
2025-02-10,261597903800,273180000748,254162171693,267428898533,20920816623.951607
2025-02-11,267049134361,282397435602,261012519599,265873766082,20950726338.357655
2025-02-12,266030132012,281295036150,255192169750,276889350852,20207491074.97207
2025-02-13,277003827861,282040489599,263701222091,270973029577,28704471267.850792
2025-02-14,271075206218,289637000739,268420204403,280206669980,21681940072.70915
2025-02-15,281099162564,286683663312,270846346521,274667413399,25167223988.596123
2025-02-16,274714446258,279070791386,267547818582,270811470804,13764073605.412973
2025-02-17,271017305279,280903692183,263513356991,270155822680,15963628242.526487
2025-02-18,270614340385,274267446186,251372556477,260739341054,20344777305.39191
2025-02-19,260693217391,269723069307,255367865049,265214188608,20975442406.09376
2025-02-20,265353216177,279126664643,261779399075,273767395409,19500624517.09376
2025-02-21,273783319201,284574994293,259045242992,264905459392,25656471082.70668
2025-02-22,264854154337,276515465451,261867387174,271341915075,28615067536.059826
2025-02-23,271377177248,276762815822,264185765781,269136814674,15500971913.127058
2025-02-24,269164444704,272846505929,237943496734,241216799813,20873490378.37346
2025-02-25,241213421553,251227837300,224994541180,244411040648,40483982509.80436
2025-02-26,244322789730,252609470085,232763448334,242733802594,40356143481.58866
2025-02-27,242690209112,252481765939,236230325924,242995526487,29846910950.247517
2025-02-28,242933507524,247972486365,222580764301,242224577866,30074182622.65412
2025-03-01,242142825237,251170725505,234747824264,244335117912,25067332566.214504
2025-03-02,244373550217,272824755340,239552667086,266633046668,17340846109.276333
2025-03-03,266866070303,271815165466,229306608323,232540787545,42487687556.3151
2025-03-04,232478977795,246405189321,219501745359,242775040894,33711209157.99523
2025-03-05,242985739582,259560388363,238371528935,253456036606,31937261176.756138
2025-03-06,253569162941,264077774633,244632633051,249687527301,25009857235.710014
2025-03-07,249873027761,257380902410,237557085759,243669570283,25824171597.17711
2025-03-08,243820009099,248458083219,234798985220,240282334779,21191902113.053654
2025-03-09,240437264201,243307103104,216514885440,220200086135,12806144245.156527
2025-03-10,220290024418,233528012601,205446123075,209662126488,23732354842.75852
2025-03-11,209658307822,224605359496,199379837394,218673546019,29069053929.251053
2025-03-12,218697425961,230545479448,211956353809,225317294582,24722728686.68645
2025-03-13,225255425331,230124393499,214452906206,220049153573,20038866185.79248
2025-03-14,220005111747,232836656835,217340265084,226123087084,18306298782.491177
2025-03-15,226444912157,235873967972,224148836167,231879409482,16283628266.451828
2025-03-16,231868576737,235723779973,220573845903,224415550335,11967356063.480347
2025-03-17,224326373408,235868737259,222619467555,230720364780,16635785134.400898
2025-03-18,230673384849,234538458229,219874899587,228642303691,16449773319.552723
2025-03-19,228857267831,240648757877,225888655849,237417824425,20524880885.985474
2025-03-20,237701448685,241009809937,227282181941,231008957206,16303981688.938433
2025-03-21,231790499699,236831025100,223260355440,228514007288,14839384523.873672
2025-03-22,229302441121,235944725720,227289258182,231103887539,9645104936.492792
2025-03-23,231105713211,236902049367,228149718188,233867936127,11266424539.516878
2025-03-24,233830052145,247485227886,230507542477,242323320577,18798073312.033424
2025-03-25,242339710229,249764963952,237453246035,244834880714,16354148684.311914
2025-03-26,244814049914,252993035182,236598077570,241595458753,18061960516.13852
2025-03-27,241626047551,250258335799,237962072982,244041844500,16998240439.467804
2025-03-28,244168619304,246281696424,226396793595,230378208315,19093108989.596653
2025-03-29,230402858154,232538003002,217182497920,220843149984,13556835605.81834
2025-03-30,220867151105,226953444019,215871794367,219777129290,10683721215.390316
2025-03-31,219652338024,223735619761,211663961286,218523376548,16823603066.735165
2025-04-01,218759208014,230295719494,216545780528,224218925983,16957210498.473366
2025-04-02,224145352502,230060162440,208853650288,212186389580,24157257963.71081
2025-04-03,212049858259,219308036254,203842061029,212326258719,17523027099.49091
2025-04-04,212201106431,217783455473,204824224552,211876066243,18579834414.89019
2025-04-05,211976590918,216126489904,205048806380,210355183897,9381872318.126736
2025-04-06,210356244280,212423341764,187049796737,191037250175,14356380212.179947
2025-04-07,190891955886,201930327851,175893878286,195485219897,33264794516.92001
2025-04-08,195401055407,202796643814,186040513975,188424089204,19842529549.06293
2025-04-09,188694590214,213100492981,182871869379,208225763101,26635419762.310295
2025-04-10,209047216888,211843082996,197542796240,203246706128,18974107924.463238
2025-04-11,203116003089,214502165440,201652082859,210199067128,17612195569.59333
2025-04-12,210320068171,223107966309,207050523948,218901495927,15898002451.32223
2025-04-13,219001478767,223207813001,202918731288,206417552540,15923155254.192978
2025-04-14,206363196019,215371036629,202703695211,206448183857,17105772648.188574
2025-04-15,206497962391,211312277522,198728014430,200595614731,15101955177.302946
2025-04-16,200565221654,205341892252,195467339975,200196973933,15215835833.544804
2025-04-17,200156207293,207151264107,197492710593,202961803510,11859427949.995136
2025-04-18,202961815335,208098739854,200175099047,204624780816,9462350558.454023
2025-04-19,204804906149,212288526846,203474426354,210018350315,9463619921.634125
2025-04-20,209863995592,213868658729,204978476787,209528365405,10088804549.936243
2025-04-21,209753384540,218499805608,206657960818,210534241978,15340668656.790092
2025-04-22,210580008917,227841932206,206847294033,225669467191,19941726923.43972
2025-04-23,225833857049,237378358479,222174171625,230009411370,28168047481.318558
2025-04-24,230019427399,238409774848,221346085727,234838362271,20823103207.95617
2025-04-25,234852829586,246119372968,229919822261,238638703198,24503363375.92186
2025-04-26,238664522884,247881745465,234266926136,240503020673,18417956979.58963
2025-04-27,240514588689,245095203841,231310737029,234845289272,15348542265.733135
2025-04-28,234794505670,247871909216,228792224382,239045857782,20796608651.800697
2025-04-29,239082068197,243993191408,231355423663,234629731172,15428833713.692663
2025-04-30,234578184309,240051809004,225103266342,234380804193,15590731076.249125
2025-05-01,234765655465,244635389453,231814624652,237377064886,16052725919.358747
2025-05-02,237464029523,244093385088,232928207540,238188651887,15457187465.410728
2025-05-03,238234412673,239936840039,227526460562,230229083205,9976757879.221401
2025-05-04,230247344210,233826236332,223355540600,226316871339,10468324985.58625
2025-05-05,226348274686,232492880600,221187342748,226099131665,13434483471.016205
2025-05-06,226156087037,229913299930,217043330873,226348143642,16059560544.567125
2025-05-07,226381721425,231373012049,220649112160,226743278267,22845040917.328857
2025-05-08,228742065163,258163188916,227662832710,255563763658,42415826145.04753
2025-05-09,255295021575,272758432150,250581772620,263944734014,49610265889.25682
2025-05-10,263994103948,285446760347,259941086133,282987025056,42524267402.76632
2025-05-11,283005128464,290441913359,266062421024,276421652062,43130866831.23523
2025-05-12,276477113514,297203899801,263945611014,277180173841,53926515308.32247
2025-05-13,277528347205,289803904169,263142601975,284485306305,43581065494.72179
2025-05-14,284765300019,290424963387,269389838128,273612044167,41428210625.12175
2025-05-15,273583392132,278202919747,255987523770,263771897609,40721504668.03537
2025-05-16,263967140688,272664330213,257089477056,260387639299,36922114877.3973
2025-05-17,260467145289,262773947854,250274135194,254478279879,33415068388.943012
2025-05-18,254498210856,270567525071,250167979934,264669912135,39600566821.54276
2025-05-19,264443048553,266572060743,246884750497,258333348892,39794824167.30142
2025-05-20,258722023436,266093405969,252859019269,261170104107,39732240108.11804
2025-05-21,261164782173,274509097497,256960850789,268196892773,47127648834.20824
2025-05-22,268270760375,285618110340,266062060679,280657673645,55826630538.13546
2025-05-23,280851290853,290632765286,260925632613,263800723574,56524758662.66091
2025-05-24,263824580035,272173166417,261040127595,265550841590,55959059469.91063
2025-05-25,265577472898,270485307339,255677379484,268034202384,39702972594.50005
2025-05-26,268456722460,275794438529,262232951627,266274920665,38545254256.54295
2025-05-27,266492999668,276356936464,259931366575,268846915851,44562801469.08174
2025-05-28,268803179918,275085752305,258770051583,267685605439,43511413207.15145
2025-05-29,267678804669,275339298976,256968195380,259085278224,47526292276.04892
2025-05-30,258872542647,262757596122,238099257301,241382065105,53988393485.83313
2025-05-31,241249037385,248020139297,232508497269,243598130821,44679025503.42892
2025-06-01,243900657265,249489649242,238025561877,246921220440,38474104031.45774
2025-06-02,247609751147,253371668739,239883087714,250554037628,40851654561.18599
2025-06-03,250647405648,258131820460,246589068328,250209284799,43062714310.96994
2025-06-04,250296697883,255623019443,242181047937,244623103957,39716031224.29982
2025-06-05,244743473360,249495865125,228307593886,232438498181,46282992431.10817
2025-06-06,232440106131,244632485371,230406269400,238417565248,41131978940.68629
2025-06-07,238450759248,248140829063,237208521383,245111537681,34615196731.54007
2025-06-08,245144391047,249474476973,240414014803,244666305652,33953717643.116158
2025-06-09,244692595568,258225071424,241061000877,256654407163,43687372077.6654
2025-06-10,256530561870,268478810837,252359221725,265653947757,50326115289.2393
2025-06-11,265713903374,270763575801,254846745120,258601056104,48591179850.35027
2025-06-12,258663319032,261129940220,244318994056,246329898494,44764504309.25746
2025-06-13,246454426214,249280709393,228404791371,242972513876,54772451726.74679
2025-06-14,243012159806,245222298256,233081285241,238058186184,34829818191.27562
2025-06-15,238106809907,243117557633,234089561504,240014809457,33416036642.446255
2025-06-16,240326039874,251756026120,236154612604,240371829756,41757122659.55502
2025-06-17,240576934896,245190012171,228616608109,232918202038,46184631667.59635
2025-06-18,232736410400,238208146132,224921842869,233081490172,39480054719.52958
2025-06-19,233020780638,237798621423,226516731381,231898061593,34942428448.04819
2025-06-20,232476984031,237310797646,220641066038,224637388609,38438582439.2054
2025-06-21,224697604400,228892175148,211708058272,218135631618,31703827385.869328
2025-06-22,218117617373,221556626247,202145123742,212811735479,41840106049.05745
2025-06-23,212766352915,232371621017,208726265165,230413113632,43989990705.52795
2025-06-24,230484621478,238177589931,226259776640,232874691590,40461851729.97837
2025-06-25,232688528880,238333848643,225791038171,229361730579,38881979946.34864
2025-06-26,229244477967,235183077688,222101787645,224679966032,36018962469.53647
2025-06-27,224718983943,231375762514,221481101343,227617939735,34863507392.38764
2025-06-28,227636074707,233552839017,224834063101,231219201627,28915680695.336414
2025-06-29,231238648284,240783694005,228178278022,238053788177,31850535804.904743
2025-06-30,237983988636,240905316069,228588400579,232396382439,37114568888.24674
2025-07-01,232677125412,234769872955,222212176990,223921817156,34726216440.01737
2025-07-02,223864122167,239959293655,221954774509,235845064939,41385667170.40721
2025-07-03,235863683145,243695440970,233286714913,237371182154,41183168393.0333
2025-07-04,237447174766,239620093458,225125892043,228944251130,35167714946.50713
2025-07-05,229053436863,232469830329,226210628208,229975232803,28319891106.687695
2025-07-06,230019991038,237930046676,227401058595,234006767533,32951675907.146877
2025-07-07,234061358943,237514407190,228314663314,231264943218,35059764521.34869
2025-07-08,231426353005,237644404950,227805528870,235392724525,35969839504.02378
2025-07-09,235497389598,247873719880,232914858898,245073195290,42938117577.90759
2025-07-10,245038779117,261966651023,242354291928,259913416311,73524369674.76779
2025-07-11,260153364797,276975504365,254270463197,264560418050,68574212635.25846
2025-07-12,264574197698,272242906344,255385417013,263586207055,46040732585.45831
2025-07-13,263699544180,279914604714,261422270979,273656008790,49062564846.43457
2025-07-14,273742812349,289648011325,267834470527,275127737502,158605577052.71457
2025-07-15,276712989535,285903171451,266416178349,282351055709,62423095391.81381
2025-07-16,282375511327,294628189968,275834551849,285793852417,62998006364.34944
2025-07-17,286389532790,300503670216,277866327703,293086842259,67978990297.89914
2025-07-18,293201094145,312401605709,282033871234,290675180829,74680098117.2098
2025-07-19,290899804691,300887049773,284635489770,295726130711,47284113806.29411
2025-07-20,295907620094,313065884328,293133977242,303895121847,57922743603.04542
2025-07-21,304107566827,319138154484,297374100650,307285623740,65273419860.55616
2025-07-22,307516467760,315991477412,294394220215,310590616562,68989954749.48264
2025-07-23,310949465470,313877372200,281281939618,290227591805,66258673437.13857
2025-07-24,290348627040,298513069590,274711198222,285183064411,61269684632.11913
2025-07-25,285505525238,297127095050,277065980091,294504117891,61002758961.40002
2025-07-26,294545773419,304768052704,291193598274,298073798427,44952348805.36149
2025-07-27,298315400848,310795665433,295731563796,306128046425,47801499633.13057
2025-07-28,306140611613,313894546598,289316198480,292051961892,55477274861.37125
2025-07-29,292270861535,301153971109,282068339154,288653366972,52906101840.33579
2025-07-30,289216297679,292584482245,273435940222,285085371438,52188866713.70732
2025-07-31,285663802331,296403062086,274589569777,276233488113,50168132800.31263
2025-08-01,276525093261,280085524476,260902337312,267107424759,58968117516.55652
2025-08-02,267242137439,272008971452,256258481363,260897913176,41634448267.66489
2025-08-03,261468374751,274367348560,258395298483,271209612069,38726453011.55046
2025-08-04,271718369742,284058474296,269514224289,280353134957,43837694471.34668
2025-08-05,280443657322,282776917962,265737231908,271144472574,43193593263.76502
2025-08-06,271394103875,278449864938,265226886413,275288717988,39725818721.07384
2025-08-07,275491416825,291150412427,271959536411,289450884221,47164101794.56389
2025-08-08,289987874751,299772361171,285087264828,295262515134,53324963869.91432
2025-08-09,295550044292,310217625539,293183416076,304122306586,48073812500.20075
2025-08-10,304286129652,312065239781,294854510378,303440719512,50823536980.39059
2025-08-11,303705543585,313185590896,289861150122,293164794973,58217873614.54437
2025-08-12,293455721432,312617930807,288915555710,307715091842,58380025941.17534
2025-08-13,308096771214,328307405476,302418268238,320083066028,66786592660.76156
2025-08-14,320264755458,328144499604,293552021621,300688384148,71693915959.93098
2025-08-15,297250059285,307896249678,288242459676,296551589526,53308010776.24648
2025-08-16,296650302240,304160808119,292842933638,300246868221,40403691301.94879
2025-08-17,300499371629,313094876153,297542143231,304468312520,43494892909.90773
2025-08-18,304758562377,307119522040,289276948226,295489723883,54404642892.58815
2025-08-19,295663786780,300073675793,281023936041,282738555556,50172802428.84152
2025-08-20,282981942533,298629481853,280278457088,295615847031,50505813446.2801
2025-08-21,295765487310,300685185420,285520465341,289471269240,45183540445.06399
2025-08-22,289575419763,316883139864,282117826287,312024584764,64383601806.27519
2025-08-23,312298031734,316781637110,302179967896,310107480069,45889520223.78072
2025-08-24,310171149561,316542541440,298815411312,304979881633,49742300571.12419
2025-08-25,305231534805,309262058223,280391656223,283841152948,53799718936.64046
2025-08-26,283728010810,299574008806,280892864399,295770322885,42769484946.78826
2025-08-27,295832682757,303922143912,289636698861,294219892232,45755287596.51212
2025-08-28,294330661845,309664336358,290894446042,302601920436,48301665999.59235
2025-08-29,302564995163,305441494165,283999801817,289714504801,50349481993.87034
2025-08-30,289879549167,298705684279,284412342986,293624493616,35540861889.88444
2025-08-31,293741909540,299885394297,288265184548,290135973898,34512128591.86965
2025-09-01,290542422212,297477531940,279196313147,285267013800,47812442972.18434
2025-09-02,290761176940,302870378374,287611878010,299533938938,46614208608.92777
2025-09-03,299686529057,307494545946,294942721825,303068010064,41824228117.67494
2025-09-04,302020820490,305069519832,289151993599,293071521273,40216536700.34764
2025-09-05,292292205341,304046373324,290042487444,297506387134,25441452987.784645
2025-09-06,297617130469,302530022915,291956684681,296733029767,13992889803.872972
2025-09-07,296781674681,305089014909,295310461031,301390367841,14864376873.820606
2025-09-08,301595224312,316153901642,297582925884,310427561550,28263753349.82755
2025-09-09,309971174567,324608804761,304052147101,312601839127,39745423326.68319
2025-09-10,312766306920,324875404120,309060636507,320064272998,27354408981.502647
2025-09-11,320241109289,329505994911,313533599360,324151016051,26482778179.67054
2025-09-12,323980281154,333865105068,317788547869,329319915079,28121853763.522297
2025-09-13,329632157148,340868948005,324461862048,332423326508,27347391639.36546
2025-09-14,332569833499,336305022070,318745633231,323665177394,23616437405.15083
2025-09-15,323811599985,330125094955,310923376022,318081100603,28969527744.93131
2025-09-16,318182796394,325604125462,312350403800,321381892995,23243213852.857834
2025-09-17,321603441715,334775679793,314205979487,331125326308,29491770734.661694
2025-09-18,331439097586,342883143046,326741997915,335615766279,30916386577.68152
2025-09-19,335769295501,341358534084,320068594054,323446403293,26726326521.388355
2025-09-20,323528901307,329970985426,318752308915,323825142321,17151899950.159245
2025-09-21,323836890475,329197556709,315596773555,318347941735,17463522052.32539
2025-09-22,318604587468,322425134362,289359245577,303912180122,43847345386.11869
2025-09-23,307227717258,315316174071,297473285155,303595749767,33220330366.109398
2025-09-24,303973434366,314199645533,297296827719,305441447444,29909981097.35624
2025-09-25,306452612952,310404944578,283330823548,288936321630,44581752892.57997
2025-09-26,289373037370,303424106383,285037422658,299253726970,36025061412.01734
2025-09-27,299350508764,304249340214,293027192184,298739094313,19091728855.82548
2025-09-28,298754589778,307969113590,290747094698,305803282801,20584608339.69451
2025-09-29,305994290151,310918589296,295723640088,303295361815,28437595881.16815
2025-09-30,303737568687,307584880104,291100843974,300116773978,28796336142.10213
2025-10-01,300193324704,317913125614,295803114084,314540113740,32115703741.89433
2025-10-02,315002534125,328269122500,309353687167,322251179084,32638644877.861263
2025-10-03,322301746744,330244693626,313594665800,322162696426,33057656053.36128
2025-10-04,322204180130,327045166899,310575229450,317220579952,23009865820.10508
2025-10-05,317369821455,329165545381,311692536303,316483754548,27820224889.816635
2025-10-06,316611124362,332175255207,313118357413,325927360834,34121578160.06034
2025-10-07,325941031450,330394112070,307916670249,310873853404,40212788574.23557
2025-10-08,311794249081,323973243219,306855804408,318196934954,36000403998.67782
2025-10-09,318309347126,320997675232,300715679773,308674293883,34780692079.46427
2025-10-10,307631267342,317077987371,156588397444,249792503337,64848786587.9655
2025-10-11,248073346943,267833854867,237933159784,249340423436,50718878910.8259
2025-10-12,249338557687,276000722171,242199517578,269452903176,39216928807.03466
2025-10-13,270418551566,285390181034,263396581952,280227892925,40034447075.32053
2025-10-14,280222630811,283263805431,256163070607,270713975495,41174932666.4158
2025-10-15,270736325721,276989238148,256339857175,259643453993,30208924994.56141
2025-10-16,259742019819,266631319402,247035631340,250457444581,34033396613.13486
2025-10-17,250667607440,254751891513,231730262546,243488525251,35718476827.53669
2025-10-18,243321950826,250659027793,241106134807,247192886649,16133263435.190462
2025-10-19,247153593063,257420247456,242612649561,252321294027,17232634076.680206
2025-10-20,252057868770,263107421745,246559526369,254838212286,26478079833.37349
2025-10-21,254365795431,262565687274,243563898282,246541447030,33124580496.10032
2025-10-22,246540454644,250262495612,235940503927,241565876938,33131316444.158417
2025-10-23,241553908213,252572271792,240193760585,248044410848,33018468068.203255
2025-10-24,247947031680,256798062227,245099108512,252992567081,33191448948.92586
2025-10-25,252990209682,258840516336,249167604086,255851889149,33191448948.92586
2025-10-26,255853030804,269875945857,252549966808,266247612231,33191448948.92586
2025-10-27,266247482768,273732485364,258796782734,262548079517,32883250932.360733
2025-10-28,262569791756,271410731763,253677607132,259178781328,30257048020.23265
2025-10-29,258898275607,268234721168,253661662424,260491230414,26596545703.813824
2025-10-30,260472384830,265462304455,239021148861,247529998039,29934405274.40337
2025-10-31,247339685672,256891943493,242761336014,251103792947,23842070045.25917
2025-11-01,251190523772,259458145636,247968633386,254779120970,17069658541.246656
2025-11-02,254789858604,259920600428,246253639939,254604033752,18045925838.637318
2025-11-03,254534882711,256652271891,225295985829,233436706247,32493207780.240166
2025-11-04,233262076818,241451747463,213221967677,227253611325,42273912553.01319
2025-11-05,227267042436,240602546343,217616892664,235349989360,28914768464.40608
2025-11-06,235078497487,240619365063,222904827004,231147566090,26612201752.102722
2025-11-07,230667387963,262890603747,226698543243,253381154143,60088068270.20396
2025-11-08,253336238885,260544748320,239468195015,247766280387,47493025263.12231
2025-11-09,247672751875,258635718766,237819309893,251924443654,41901585561.43718
2025-11-10,252479735087,267935770823,245892682586,256608961739,44443941097.22269
2025-11-11,260360588266,268420990384,243380319895,245561237224,40247157096.16644
2025-11-12,245659110530,259602872992,238943495131,245141026822,35182403990.44503
2025-11-13,245296714217,255238702054,232542735244,239784649389,44699116521.79858
2025-11-14,240586534877,246543544139,226362247036,233348030782,45712455204.11924
2025-11-15,233323284555,245643272555,231171934576,238443669433,34618522678.20353
2025-11-16,238535140682,245085631150,227507102635,233908308211,37730882428.5986
2025-11-17,234313458918,242103174794,223182796171,228516089136,38501084201.42483
2025-11-18,228596771441,240234620914,222372835223,234269517351,44728905400.74481
2025-11-19,234175454051,237799265635,219073642045,230069035396,32031367073.96665
2025-11-20,230071274816,236513664872,217045378780,219838024566,38264261937.15785
2025-11-21,219630781426,225711455819,198344736681,210197303896,36960491893.94112
2025-11-22,210199743349,214700270283,201585794201,208254789521,20821173753.482265
2025-11-23,208253550589,218773310183,205687233347,212445687562,26948720549.96162
2025-11-24,212794865369,223959764585,208030766773,218790011899,36544565202.71076
2025-11-25,218829183388,223763493103,210917450545,219642964002,35631981168.7236
2025-11-26,219586203855,227428452915,214021591680,224112037724,35611458367.78747
2025-11-27,224012239007,228291360675,218234508248,221483858060,31509561378.066204
2025-11-28,221418321095,227297819072,216227548465,219446013781,33192933973.49987
2025-11-29,219490748654,222812506871,214459711801,217072095771,27440421207.88063
2025-11-30,217069887604,222771671310,212437821001,214753572887,26459164583.262337
2025-12-01,214784254496,215970659098,196790741993,203176706310,38992895861.48374
2025-12-02,203071604267,219018489549,198714870586,213163479396,37453770747.67026
2025-12-03,212945719332,224517478503,210469613289,219700829502,36938878116.57045
2025-12-04,219748716350,223953773002,211940123746,215378697593,32740634524.870792
2025-12-05,215078377666,218514238490,203737038316,206780337724,32748153853.969242
2025-12-06,206883115491,211748265479,204313529435,208369859446,25727181055.310043
2025-12-07,208395220042,212968352447,201067074577,206415644924,29382576697.210564
2025-12-08,206673413895,216098593992,204422266481,210384599639,31022260856.23407
2025-12-09,210332714372,221089175186,205728176109,215286900763,34797914584.08215
2025-12-10,215193436943,220762477272,208921232364,211867013609,34955907951.30143
2025-12-11,212140747413,215185294320,203289381460,211155093321,33637776935.587257
2025-12-12,211163786629,215219890705,203839078082,207850133589,31939941161.0704
2025-12-13,208113110763,212982372842,206087310895,210335722219,23608542970.343094
2025-12-14,210369286759,211791509109,201123177778,203156458815,24032935718.53402
2025-12-15,203862041356,209991576880,194331839492,199780197716,19431089637.596657
2025-12-16,199862886680,203876654274,193770329865,199956560406,16415520082.375952
2025-12-17,200129202637,204716198732,188402263339,191182930003,18102566341.23682
2025-12-18,191531846283,198439138581,182817259209,186372072142,19738811481.989124
2025-12-19,186613079136,200822754958,184155392639,198047491096,19712869928.938843
2025-12-20,198067207095,204445451824,194830453260,200241746192,13184623221.720957
2025-12-21,200253442880,204191967632,193905391907,198982292333,16587869788.204365
2025-12-22,198986439624,204753012336,194499163054,198587285050,20108135588.629375
2025-12-23,198685366739,200869099799,190587179694,194595507256,13992791449.614887
2025-12-24,194775005240,198585114237,190091181133,195638762357,14452884961.021774
2025-12-25,195776320308,200472057075,192215819815,194438752481,11216932252.618252
2025-12-26,194500260441,201846473982,192836121944,197954038845,12766101761.83439
2025-12-27,198560872591,206148732144,197003261745,204495205547,8085626406.134996
2025-12-28,204573551753,208828107966,200953678279,205061205471,8761935446.39012
2025-12-29,204561701671,209942224692,198985388787,201153838810,14980494233.411694
2025-12-30,201146919670,205499176258,198101463699,202211704773,11922438633.517847
2025-12-31,202611696574,205542528184,197138982739,200262106484,14049499076.220697
2026-01-01,200447366574,209795828503,197660318026,206346962496,10852924489.648445
2026-01-02,206398782803,216313430222,202882917301,212690591404,20007022570.33348
2026-01-03,212774647281,221256254746,209338839420,217269094586,14124400010.31519
2026-01-04,217294982408,226010583272,214156157328,220858097567,16599886923.15602
2026-01-05,221051161547,231344225600,216646229543,226059787762,22610536373.76185
2026-01-06,226108730459,233841098078,218862687483,227067249520,25845541734.525864
2026-01-07,227109865567,229228509813,217029132559,219773510003,19331010414.386658
2026-01-08,219695682401,224337230680,211330755905,216637501509,18381221144.136562
2026-01-09,216647134494,221780384671,212335475114,215736263870,15357672270.737034
2026-01-10,215868349508,219427086237,211498889663,214904307598,8499655763.472882
2026-01-11,214973996113,222009173003,212171652525,217602290246,9963880460.316689
2026-01-12,217613020130,224927271635,211587300149,216412285745,16817231195.874498
2026-01-13,216145461813,231194603707,214191872551,227518406641,21132492043.98178
2026-01-14,227521654951,236304239378,221957965003,226963344462,24352800610.097286
2026-01-15,227231227040,230975242080,216448661340,220434749666,19676439848.574936
2026-01-16,220677135034,224969125568,214597195354,220061555878,15066077386.918013
2026-01-17,220319091243,224448503336,216529666110,219086357260,9660509140.692097
2026-01-18,219162532663,222666625407,210987596397,212557894312,10274318540.779043
2026-01-19,213319326017,216658653039,199435584183,210264578752,20057694575.122288
2026-01-20,210263391521,212421246532,197538241856,200008009839,20408923109.153408
2026-01-21,200063299816,210326490861,197663445672,205316216435,22734363353.319675
2026-01-22,205402492180,210360810646,201303441685,204877263231,14847080541.159843
2026-01-23,205873301009,211701264756,202497379725,206692138019,20844238746.351772
2026-01-24,207218070685,211195930165,204692978867,207672576489,10202720149.71781
2026-01-25,207943881157,209329135288,195707237022,198478872427,14459761524.574932
2026-01-26,199780530449,208953298735,198458009204,205555624518,17164675991.003782
2026-01-27,205532087283,212720871826,201780818449,210145266329,24604433328.921783
2026-01-28,210375116164,216251469338,206250710588,210850835830,16240816755.296356
2026-01-29,210931421114,212933607777,196483608730,201338768689,28216699909.16477
2026-01-30,201292144370,203840559521,191194484265,197220588465,23772315775.01827
2026-01-31,197296404824,199857391155,173838923192,186150037219,22396705170.60593
2026-02-01,186129981981,189928959071,176388132373,181215288334,15814166004.864317
2026-02-02,181249148458,191202277458,175732002959,186808405563,22438546934.61289
2026-02-03,187112762360,192557366767,178097253506,184123709875,19510034289.03505
2026-02-04,182922465038,187819894251,177068251171,181541526599,17948297451.76374
2026-02-05,181523253649,183093598422,157335819849,159534161800,29922295294.780876
2026-02-06,159749762447,179316067020,149665845128,174003406840,28160005206.440228
2026-02-07,174260455413,178349955987,168417512448,173403396835,14534111061.237041
2026-02-08,173394252592,177513006908,168963707285,172659673872,9338789395.679434
2026-02-09,172783132544,176537304645,167302657105,172674262416,12616389218.206356
2026-02-10,172767290461,175906717190,166654786594,170258189882,10943604601.912619
2026-02-11,170214028399,174123984204,163125958060,167431960332,14654006237.222092
2026-02-12,167379330879,173998124369,164576133881,169398138019,12611808255.27892
2026-02-13,169361846351,178467483270,165900512543,175353118929,11916290219.28533
2026-02-14,175416837820,185873809312,174024008507,182492952353,11555670342.916637
2026-02-15,182620818546,185656613176,173801021104,176847663815,12622029236.18313
2026-02-16,176838575061,181113349162,173320698734,178062553749,10810461558.366222
2026-02-17,178023643725,180794027703,173215838997,176714502348,11256610035.244637
2026-02-18,176701641636,180613675298,171017326479,173204761269,10120517294.395985
2026-02-19,173113252746,175620299862,168328330456,172277141295,9969018995.167397
2026-02-20,172450477538,177776117454,169483349158,174759347616,12332423579.262432
2026-02-21,174804547702,178501088049,172276810963,174193731366,7973182613.372279
2026-02-22,174150186521,175646524179,168906147461,171299905006,7539251693.520154
2026-02-23,170942831958,172767557666,162209548913,165362907054,15462330523.1216
2026-02-24,165268778524,168785075506,161120368143,165767806613,11686073202.694143
2026-02-25,165878576980,180820621179,164652620705,174817440029,17735713033.462605
2026-02-26,175012541446,178914214417,169413011294,173504971131,17114726088.205145
2026-02-27,173713460001,177953826679,167549295902,170322491119,14116081979.530497
2026-02-28,170280775782,174419013869,162496590452,172192406174,16425752192.700388
2026-03-01,172289892449,176842554663,166539776811,169435039356,14799811636.341309
2026-03-02,169717408158,177163214639,167109287794,172470603911,17498260256.439453
2026-03-03,172707442647,174899898529,167125953571,171006156302,17212908842.200024
2026-03-04,171018661067,179799280684,168616940562,175467912178,17366495900.934032
2026-03-05,175452250296,179792786764,170690043694,174308580785,14609519912.398863
2026-03-06,174303541879,177083976961,168159148512,170912365591,12786515446.673037
2026-03-07,170868587825,172825523719,167508955864,169292760320,7933030872.280017
2026-03-08,169306640038,171666261525,165123022535,167269883852,8704079690.786806
2026-03-09,167221400702,174741670561,166247646158,171166074645,12439041330.200216
2026-03-10,171160730393,177758256089,169659939033,173084983358,12840139278.94079
2026-03-11,173172947721,177543428652,170506900227,174114888519,11242049725.837074
2026-03-12,174170348786,177972756266,171304604133,175735523287,11140713031.053228
2026-03-13,175679870210,183078964159,173204675781,176032143123,16497248404.188108
2026-03-14,176096486964,179437124801,173328407707,176929013412,8693768360.463202
2026-03-15,176951548387,181035958192,174659897562,178980854877,10153170725.56857
2026-03-16,178761751446,188512819553,177136483576,185910233523,17809193057.93014
2026-03-17,185912765480,188700447333,180751653029,183533827184,13487807833.858425
2026-03-18,183683686967,187013200079,175272471616,178645755150,14359173961.525738
2026-03-19,178611985800,180566019527,171857517356,174774297651,13452515695.335676
2026-03-20,174749616025,179126771825,172166375221,175631374449,13505625302.84669
2026-03-21,175647470510,178028991303,171735697303,173013003320,7042325311.459307
2026-03-22,173031162243,175662552553,168675018216,171098251634,10311700737.653828
2026-03-23,171053017958,178568323063,168305770643,175195700877,17468359477.932117
2026-03-24,176768084888,181027680493,172087985973,177653328684,13858707615.39457
2026-03-25,177594159917,184427077197,175340665772,179931572659,13908168862.454344
2026-03-26,179899258646,181258119907,171511246987,174317624188,12937068794.222292
2026-03-27,174416552105,176649628149,168124753258,170261288009,11866080572.647482
2026-03-28,170235207747,175651965188,168207602866,171874787299,8106660461.932536
2026-03-29,172085411811,174228223590,167049682761,169934725297,7334789986.836302
2026-03-30,170015965272,176207580058,168354196442,171052881833,10711769693.292063
2026-03-31,170959565034,176386263288,167912812494,172919628956,12201326891.101528
2026-04-01,173022537432,177388832872,170696083753,173252568152,11732557319.50736
2026-04-02,173258436951,175281683089,168140337271,169341482143,12228182799.995079
